STATION_NUMBER,STATION_NAME,LOCATION,LAT,LON,DRAINAGE_AREA_GROSS,DRAINAGE_AREA_EFFECT,RHBN
01AA002,DAAQUAM (RIVIERE) EN AVAL DE LA RIVIERE SHIDGEL,QC,46.557498931884766,-70.08110809326172,598.0,,0
01AD001,MADAWASKA (RIVIERE) A 6 KM EN AVAL DU BARRAGE TEMISCOUATA,QC,47.5483283996582,-68.63639068603516,2690.0,,0
01AD002,SAINT JOHN RIVER AT FORT KENT,ME,47.258060455322266,-68.59583282470703,14700.0,,1
01AD003,ST. FRANCIS RIVER AT OUTLET OF GLASIER LAKE,NB,47.206581115722656,-68.95555114746094,1350.0,,1
01AD004,SAINT JOHN RIVER AT EDMUNDSTON,NB,47.36077880859375,-68.32489013671875,15500.0,,0
01AD005,MADAWASKA (RIVIERE) AU RESERVOIR TEMISCOUATA,QC,47.570560455322266,-68.64305877685547,2590.0,,0
01AD008,LONG (LAC) PRES DE LES ETROITS,QC,47.39083099365234,-68.89833068847656,108.0,,0
01AD009,CABANO (RIVIERE) AU LAC LONG,QC,47.46443939208984,-69.00193786621094,172.0,,0
01AD012,SAINT-FRANCOIS (RIVIERE) EN AVAL DU LAC SAINT-FRANCOIS,QC,47.7247200012207,-69.28333282470703,58.59999847412109,,0
01AD013,SAINT-FRANCOIS (RIVIERE) EN AVAL DU LAC SAINT-FRANCOIS,QC,47.71916961669922,-69.28388977050781,59.79999923706055,,0
01AD014,POHENEGAMOOK (LAC) A ESTCOURT,QC,47.459999084472656,-69.2255630493164,389.0,,0
01AD015,MADAWASKA (RIVIERE) A 6 KM EN AVAL DU BARRAGE TEMISCOUATA,QC,47.53850173950195,-68.591796875,2712.0,,0
01AE001,FISH RIVER NEAR FORT KENT,ME,47.23749923706055,-68.58277893066406,2260.0,,0
01AF002,SAINT JOHN RIVER AT GRAND FALLS,NB,47.03889083862305,-67.7397232055664,21900.0,,0
01AF003,GREEN RIVER NEAR RIVIERE-VERTE,NB,47.334999084472656,-68.13500213623047,1150.0,,0
01AF006,BLACK BROOK NEAR ST-ANDRE-DE-MADAWASKA,NB,47.09138870239258,-67.73139190673828,14.199999809265137,,0
01AF007,GRANDE RIVIERE AT VIOLETTE BRIDGE,NB,47.24697113037109,-67.92127990722656,339.0,,0
01AF008,SAINT JOHN RIVER AT THE FALLS AT GRAND FALLS,NB,47.0513916015625,-67.73860931396484,,,0
01AF009,IROQUOIS RIVER AT MOULIN MORNEAULT,NB,47.45782852172852,-68.35682678222656,182.0,,0
01AF010,GREEN RIVER AT DEUXIEME SAULT,NB,47.47055816650391,-68.23555755615234,1030.0,,0
01AF011,LITTLE RIVER NEAR GRAND FALLS,NB,47.07194137573242,-67.70777893066406,380.0,,0
01AG002,LIMESTONE STREAM AT FOUR FALLS,NB,46.82833099365234,-67.74305725097656,199.0,,0
01AG003,AROOSTOOK RIVER NEAR TINKER,NB,46.81636047363281,-67.75196838378906,6060.0,,0
01AH001,TOBIQUE RIVER AT ARTHURETTE,NB,46.796669006347656,-67.48139190673828,4140.0,,0
01AH002,TOBIQUE RIVER AT RILEY BROOK,NB,47.17303085327149,-67.21080780029297,2230.0,,0
01AH003,TOBIQUE RIVER AT PLASTER ROCK,NB,46.90499877929688,-67.3949966430664,3130.0,,0
01AH004,TOBIQUE RIVER AT NARROWS,NB,46.79167175292969,-67.6833267211914,4330.0,,0
01AH005,MAMOZEKEL RIVER NEAR CAMPBELL RIVER,NB,47.25083160400391,-67.14221954345703,230.0,,0
01AJ001,SAINT JOHN RIVER NEAR EAST FLORENCEVILLE,NB,46.470001220703125,-67.5897216796875,34200.0,,0
01AJ002,SAINT JOHN RIVER AT WOODSTOCK,NB,46.15639114379883,-67.5736083984375,,,0
01AJ003,MEDUXNEKEAG RIVER NEAR BELLEVILLE,NB,46.21622085571289,-67.72794342041016,1210.0,,0
01AJ004,BIG PRESQUE ISLE STREAM AT TRACEY MILLS,NB,46.438358306884766,-67.73844146728516,484.0,,1
01AJ005,SAINT JOHN RIVER AT HARTLAND,NB,46.30611038208008,-67.53250122070312,,,0
01AJ006,HOLMES BROOK AT MOOSE MOUNTAIN,NB,46.6127815246582,-67.61055755615234,7.769999980926514,,0
01AJ007,HOLMES BROOK NEAR HOLMESVILLE,NB,46.57611083984375,-67.59528350830078,31.299999237060547,,0
01AJ008,SAINT JOHN RIVER AT HARTLAND SALMON POOL,NB,46.2983283996582,-67.52916717529297,,,0
01AJ009,SAINT JOHN RIVER AT SIMONDS,NB,46.337501525878906,-67.55528259277344,35000.0,,0
01AJ010,BECAGUIMEC STREAM AT COLDSTREAM,NB,46.34088897705078,-67.4651107788086,350.0,,1
01AJ011,COLD STREAM AT COLDSTREAM,NB,46.34222030639648,-67.46916961669922,156.0,,0
01AJ012,SAINT JOHN RIVER AT BEECHWOOD GENERATING STATION,NB,46.540000915527344,-67.67111206054688,33700.0,,0
01AJ013,LITTLE PRESQUE ISLE STREAM NEAR WATERVILLE,NB,46.272220611572266,-67.56999969482422,130.0,,0
01AK001,SHOGOMOC STREAM NEAR TRANS CANADA HIGHWAY,NB,45.94353103637695,-67.32035827636719,234.0,,1
01AK002,SAINT JOHN RIVER AT POKIOK,NB,45.96667098999024,-67.24166870117188,38900.0,,0
01AK003,SAINT JOHN RIVER AT FREDERICTON,NB,45.966190338134766,-66.651611328125,,,0
01AK004,SAINT JOHN RIVER BELOW MACTAQUAC,NB,45.96221923828125,-66.8308334350586,39900.0,,0
01AK005,MIDDLE BRANCH NASHWAAKSIS STREAM NEAR ROYAL ROAD,NB,46.03499984741211,-66.7013931274414,26.899999618530277,,0
01AK006,MIDDLE BRANCH NASHWAAKSIS STREAM AT SANDWITH'S FARM,NB,46.08280944824219,-66.7330322265625,5.699999809265137,,0
01AK007,NACKAWIC STREAM NEAR TEMPERANCE VALE,NB,46.04877853393555,-67.23960876464844,240.0,,0
01AK008,EEL RIVER NEAR SCOTT SIDING,NB,45.936668395996094,-67.54694366455078,531.0,,0
01AK009,SAINT JOHN RIVER AT MACTAQUAC GENERATING STATION,NB,45.956668853759766,-66.8647232055664,,,0
01AK010,SAINT JOHN RIVER AT MACTAQUAC GENERATING STATION,NB,45.956668853759766,-66.8647232055664,39900.0,,0
01AL001,NASHWAAK RIVER AT PENNIAC,NB,46.00917053222656,-66.58306121826172,1660.0,,0
01AL002,NASHWAAK RIVER AT DURHAM BRIDGE,NB,46.125919342041016,-66.61131286621094,1450.0,,0
01AL003,HAYDEN BROOK NEAR NARROWS MOUNTAIN,NB,46.29888916015625,-67.03694152832031,6.480000019073486,,0
01AL004,NARROWS MOUNTAIN BROOK NEAR NARROWS MOUNTAIN,NB,46.27716827392578,-67.02139282226562,3.890000104904175,,1
01AL005,"NARROWS MOUNTAIN BROOK, BRANCH NO.1, NEAR NARROWS MOUNTAIN",NB,46.27693939208984,-67.04360961914062,0.800000011920929,,0
01AL006,"NARROWS MOUNTAIN BROOK, BRANCH NO.2, NEAR NARROWS MOUNTAIN",NB,46.27693939208984,-67.04332733154297,0.9100000262260436,,0
01AL007,"NARROWS MOUNTAIN BROOK, BRANCH NO.3, NEAR NARROWS MOUNTAIN",NB,46.279441833496094,-67.03639221191406,0.4099999964237213,,0
01AL008,NASHWAAK RIVER AT STANLEY,NB,46.28305816650391,-66.73750305175781,641.0,,0
01AM001,NORTH BRANCH OROMOCTO RIVER AT TRACY,NB,45.67377853393555,-66.68289184570312,557.0,,0
01AN001,CASTAWAY STREAM NEAR CASTAWAY,NB,46.2983283996582,-65.7119369506836,34.400001525878906,,0
01AN002,SALMON RIVER AT CASTAWAY,NB,46.29072189331055,-65.72274780273438,1050.0,,0
01AO001,SAINT JOHN RIVER AT OROMOCTO,NB,45.855560302734375,-66.47222137451172,,,0
01AO002,SAINT JOHN RIVER AT MAUGERVILLE,NB,45.86647033691406,-66.45317077636719,,,0
01AO003,GRAND LAKE AT NEWCASTLE CREEK,NB,46.056888580322266,-66.00321960449219,,,0
01AO004,JEMSEG RIVER AT JEMSEG,NB,45.82891845703125,-66.11541748046875,,,0
01AO009,BURPEE MILLSTREAM NEAR FERNMOUNT,NB,45.956668853759766,-66.31139373779297,93.1999969482422,,0
01AO010,FRENCH LAKE AT LAKEVILLE CORNER,NB,45.90882873535156,-66.25643920898438,,,0
01AO011,SAINT JOHN RIVER AT UPPER GAGETOWN,NB,45.84725189208984,-66.23486328125,,,0
01AO012,SAINT JOHN RIVER AT GAGETOWN,NB,45.76866912841797,-66.1403579711914,,,0
01AP001,KENNEBECASIS RIVER AT NORTON,NB,45.63582992553711,-65.70166778564453,1210.0,,0
01AP002,CANAAN RIVER AT EAST CANAAN,NB,46.07236099243164,-65.36638641357422,668.0,,1
01AP003,SAINT JOHN RIVER AT OAK POINT,NB,45.5194206237793,-66.07660675048828,,,0
01AP004,KENNEBECASIS RIVER AT APOHAQUI,NB,45.70138931274414,-65.60169219970703,1100.0,,1
01AP005,SAINT JOHN RIVER AT SAINT JOHN,NB,45.27394104003906,-66.0882797241211,,,0
01AP006,NEREPIS RIVER NEAR FOWLERS CORNER,NB,45.5034408569336,-66.3189697265625,293.0,,0
01AP009,PARLEE BROOK BELOW ARNOLDS BRIDGE,NB,45.67250061035156,-65.41832733154297,35.400001525878906,,0
01AP010,OTNABOG STREAM ABOVE OTNABOG LAKE,NB,45.70550155639648,-66.19200134277344,,,0
01AQ001,LEPREAU RIVER AT LEPREAU,NB,45.16978073120117,-66.46827697753906,239.0,,1
01AQ002,MAGAGUADAVIC RIVER AT ELMCROFT,NB,45.27357864379883,-66.8086929321289,1420.0,,0
01AQ003,WEST MUSQUASH RIVER AT MUSQUASH,NB,45.18806076049805,-66.35166931152344,210.0,,0
01AQ004,EAST MUSQUASH RIVER AT MUSQUASH,NB,45.20471954345703,-66.32611083984375,179.0,,0
01AQ005,MAGAGUADAVIC RIVER AT SECOND FALLS,NB,45.23167037963867,-66.84333038330078,1540.0,,0
01AQ006,LITTLE LEPREAU RIVER NEAR LEPREAU,NB,45.1391716003418,-66.44833374023438,38.29999923706055,,0
01AQ007,MAGAGUADAVIC LAKE NEAR UPPER MAGAGUADAVIC,NB,45.7197494506836,-67.18356323242188,,,0
01AQ008,PISKAHEGAN STREAM NEAR PLEASANT MOUNTAIN,NB,45.418060302734375,-66.8869400024414,197.0,,0
01AQ009,LAKE UTOPIA AT CANAL,NB,45.1602783203125,-66.8277816772461,,,0
01AR001,DENNIS STREAM AT MOORES MILLS,NB,45.292781829833984,-67.272216796875,62.20000076293945,,0
01AR002,EEL BROOK NEAR NORTH HEAD,NB,44.79138946533203,-66.78138732910156,2.8499999046325684,,0
01AR003,ST. CROIX RIVER NEAR BAILEYVILLE,NB,45.265281677246094,-67.47666931152344,3420.0,,0
01AR004,ST. CROIX RIVER AT VANCEBORO,ME,45.56888961791992,-67.42971801757812,1080.0,,0
01AR005,ST. CROIX RIVER AT BARING,ME,45.13666915893555,-67.31806182861328,3550.0,,0
01AR006,DENNIS STREAM NEAR ST. STEPHEN,NB,45.20903015136719,-67.26215362548828,115.0,,0
01AR007,BOCABEC RIVER AT OUTLET OF KERR LAKE,NB,45.20750045776367,-67.01943969726562,12.399999618530272,,0
01AR008,BOCABEC RIVER ABOVE TIDE,NB,45.19306182861328,-66.99889373779297,43.0,,0
01AR009,GRAND LAKE AT FOREST CITY,ME,45.66489028930664,-67.73589324951172,,,0
01AR010,SPEDNIC LAKE AT ST. CROIX,NB,45.56922149658203,-67.42725372314453,,,0
01AR011,FOREST CITY STREAM BELOW FOREST CITY DAM,ME,45.66416931152344,-67.73355865478516,357.0,,0
01AR012,CHAMCOOK STREAM AT LITTLE CHAMCOOK LAKE OUTLET,NB,45.15721893310547,-67.09610748291016,,,0
01AR013,GRAND FALLS FLOWAGE AT GRAND FALLS,ME,45.274322509765625,-67.4796371459961,,,0
01AR014,ST. CROIX RIVER AT MILLTOWN DAM,NB,45.17522048950195,-67.29290008544922,,,0
01BA001,RESTIGOUCHE RIVER ABOVE KEDGWICK RIVER,NB,47.65639114379883,-67.49417114257812,1570.0,,0
01BC001,RESTIGOUCHE RIVER BELOW KEDGWICK RIVER,NB,47.66707992553711,-67.48307800292969,3160.0,,1
01BD001,MATAPEDIA (RIVIERE) EN AMONT DE LA RIVIERE ASSEMETQUAGAN,QC,48.08443832397461,-67.0986099243164,2770.0,,0
01BD002,MATAPEDIA (RIVIERE) EN AMONT DE LA RIVIERE ASSEMETQUAGAN,QC,48.086669921875,-67.1005630493164,2760.0,,0
01BD004,MATAPEDIA (LAC) A VAL-BRILLANT,QC,48.53388977050781,-67.54556274414062,558.0,,0
01BD005,LAC AU SAUMON,QC,48.42110824584961,-67.32417297363281,1210.0,,0
01BD008,MATAPEDIA (RIVIERE) PRES DE AMQUI,QC,48.49166870117188,-67.44999694824219,558.0,,0
01BD009,MATAPEDIA (RIVIERE) A 4 KM EN AMONT DE L'ASSEMETQUAGAN,QC,48.1078987121582,-67.13020324707031,2756.0,,0
01BE001,UPSALQUITCH RIVER AT UPSALQUITCH,NB,47.83246994018555,-66.88707733154297,2270.0,,1
01BF001,NOUVELLE (RIVIERE) AU PONT,QC,48.15721893310547,-66.34944152832031,1140.0,,0
01BF002,NOUVELLE (RIVIERE) EN AVAL DU PONT,QC,48.13555908203125,-66.31944274902344,1160.0,,0
01BF003,NOUVELLE (RIVIERE) EN AMONT DU PONT,QC,48.16167068481445,-66.38027954101562,867.0,,0
01BF004,"NOUVELLE (RIVIERE) A 0,2 KM EN AMONT DU PONT-ROUTE 132 A NOUVELLE",QC,48.15879821777344,-66.34880065917969,1139.0,,0
01BG001,CASCAPEDIA (PETITE RIVIERE) EN AMONT DU PONT,QC,48.18917083740234,-65.81194305419922,1390.0,,0
01BG002,BONAVENTURE (RIVIERE) EN AMONT DU PONT,QC,48.09999847412109,-65.461669921875,2150.0,,0
01BG003,CASCAPEDIA (RIVIERE) EN AVAL DU LAC CASCAPEDIA,QC,48.66638946533203,-66.18943786621094,1480.0,,0
01BG004,CASCAPEDIA (RIVIERE) EN AMONT DE LA RIVIERE ANGERS,QC,48.317779541015625,-65.97250366210938,2400.0,,0
01BG005,CASCAPEDIA (RIVIERE) EN AVAL DU RUISSEAU BERRY,QC,48.62833023071289,-66.16806030273438,1680.0,,0
01BG006,BASTIEN (RUISSEAU) EN AMONT DU PONT,QC,48.10971832275391,-66.12693786621094,12.399999618530272,,0
01BG007,CHALEURS (BAIE DES) A CARLETON,QC,48.09027862548828,-66.1161117553711,,,0
01BG008,CASCAPEDIA (PETITE RIVIERE) A SAINT-EDGAR,QC,48.23083114624024,-65.73500061035156,1340.0,,0
01BG009,BONAVENTURE (RIVIERE) EN AMONT DU RUISSEAU CREUX,QC,48.18611145019531,-65.55860900878906,1910.0,,0
01BG010,CASCAPEDIA (PETITE RIVIERE) A 0.9 KM RIVE DROITE AVAL  PONT-ROUTE A SAINT-EDGAR,QC,48.2322998046875,-65.73410034179688,1340.0,,0
01BH001,DARTMOUTH (RIVIERE) PRES DE CORTEREAL,QC,48.93305969238281,-64.63555908203125,748.0,,0
01BH002,YORK (RIVIERE) A SUNNY BANK,QC,48.834171295166016,-64.625,1010.0,,0
01BH003,PORPHYRE (RUISSEAU),QC,48.945831298828125,-65.48944091796875,30.200000762939453,,0
01BH005,DARTMOUTH (RIVIERE) EN AMONT DU RUISSEAU DU PAS DE DAME,QC,48.97972106933594,-64.6986083984375,645.0,,1
01BH007,GRANDE-RIVIERE OUEST (LA),QC,48.47777938842773,-64.52861022949219,534.0,,0
01BH008,SAINT-JEAN (RIVIERE),QC,48.771671295166016,-64.52139282226562,1090.0,,0
01BH009,YORK RIVIERE) EN AMONT DU RUISSEAU D'ARGENT,QC,48.831668853759766,-64.68499755859375,972.0,,0
01BH010,"YORK (RIVIERE) A 1,4 KM EN AVAL DU RUISSEAU DINNER ISLAND",QC,48.806671142578125,-64.92111206054688,659.0,,0
01BH011,YORK (RIVIERE) EN AVAL DU RUISSEAU DES ETROITS,QC,48.7983283996582,-64.9477767944336,637.0,,0
01BH012,SAINT-JEAN (RIVIERE) EN AMONT DU PONT-ROUTE 132,QC,48.768890380859375,-64.51499938964844,1090.0,,0
01BJ001,TETAGOUCHE RIVER NEAR WEST BATHURST,NB,47.65583038330078,-65.69361114501953,363.0,,0
01BJ002,EEL RIVER AT EEL RIVER CROSSING,NB,48.0130615234375,-66.42333221435547,100.0,,0
01BJ003,JACQUET RIVER NEAR DURHAM CENTRE,NB,47.8938102722168,-66.02522277832031,510.0,,1
01BJ004,EEL RIVER NEAR EEL RIVER CROSSING,NB,48.01443862915039,-66.4383316040039,88.5999984741211,,0
01BJ006,LITTLE RIVER AT CARROLL'S FARM,NB,47.567501068115234,-65.70194244384766,,,0
01BJ007,RESTIGOUCHE RIVER ABOVE RAFTING GROUND BROOK,NB,47.908668518066406,-66.94805908203125,7740.0,,0
01BJ008,MILLSTREAM RIVER AT ROBERTVILLE,NB,47.70222091674805,-65.7763900756836,105.0,,0
01BJ009,WALKER BROOK AT CAMPBELLTON,NB,47.988059997558594,-66.69693756103516,60.79999923706055,,0
01BJ010,MIDDLE RIVER NEAR BATHURST,NB,47.60839080810547,-65.72180938720703,217.0,,0
01BJ011,NIGADOO RIVER NEAR ALCIDA,NB,47.7400016784668,-65.81278228759766,123.0,,0
01BJ012,EEL RIVER NEAR DUNDEE,NB,47.98788833618164,-66.49060821533203,43.20000076293945,,0
01BK001,NEPISIGUIT RIVER AT BATHURST MINES,NB,47.38888931274414,-65.82721710205078,1810.0,,0
01BK002,NEPISIGUIT RIVER AT NEPISIGUIT NARROWS,NB,47.3619384765625,-65.84500122070312,1790.0,,0
01BK003,NEPISIGUIT RIVER AT NEPISIGUIT FALLS,NB,47.40666961669922,-65.79499816894531,1840.0,,0
01BK004,NEPISIGUIT RIVER NEAR PABINEAU FALLS,NB,47.49443817138672,-65.68055725097656,2090.0,,0
01BK005,FORTY MILE BROOK AT CARIBOU DEPOT,NB,47.567779541015625,-66.28500366210938,14.199999809265137,,0
01BK006,FORTY MILE BROOK (WEST BRANCH) AT CARIBOU DEPOT,NB,47.55944061279297,-66.27832794189453,13.0,,0
01BL001,BASS RIVER AT BASS RIVER,NB,47.650001525878906,-65.5777816772461,175.0,,0
01BL002,RIVIERE CARAQUET AT BURNSVILLE,NB,47.70560836791992,-65.15538787841797,173.0,,1
01BL003,BIG TRACADIE RIVER AT MURCHY BRIDGE CROSSING,NB,47.4357795715332,-65.1060562133789,383.0,,0
01BO001,SOUTHWEST MIRAMICHI RIVER AT BLACKVILLE,NB,46.73600006103516,-65.82560729980469,5050.0,,1
01BO002,RENOUS RIVER AT MCGRAW BROOK,NB,46.821388244628906,-66.1147232055664,611.0,,0
01BO003,BARNABY RIVER BELOW SEMIWAGAN RIVER,NB,46.88861083984375,-65.5955581665039,484.0,,0
01BO004,BARTIBOG RIVER BELOW HIGHWAY NO. 8,NB,47.19083023071289,-65.39749908447266,316.0,,0
01BP001,LITTLE SOUTHWEST MIRAMICHI RIVER AT LYTTLETON,NB,46.93597030639648,-65.90738677978516,1340.0,,1
01BP002,CATAMARAN BROOK AT REPAP ROAD BRIDGE,NB,46.85655975341797,-66.19010925292969,28.700000762939453,,0
01BQ001,NORTHWEST MIRAMICHI RIVER AT TROUT BROOK,NB,47.0947494506836,-65.83650207519531,948.0,,1
01BQ002,LITTLE SOUTH BRANCH TOMOGONOPS RIVER AT FRESH WATER POND,NB,47.29528045654297,-66.06500244140625,,,0
01BQ003,LITTLE SOUTH BRANCH TOMOGONOPS RIVER BELOW B PIT,NB,47.29111099243164,-66.04277801513672,,,0
01BQ006,SOUTH BRANCH TOMOGONOPS RIVER NEAR HEATH STEEL MINES,NB,47.25471878051758,-65.96721649169922,,,0
01BQ007,TOMOGONOPS RIVER AT THE MOUTH,NB,47.23305892944336,-65.83611297607422,158.0,,0
01BR001,KOUCHIBOUGUAC RIVER NEAR VAUTOUR,NB,46.74332809448242,-65.20471954345703,177.0,,0
01BS001,COAL BRANCH RIVER AT BEERSVILLE,NB,46.443939208984375,-65.06494140625,166.0,,1
01BT001,KINNEAR RIVER NEAR HAUTE-ABOUJAGANE,NB,46.15277862548828,-64.38500213623047,32.099998474121094,,0
01BU001,PETITCODIAC RIVER NEAR SALISBURY,NB,46.01667022705078,-65.0666732788086,746.0,,0
01BU002,PETITCODIAC RIVER NEAR PETITCODIAC,NB,45.946388244628906,-65.1681900024414,391.0,,1
01BU003,TURTLE CREEK AT TURTLE CREEK,NB,45.95949935913086,-64.87799835205078,129.0,,0
01BU004,PALMERS CREEK NEAR DORCHESTER,NB,45.8872184753418,-64.51638793945312,34.20000076293945,,0
01BU005,HAYWARD BROOK SITE NO. 1 NEAR PETITCODIAC,NB,45.86528015136719,-65.1580581665039,4.300000190734863,,0
01BU006,HAYWARD BROOK SITE NO. 4 NEAR PETITCODIAC,NB,45.87805938720703,-65.18055725097656,1.3700000047683716,,0
01BU007,HAYWARD BROOK SITE NO. 5 NEAR PETITCODIAC,NB,45.87139129638672,-65.18499755859375,6.489999771118164,,0
01BU008,HAYWARD BROOK SITE NO. 6 NEAR PETITCODIAC,NB,45.8730583190918,-65.18778228759766,2.3399999141693115,,0
01BU009,HOLMES BROOK SITE NO. 9 NEAR PETITCODIAC,NB,45.88785934448242,-65.14678192138672,6.199999809265137,,0
01BU013,PETITCODIAC RIVER ABOVE TURTLE CREEK,NB,46.04806137084961,-64.89611053466797,,,0
01BU014,PETITCODIAC RIVER AT DOVER,NB,45.9900016784668,-64.6833267211914,,,0
01BU015,PETITCODIAC RIVER NEAR BEAUMONT,NB,45.87139129638672,-64.56639099121094,,,0
01BV001,MISPEC STREAM AT BLACK RIVER ROAD CROSSING,NB,45.27027893066406,-65.89527893066406,137.0,,0
01BV002,KINNIE BROOK AT FUNDY NATIONAL PARK,NB,45.61167144775391,-64.96333312988281,6.480000019073486,,0
01BV003,UPPER SALMON RIVER AT ALMA,NB,45.61000061035156,-64.95832824707031,181.0,,0
01BV004,BLACK RIVER AT GARNET SETTLEMENT,NB,45.30657958984375,-65.8492202758789,40.400001525878906,,0
01BV005,RATCLIFFE BROOK BELOW OTTER LAKE,NB,45.36777877807617,-65.8116683959961,29.299999237060547,,0
01BV006,POINT WOLFE RIVER AT FUNDY NATIONAL PARK,NB,45.55855941772461,-65.0159683227539,130.0,,1
01BV007,UPPER SALMON RIVER NEAR ALMA,NB,45.61111068725586,-64.95610809326172,181.0,,0
01BV008,BIG SALMON RIVER NEAR ST. MARTINS,NB,45.42417144775391,-65.41166687011719,287.0,,0
01BV009,IMPOUNDMENT B AT NEW HORTON,NB,45.6974983215332,-64.69471740722656,0.5,,0
01BV010,DICKSON BROOK AT FUNDY NATIONAL PARK,NB,45.5914192199707,-64.95706176757812,8.8100004196167,8.8100004196167,0
01CA001,CARRUTHERS BROOK NEAR HOWLAN,PE,46.73527908325195,-64.2249984741211,38.79999923706055,,0
01CA002,TROUT RIVER NEAR TYNE VALLEY,PE,46.56333160400391,-63.93999862670898,22.100000381469727,,0
01CA003,CARRUTHERS BROOK NEAR ST. ANTHONY,PE,46.74411010742188,-64.18699645996094,46.79999923706055,,1
01CA004,SMELT CREEK NEAR ELLERSLIE,PE,46.60166931152344,-63.93722152709961,17.299999237060547,,0
01CA005,MIMINEGASH RIVER AT ST. LAWRENCE,PE,46.848331451416016,-64.1977767944336,31.799999237060547,,0
01CB001,DUNK RIVER AT ROGERS MILL,PE,46.34222030639648,-63.61111068725586,98.5999984741211,,0
01CB002,DUNK RIVER AT WALL ROAD,PE,46.34585952758789,-63.633331298828125,114.0,,0
01CB003,PLAT RIVER AT SHERBROOKE,PE,46.4233283996582,-63.7772216796875,4.510000228881836,,0
01CB004,WILMOT RIVER NEAR WILMOT VALLEY,PE,46.393310546875,-63.65938949584961,45.400001525878906,,0
01CB005,NORTH BROOK NEAR WALL ROAD,PE,46.34693908691406,-63.63277816772461,12.899999618530272,,0
01CB006,EMERALD BROOK NEAR EMERALD,PE,46.35943984985352,-63.55805969238281,5.590000152587891,,0
01CB007,EAST BRANCH DUNK RIVER AT ELLIOTT,PE,46.363059997558594,-63.46332931518555,10.699999809265137,,0
01CB008,DUNK RIVER NEAR BREADALBANE,PE,46.35166931152344,-63.48833084106445,19.799999237060547,,0
01CB009,DUNK RIVER AT MCKENNA'S BRIDGE,PE,46.352500915527344,-63.54222106933594,53.09999847412109,,0
01CB010,DAMES BROOK NEAR NEWTON,PE,46.34693908691406,-63.55527877807617,16.200000762939453,,0
01CB011,DUNK RIVER ABOVE SCALES POND,PE,46.348609924316406,-63.577781677246094,80.5999984741211,,0
01CB012,ELMO RIVER NEAR SCALES POND,PE,46.3386116027832,-63.5977783203125,7.900000095367432,,0
01CB013,DUNK RIVER BELOW SCALES POND,PE,46.34333038330078,-63.61111068725586,98.5999984741211,,0
01CB014,SOUTHWEST BROOK NEAR MIDDLETON,PE,46.334720611572266,-63.63417053222656,23.399999618530277,,0
01CB015,CAPE TRAVERSE RIVER AT CARLETON,PE,46.25667190551758,-63.65555953979492,6.889999866485596,,0
01CB018,BARBARA WEIT STREAM AT CAVENDISH FARM,PE,46.4275016784668,-63.680419921875,11.600000381469728,,0
01CC001,HUNTER RIVER AT HUNTER RIVER,PE,46.35971832275391,-63.345829010009766,41.5,,0
01CC002,WINTER RIVER NEAR SUFFOLK,PE,46.332061767578125,-63.06547164916992,37.5,,0
01CC003,WINTER RIVER AT BRACKLEY WELLS PUMPING STATION,PE,46.31499862670898,-63.146671295166016,4.920000076293945,,0
01CC004,WRIGHTS CREEK NEAR AVONLEA ROAD,PE,46.27582931518555,-63.1119384765625,2.4100000858306885,,0
01CC005,WEST RIVER AT RIVERDALE,PE,46.23139190673828,-63.35108184814453,70.0999984741211,,1
01CC006,CLYDE RIVER NEAR CLYDE RIVER,PE,46.23556137084961,-63.26082992553711,26.799999237060547,,0
01CC007,CLARKS CREEK AT AUGUSTUS,PE,46.32027816772461,-62.883888244628906,39.79999923706055,,0
01CC008,GLEN FINNAN RIVER AT TARANTUM,PE,46.28749847412109,-62.95193862915039,24.0,,0
01CC009,HORNES CREEK AT MARSHFIELD,PE,46.29721832275391,-63.07806015014648,5.900000095367432,,0
01CC010,WINTER RIVER AT UNION,PE,46.31460952758789,-63.12263870239258,16.799999237060547,,0
01CC011,COLES CREEK AT MILTONVALE PUMPING STATION,PE,46.31024932861328,-63.19488906860352,6.909999847412109,,0
01CD001,MORELL RIVER AT MORELL,PE,46.32833099365234,-62.69916915893555,133.0,,0
01CD002,MORELL RIVER AT PEAKES ROAD,PE,46.317501068115234,-62.699440002441406,129.0,,0
01CD003,MORELL RIVER AT BANGOR,PE,46.36111068725586,-62.7005615234375,147.0,,0
01CD004,BOUGHTON RIVER NEAR UPTON,PE,46.341941833496094,-62.53139114379883,22.899999618530277,,0
01CD005,BEAR RIVER AT ST. MARGARETS,PE,46.45314025878906,-62.38233184814453,14.800000190734863,,0
01CE001,VERNON RIVER AT GLENCO ROAD CROSSING,PE,46.199440002441406,-62.82332992553711,16.799999237060547,,0
01CE002,MONTAGUE RIVER (NORTH BRANCH) ABOVE MONTAGUE POWERHOUSE,PE,46.14944076538086,-62.69721984863281,49.59999847412109,,0
01CE003,BRUDENELL RIVER NEAR BRUDENELL,PE,46.2005615234375,-62.64944076538086,36.0,,0
01CE004,BRUDENELL RIVER AT BRUDENELL,PE,46.20193862915039,-62.65639114379883,33.099998474121094,,0
01CE005,MONTAGUE RIVER NEAR HEAD OF MONTAGUE,PE,46.15528106689453,-62.72610855102539,44.400001525878906,,0
01CE006,CARDIGAN RIVER ABOVE CARDIGAN,PE,46.23833084106445,-62.65639114379883,21.399999618530277,,0
01DA001,METEGHAN RIVER NEAR METEGHAN RIVER,NS,44.21611022949219,-66.11721801757812,167.0,,0
01DB001,SISSIBOO RIVER NEAR WEYMOUTH,NS,44.41971969604492,-65.90693664550781,596.0,,0
01DB002,BEAR RIVER EAST BRANCH AT BEAR RIVER,NS,44.56666946411133,-65.63333129882812,193.0,,0
01DC001,ALLAIN RIVER AT LEQUILLE,NS,44.723609924316406,-65.49250030517578,148.0,,0
01DC002,NICTAUX RIVER AT NICTAUX FALLS,NS,44.9091682434082,-65.03056335449219,298.0,,0
01DC003,PARADISE BROOK NEAR PARADISE,NS,44.84333038330078,-65.18556213378906,107.0,,0
01DC005,ANNAPOLIS RIVER AT WILMOT,NS,44.94918823242188,-65.02938842773438,546.0,,0
01DC006,SOUTH ANNAPOLIS RIVER AT MILLVILLE,NS,45.00167083740234,-64.82389068603516,119.0,,0
01DC007,ANNAPOLIS RIVER AT LAWRENCETOWN,NS,44.88082885742188,-65.15792083740234,1020.0,,0
01DD001,GASPEREAU RIVER AT MARTIN'S BRIDGE,NS,45.05971908569336,-64.38194274902344,486.0,,0
01DD002,CORNWALLIS RIVER AT CAMBRIDGE STATION,NS,45.06478118896485,-64.63533020019531,90.8000030517578,,0
01DD003,GASPEREAU RIVER AT MILLRACE DIVERSION,NS,45.05971908569336,-64.38194274902344,370.0,,0
01DD004,SHARPE BROOK AT LLOYDS,NS,45.025001525878906,-64.63722229003906,8.8100004196167,,0
01DD005,NORTH BROOK AT SHEFFIELD MILLS,NS,45.15055847167969,-64.4749984741211,15.699999809265137,,0
01DE002,ST. CROIX RIVER AT HARTVILLE,NS,44.9516716003418,-64.02777862548828,287.0,,0
01DF001,KENNETCOOK RIVER AT KENNETCOOK,NS,45.17583084106445,-63.72306060791016,179.0,,0
01DG001,STEWIACKE RIVER NEAR UPPER STEWIACKE,NS,45.21527862548828,-62.99721908569336,420.0,,0
01DG002,FALL RIVER AT WAVERLEY,NS,44.806671142578125,-63.60832977294922,46.400001525878906,,0
01DG003,BEAVERBANK RIVER NEAR KINSAC,NS,44.85110855102539,-63.66389083862305,96.9000015258789,,1
01DG004,BENNERY LAKE OUTLET NEAR ENFIELD,NS,44.90293884277344,-63.55167007446289,7.510000228881836,,0
01DG006,SHUBENACADIE RIVER AT ENFIELD,NS,44.93193817138672,-63.53443908691406,389.0,,0
01DG007,SHUBENACADIE RIVER AT LAKE THOMAS,NS,44.81806182861328,-63.61360931396485,130.0,,0
01DG017,POWDER MILL LAKE BROOK NEAR WAVERLEY,NS,44.772499084472656,-63.60721969604492,26.700000762939453,,0
01DG018,PEMBROKE RIVER AT GLENBERVIE,NS,45.26499938964844,-62.94139099121094,73.30000305175781,,0
01DG019,BLACK BROOK AT OLDHAM,NS,44.91722106933594,-63.494171142578125,6.21999979019165,,0
01DG020,BENNERY BROOK SITE NO. 1,NS,44.92832946777344,-63.53667068481445,28.0,,0
01DG021,BENNERY BROOK SITE NO. 2,NS,44.91693878173828,-63.53805923461914,0.23000000417232516,,0
01DG022,BENNERY BROOK SITE NO. 3,NS,44.91611099243164,-63.54111099243164,1.350000023841858,,0
01DG023,BENNERY BROOK SITE NO. 4,NS,44.90943908691406,-63.53889083862305,7.769999980926514,,0
01DG024,BENNERY BROOK SITE NO. 6,NS,44.90943908691406,-63.53805923461914,14.5,,0
01DG025,BENNERY BROOK SITE NO. 5,NS,44.9091682434082,-63.53778076171875,2.8499999046325684,,0
01DG026,BENNERY BROOK SITE NO. 7,NS,44.90639114379883,-63.532501220703125,8.550000190734863,,0
01DG027,BENNERY BROOK SITE NO. 8,NS,44.90277862548828,-63.53166961669922,5.699999809265137,,0
01DG028,BENNERY BROOK SITE NO. 9,NS,44.89833068847656,-63.52917098999024,2.3299999237060547,,0
01DG029,BENNERY BROOK SITE NO. 10,NS,44.89305877685547,-63.5272216796875,2.5899999141693115,,0
01DG030,BENNERY BROOK SITE NO. 11,NS,44.8849983215332,-63.532501220703125,0.4900000095367432,,0
01DG031,BENNERY BROOK SITE NO. 14,NS,44.8861083984375,-63.519718170166016,1.059999942779541,,0
01DG032,BENNERY BROOK SITE NO. 12,NS,44.88277816772461,-63.52999877929688,0.3400000035762787,,0
01DG033,BENNERY BROOK SITE NO. 15,NS,44.87916946411133,-63.5252799987793,0.36000001430511475,,0
01DG035,SHUBENACADIE RIVER AT OUTLET LAKE WILLIAM,NS,44.78499984741211,-63.584171295166016,76.0999984741211,,0
01DG041,MUDDY POND BROOK AT WAVERLEY,NS,44.78916931152344,-63.61000061035156,2.5799999237060547,,0
01DG043,ST ANDREWS RIVER AT STEWIACKE,NS,45.12055969238281,-63.34278106689453,98.1999969482422,,0
01DH001,SALMON RIVER AT VALLEY,NS,45.383331298828125,-63.19694137573242,316.0,,0
01DH002,SALMON RIVER AT MURRAY,NS,45.369171142578125,-63.21543884277344,363.0,,0
01DH003,FRASER BROOK NEAR ARCHIBALD,NS,45.34305953979492,-63.168060302734375,10.100000381469728,,0
01DH004,NORTH RIVER AT NORTH RIVER,NS,45.425559997558594,-63.25471878051758,202.0,,0
01DH005,SALMON RIVER AT UNION,NS,45.39833068847656,-63.1230583190918,287.0,,0
01DH006,MCCLURES BROOK AT COBEQUID TRAIL,NS,45.358829498291016,-63.29589080810547,41.09999847412109,,0
01DJ001,GREAT VILLAGE RIVER NEAR GREAT VILLAGE,NS,45.43888854980469,-63.59806060791016,93.8000030517578,,0
01DJ003,ECONOMY RIVER NEAR ECONOMY,NS,45.41471862792969,-63.90250015258789,130.0,,0
01DJ004,FIVE ISLANDS RIVER NEAR BRITISH LAKE,NS,45.53556060791016,-64.0152816772461,8.8100004196167,,0
01DJ005,GREAT VILLAGE RIVER NEAR SCRABBLE HILL,NS,45.4382209777832,-63.59799957275391,89.0,,0
01DL001,KELLEY RIVER (MILL CREEK) AT EIGHT MILE FORD,NS,45.58681106567383,-64.45069122314453,63.20000076293945,,1
01DL002,MACCAN RIVER AT EAST SOUTHAMPTON,NS,45.59111022949219,-64.2027816772461,98.4000015258789,,0
01DN001,RIVER PHILIP AT OXFORD ELECTRIC LIGHT PLANT,NS,45.703609466552734,-63.8761100769043,370.0,,0
01DN002,RIVER PHILIP NEAR RIVER PHILIP POST OFFICE,NS,45.67082977294922,-63.896671295166016,228.0,,0
01DN003,WALLACE RIVER AT HOWARD'S MILL,NS,45.75138854980469,-63.56721878051758,394.0,,0
01DN004,WALLACE RIVER AT WENTWORTH CENTRE,NS,45.681888580322266,-63.560508728027344,298.0,,0
01DN005,WALLACE RIVER AT WENTWORTH,NS,45.66416931152344,-63.55638885498047,114.0,,0
01DN006,ROARING RIVER AT WESTCHESTER STATION,NS,45.61861038208008,-63.66416931152344,43.0,,0
01DN007,RIVER PHILIP AT COLLINGWOOD CORNER,NS,45.60749816894531,-63.93360900878906,105.0,,0
01DN008,WEST RIVER PHILIP AT COLLINGWOOD CORNER,NS,45.60667037963867,-63.93416976928711,46.900001525878906,,0
01DO001,RIVER JOHN AT WELSFORD,NS,45.728328704833984,-63.0525016784668,249.0,,0
01DP001,EAST RIVER (PICTOU) EAST BRANCH AT EUREKA,NS,45.50360870361328,-62.67694091796875,246.0,,0
01DP002,EAST RIVER (PICTOU) WEST BRANCH AT EUREKA,NS,45.4980583190918,-62.68278121948242,140.0,,0
01DP003,EAST RIVER AT STELLARTON,NS,45.54861068725586,-62.66194152832031,404.0,,0
01DP004,MIDDLE RIVER OF PICTOU AT ROCKLIN,NS,45.49739074707031,-62.78018951416016,92.1999969482422,,1
01DQ001,EAST FRENCH RIVER NEAR MERIGOMISH,NS,45.60499954223633,-62.42943954467773,69.69999694824219,,0
01DR001,SOUTH RIVER AT ST. ANDREWS,NS,45.55971908569336,-61.90364074707031,177.0,,0
01DR002,JAMES RIVER NEAR JAMES RIVER,NS,45.58055877685547,-62.10583114624024,52.09999847412109,,0
01DR003,RIGHTS RIVER NEAR ANTIGONISH,NS,45.64556121826172,-62.02082824707031,64.19999694824219,,0
01EA001,TUSKET RIVER AT TUSKET FALLS,NS,43.88138961791992,-65.97389221191406,1450.0,,0
01EA002,TUSKET RIVER (WEST BRANCH) AT REYNARD BRIDGE,NS,43.92778015136719,-65.9333267211914,337.0,,0
01EA003,TUSKET RIVER AT WILSON'S BRIDGE,NS,43.924560546875,-65.86843872070312,1070.0,,0
01EC001,ROSEWAY RIVER AT LOWER OHIO,NS,43.83736038208008,-65.36911010742188,495.0,,1
01EC002,BLUE HILL BOG BROOK NEAR JORDAN FALLS,NS,43.82833099365234,-65.19471740722656,22.799999237060547,,0
01ED001,MERSEY RIVER AT INDIAN GARDENS,NS,44.1613883972168,-65.00861358642578,1550.0,,0
01ED002,MERSEY RIVER AT LOWER GREAT BROOK FALLS,NS,44.09000015258789,-64.84583282470703,1940.0,,0
01ED003,MERSEY RIVER AT MILTON,NS,44.06666946411133,-64.76499938964844,1960.0,,0
01ED005,MERSEY RIVER BELOW GEORGE LAKE,NS,44.3331413269043,-65.205078125,723.0,,1
01ED006,KEJIMKUJIK LAKE,NS,44.38277816772461,-65.20639038085938,,,0
01ED007,MERSEY RIVER BELOW MILL FALLS,NS,44.4367790222168,-65.22186279296875,295.0,,1
01ED008,BEAVERSKIN BROOK AT BEAVERSKIN LAKE,NS,44.30500030517578,-65.33638763427734,1.090000033378601,,0
01ED009,ROGERS BROOK NEAR JAKES LANDING,NS,44.44610977172852,-65.21666717529297,8.739999771118164,,0
01ED010,ROGERS BROOK NEAR GRAFTON ROAD,NS,44.42694091796875,-65.21527862548828,1.399999976158142,,0
01ED011,"ROGERS BROOK NEAR GRAFTON ROAD, SITE  NO.2",NS,44.42778015136719,-65.21333312988281,0.5899999737739563,,0
01ED013,SHELBURNE RIVER AT POLLARD'S FALLS BRIDGE,NS,44.21541976928711,-65.24141693115234,268.0,,0
01EE001,MEDWAY RIVER AT CHARLESTON,NS,44.1733283996582,-64.66000366210938,1390.0,,0
01EE002,MEDWAY RIVER AT HARMONY MILLS,NS,44.413330078125,-65.05500030517578,342.0,,0
01EE003,HERRING COVE BROOK NEAR BROOKLYN,NS,44.06222152709961,-64.69277954101562,59.59999847412109,,0
01EE004,WESTFIELD RIVER NEAR NORTH BROOKFIELD,NS,44.40610885620117,-64.9880599975586,143.0,,0
01EE005,MOOSE PIT BROOK AT TUPPER LAKE,NS,44.46183013916016,-65.04778289794922,17.700000762939453,,1
01EE006,ROUND LAKE BROOK AT ROUND LAKE,NS,44.49388885498047,-64.9736099243164,56.5,,0
01EE007,WHITEBURN BROOK BELOW POLLOCK LAKE,NS,44.35277938842773,-65.09082794189453,9.489999771118164,,0
01EF001,LAHAVE RIVER AT WEST NORTHFIELD,NS,44.44744110107422,-64.5911865234375,1250.0,,1
01EF003,LA HAVE RIVER ABOVE MORGAN'S FALLS,NS,44.53860855102539,-64.71721649169922,728.0,,0
01EG001,GOLD RIVER NEAR CHESTER BASIN,NS,44.55778121948242,-64.32749938964844,373.0,,0
01EG002,GOLD RIVER AT MOSHER'S FALLS,NS,44.5644416809082,-64.35166931152344,370.0,,0
01EH001,NORTHEAST RIVER AT ST. MARGARET'S BAY,NS,44.70000076293945,-63.894439697265625,91.9000015258789,,0
01EH002,INDIAN RIVER AT ST. MARGARET'S BAY,NS,44.70333099365234,-63.908329010009766,176.0,,0
01EH003,EAST RIVER AT ST. MARGARETS BAY,NS,44.685001373291016,-63.87166976928711,26.899999618530277,,0
01EH006,CANAAN RIVER AT OUTLET OF CONNAUGHT LAKE,NS,44.64693832397461,-64.19389343261719,65.4000015258789,,0
01EJ001,SACKVILLE RIVER AT BEDFORD,NS,44.73152923583984,-63.660438537597656,146.0,,0
01EJ002,KEARNEY RUN AT MILLVIEW,NS,44.7138900756836,-63.68138885498047,36.0,,0
01EJ004,LITTLE SACKVILLE RIVER AT MIDDLE SACKVILLE,NS,44.76446914672852,-63.6875,13.100000381469728,,0
01EJ005,MCINTOSH RUN AT HERRING COVE ROAD,NS,44.60860824584961,-63.61693954467773,15.100000381469728,,0
01EJ006,MCINTOSH RUN AT OLD SAMBRO ROAD,NS,44.61333084106445,-63.6230583190918,13.899999618530272,,0
01EK001,MUSQUODOBOIT RIVER AT CRAWFORD FALLS,NS,44.87166976928711,-63.2216682434082,650.0,,0
01EK002,LITTLE RIVER AT PETPESWICK INLET,NS,44.78055953979492,-63.15666961669922,52.29999923706055,,0
01EK003,MUSQUODOBOIT RIVER NEAR MIDDLE MUSQUODOBOIT,NS,45.04333114624024,-63.14167022705078,334.0,,0
01EK004,MUSQUODOBOIT RIVER NEAR UPPER MUSQUODOBOIT,NS,45.12472152709961,-62.96443939208984,141.0,,0
01EM001,EAST RIVER SHEET HARBOUR AT MALAY FALLS,NS,44.9858283996582,-62.4858283996582,526.0,,0
01EM002,LITTLE WEST RIVER NEAR SHEET HARBOUR,NS,44.9011116027832,-62.560829162597656,45.79999923706055,,0
01EN001,LISCOMB RIVER AT LISCOMB FALLS,NS,45.03443908691406,-62.10639190673828,386.0,,0
01EN002,LISCOMB RIVER AT LISCOMB MILLS,NS,45.01499938964844,-62.095829010009766,389.0,,0
01EN003,HALFWAY BROOK NEAR SHEET HARBOUR,NS,44.90388870239258,-62.45444107055664,16.899999618530273,,0
01EO001,ST. MARYS RIVER AT STILLWATER,NS,45.17438888549805,-61.97991943359375,1350.0,,1
01EO002,ARCHIBALD BROOK AT STILLWATER,NS,45.17583084106445,-61.975830078125,49.20000076293945,,0
01EO003,EAST RIVER ST. MARYS AT NEWTOWN,NS,45.36000061035156,-62.13555908203125,282.0,,0
01ER001,CLAM HARBOUR RIVER NEAR BIRCHTOWN,NS,45.46833038330078,-61.459999084472656,45.09999847412109,,0
01ER002,ST. FRANCIS RIVER AT GOOSE HARBOUR LAKE,NS,45.5341682434082,-61.41667175292969,23.799999237060547,,0
01FA001,RIVER INHABITANTS AT GLENORA,NS,45.72024917602539,-61.286109924316406,193.0,,1
01FA002,LITTLE RIVER NEAR PORT RICHMOND,NS,45.603328704833984,-61.25944137573242,41.400001525878906,,0
01FA003,NORTH LITTLE RIVER BELOW BEAVER DAM LAKE,NS,45.63056182861328,-61.28472137451172,26.700000762939453,,0
01FB001,NORTHEAST MARGAREE RIVER AT MARGAREE VALLEY,NS,46.36896896362305,-60.97528076171875,368.0,,1
01FB003,SOUTHWEST MARGAREE RIVER NEAR UPPER MARGAREE,NS,46.22311019897461,-61.13692092895508,357.0,,1
01FB004,SOUTHWEST MARGAREE RIVER AT SCOTSVILLE,NS,46.18806076049805,-61.15943908691406,311.0,,0
01FB005,APRIL BROOK AT GILLISDALE,NS,46.23139190673828,-61.14167022705078,6.21999979019165,,0
01FB006,LAKE O'LAW BROOK AT EGYPT ROAD,NS,46.314720153808594,-60.97306060791016,37.79999923706055,,0
01FC001,CHETICAMP RIVER BELOW CHETICAMP LAKE,NS,46.6511116027832,-60.66305923461914,49.20000076293945,,0
01FC002,CHETICAMP RIVER ABOVE ROBERT BROOK,NS,46.641578674316406,-60.94610977172852,190.0,,0
01FC003,CHETICAMP RIVER BELOW ARTEMISE BROOK,NS,46.61722183227539,-60.734169006347656,37.0,,0
01FD001,WRECK COVE BROOK NEAR WRECK COVE,NS,46.5230598449707,-60.42221832275391,31.0,,0
01FE001,INDIAN BROOK NEAR MATHESON'S LAKE,NS,46.49861145019531,-60.57917022705078,82.4000015258789,,0
01FE002,INDIAN BROOK AT INDIAN BROOK,NS,46.37171936035156,-60.53369140625,125.0,,0
01FF001,MIDDLE RIVER AT MACLENNANS CROSS,NS,46.18999862670898,-60.94181060791016,123.0,,0
01FG001,RIVER DENYS AT BIG MARSH,NS,45.8936882019043,-61.20475006103516,16.700000762939453,,0
01FH001,GRAND RIVER AT LOCH LOMOND,NS,45.72999954223633,-60.603328704833984,120.0,,0
01FJ001,SALMON RIVER AT SALMON RIVER BRIDGE,NS,45.93416976928711,-60.30278015136719,199.0,,0
01FJ002,MACASKILLS BROOK NEAR BIRCH GROVE,NS,46.11788940429688,-60.004669189453125,17.200000762939453,,1
01FJ004,NORTHWEST BROOK BELOW GRAND LAKE,NS,46.16860961914063,-60.11888885498047,20.899999618530277,,0
01FJ006,FIFES BROOK NEAR MILL POND,NS,46.30083084106445,-60.36582946777344,34.29999923706055,,0
02AA001,PIGEON RIVER AT MIDDLE FALLS,MN,48.0122184753418,-89.6161117553711,1550.0,,0
02AA002,PINE RIVER NEAR CROOKS,ON,48.07221984863281,-89.53333282470703,389.0,,0
02AB001,KAMINISTIQUIA RIVER NEAR DONA,ON,48.55556106567383,-89.58860778808594,3630.0,,0
02AB002,SHEBANDOWAN RIVER NEAR KAMINISTIQUIA,ON,48.54582977294922,-89.62361145019531,2850.0,,0
02AB003,KAMINISTIQUIA RIVER AT MOKOMON,ON,48.49166870117188,-89.5999984741211,6790.0,,0
02AB004,KAMINISTIQUIA RIVER AT OUTLET OF DOG LAKE,ON,48.70832824707031,-89.63333129882812,3760.0,,0
02AB005,SHEBANDOWAN RIVER AT GLENWATER,ON,48.54333114624024,-89.78333282470703,2560.0,,0
02AB006,KAMINISTIQUIA RIVER AT KAMINISTIQUIA,ON,48.53231048583984,-89.59500122070312,6470.0,,0
02AB007,KAMINISTIQUIA RIVER AT STANLEY,ON,48.36806106567383,-89.56527709960938,7740.0,,0
02AB008,NEEBING RIVER NEAR THUNDER BAY,ON,48.38338851928711,-89.30655670166016,187.0,,1
02AB009,SHEBANDOWAN RIVER AT SUNSHINE,ON,48.55556106567383,-89.68193817138672,2800.0,,0
02AB010,KAMINISTIQUIA RIVER AT KAKABEKA FALLS POWERHOUSE,ON,48.41556167602539,-89.63082885742188,6710.0,,0
02AB011,SHEBANDOWAN RIVER AT OUTLET OF SHEBANDOWAN LAKE,ON,48.619720458984375,-90.0616683959961,,,0
02AB012,GREENWATER CREEK AT OUTLET OF GREENWATER LAKE,ON,48.60778045654297,-90.4558334350586,174.0,,0
02AB013,KASHABOWIE RIVER AT OUTLET OF KASHABOWIE LAKE,ON,48.65694046020508,-90.4175033569336,526.0,,0
02AB014,NORTH CURRENT RIVER NEAR THUNDER BAY,ON,48.519561767578125,-89.17503356933594,105.0,,0
02AB015,CURRENT RIVER NEAR STEPSTONE,ON,48.536109924316406,-89.2361068725586,492.0,,0
02AB016,MCINTYRE RIVER AT THUNDER BAY,ON,48.41860961914063,-89.2652816772461,145.0,,0
02AB017,WHITEFISH RIVER AT NOLALU,ON,48.292110443115234,-89.80986022949219,226.0,,0
02AB018,LAKE SUPERIOR AT THUNDER BAY,ON,48.40967178344727,-89.2173080444336,,,0
02AB019,MCVICAR CREEK AT THUNDER BAY,ON,48.44919967651367,-89.21861267089844,45.59999847412109,,0
02AB020,MCINTYRE RIVER ABOVE THUNDER BAY,ON,48.482688903808594,-89.32463836669922,83.0999984741211,,0
02AB021,CURRENT RIVER AT STEPSTONE,ON,48.56243896484375,-89.24066925048828,407.0,,0
02AB022,CORBETT CREEK NEAR MURILLO,ON,48.428619384765625,-89.5456314086914,42.59999847412109,,0
02AB023,SLATE RIVER NEAR THUNDER BAY,ON,48.32575988769531,-89.40421295166016,181.0,,0
02AB024,NEEBING RIVER NEAR INTOLA,ON,48.44281005859375,-89.35775756835938,54.20000076293945,,0
02AB025,KAMINISTIQUIA RIVER AT WEST FORT WILLIAM,ON,48.34703063964844,-89.35820007324219,7740.0,,0
02AB026,KAMINISTIQUIA RIVER ABOVE WEST FORT WILLIAM,ON,48.34611129760742,-89.38619232177734,8100.0,,0
02AB027,WHITEFISH RIVER NEAR STANLEY,ON,48.35929870605469,-89.60352325439453,581.0,,0
02AC001,WOLF RIVER AT HIGHWAY NO. 17,ON,48.82168960571289,-88.53460693359375,726.0,,0
02AC002,BLACK STURGEON RIVER AT HIGHWAY NO. 17,ON,48.90422058105469,-88.37686157226562,2980.0,,0
02AD002,NIPIGON RIVER NEAR CAMERON FALLS,ON,49.150001525878906,-88.33332824707031,23600.0,,0
02AD003,LAKE NIPIGON AT ORIENT BAY,ON,49.36943817138672,-88.14443969726562,,,0
02AD006,NIPIGON RIVER BELOW VIRGIN FALLS,ON,49.41667175292969,-88.21666717529297,24500.0,,0
02AD007,LAKE NIPIGON AT MACDIARMID,ON,49.43389129638672,-88.13194274902344,,,0
02AD008,NIPIGON RIVER AT PINE PORTAGE,ON,49.30778121948242,-88.31111145019531,24600.0,,0
02AD009,OGOKI RIVER DIVERSION TO LAKE NIPIGON,ON,50.63750076293945,-88.20832824707031,,,0
02AD010,BLACKWATER RIVER AT BEARDMORE,ON,49.59761047363281,-87.96543884277344,652.0,,0
02AD011,NAMEWAMINIKAN RIVER AT LONG RAPIDS,ON,49.76388931274414,-87.76805877685547,2190.0,,0
02AD012,NIPIGON RIVER BELOW ALEXANDER GENERATING STATION,ON,49.12269973754883,-88.35787200927734,24700.0,,0
02AE001,GRAVEL RIVER NEAR CAVERS,ON,48.92599868774414,-87.69019317626953,608.0,,0
02BA002,STEEL RIVER NEAR TERRACE BAY,ON,48.77777862548828,-86.88443756103516,1190.0,,0
02BA003,LITTLE PIC RIVER NEAR COLDWELL,ON,48.8491096496582,-86.60722351074219,1320.0,,0
02BA004,LAKE SUPERIOR AT ROSSPORT,ON,48.83372116088867,-87.51956176757812,,,0
02BA005,WHITESAND RIVER ABOVE SCHREIBER AT MINOVA MINE,ON,48.97811126708984,-87.37677764892578,10.800000190734863,,1
02BA006,STEEL RIVER BELOW SANTOY LAKE,ON,48.8137092590332,-86.85933685302734,1190.0,,0
02BB002,BLACK RIVER NEAR MARATHON,ON,48.68888854980469,-86.2125015258789,1980.0,,0
02BB003,PIC RIVER NEAR MARATHON,ON,48.77407836914063,-86.2966079711914,4220.0,,0
02BB004,CEDAR CREEK NEAR HEMLO,ON,48.70542144775391,-85.90794372558594,210.0,,0
02BC002,WHITE RIVER AT BERTRAND,ON,48.66667175292969,-85.69999694824219,2400.0,,0
02BC003,WHITE RIVER AT REGAN,ON,48.70000076293945,-85.63333129882812,,,0
02BC004,WHITE RIVER BELOW WHITE LAKE,ON,48.65480041503906,-85.74153137207031,4160.0,,0
02BC005,PUKASKWA RIVER AT PUKASKWA NATIONAL PARK,ON,48.06092071533203,-85.80335998535156,533.0,,0
02BC006,PUKASKWA RIVER BELOW FOX RIVER,ON,48.1603889465332,-85.73091888427734,407.0,,0
02BC007,WHITE LAKE AT WHITE LAKE PROVINCIAL PARK,ON,48.69289016723633,-85.64214324951172,,,0
02BC008,WHITE RIVER ABOVE OSKABUKUTA RIVER,ON,48.58782958984375,-85.89128112792969,4210.0,4212.0,0
02BD001,MAGPIE RIVER AT STEEP HILL FALLS,ON,48.067779541015625,-84.74056243896484,1640.0,,0
02BD002,MICHIPICOTEN RIVER AT SCOTT FALLS,ON,47.910831451416016,-84.74333190917969,5310.0,,0
02BD003,MAGPIE RIVER NEAR MICHIPICOTEN,ON,47.93888854980469,-84.83055877685547,1930.0,,0
02BD004,LAKE SUPERIOR AT MICHIPICOTEN HARBOUR,ON,47.96168899536133,-84.89827728271484,,,0
02BD005,MAGPIE RIVER AT ESNAGI LAKE,ON,48.48043823242188,-84.5326919555664,702.0,,0
02BD006,WAWA CREEK AT WAWA,ON,47.9893913269043,-84.76811218261719,31.399999618530277,,0
02BD007,MAGPIE RIVER NEAR WAWA,ON,48.02202987670898,-84.81317138671875,1950.0,,0
02BE001,MONTREAL RIVER AT ALGOMA CENTRAL AND HUDSON BAY RAILWAY,ON,47.275001525878906,-84.4333267211914,2850.0,,0
02BE002,MONTREAL RIVER NEAR MONTREAL RIVER HARBOUR,ON,47.2138900756836,-84.61943817138672,2880.0,,0
02BF001,BATCHAWANA RIVER NEAR BATCHAWANA,ON,47.0035285949707,-84.51555633544922,1230.0,,0
02BF002,GOULAIS RIVER NEAR SEARCHMONT,ON,46.860939025878906,-83.97180938720703,1140.0,,1
02BF003,BENNET CREEK AT SAULT STE. MARIE,ON,46.53139114379883,-84.39749908447266,18.600000381469727,,0
02BF004,BIG CARP RIVER NEAR SAULT STE. MARIE,ON,46.51588821411133,-84.46517944335938,51.0,,0
02BF005,NORBERG CREEK (SITE A) ABOVE BATCHAWANA RIVER,ON,47.062530517578125,-84.43071746826172,10.399999618530272,,0
02BF006,NORBERG CREEK (SITE B) AT OUTLET OF TURKEY LAKE,ON,47.05052947998047,-84.41278076171875,8.029999732971191,,0
02BF007,NORBERG CREEK (SITE C) AT OUTLET OF LITTLE TURKEY LAKE,ON,47.04471969604492,-84.41024780273438,5.050000190734863,,0
02BF008,NORBERG CREEK (SITE D) BELOW WISHART LAKE,ON,47.04624938964844,-84.40319061279297,4.079999923706055,,0
02BF009,NORBERG CREEK (SITE E) BELOW BATCHAWANA LAKE,ON,47.05778121948242,-84.4000015258789,2.039999961853028,,0
02BF010,LAKE SUPERIOR AT GROS CAP,ON,46.52914047241211,-84.5862808227539,,,0
02BF011,ST. MARYS RIVER AT SAULT STE. MARIE (ABOVE),ON,46.51247024536133,-84.3673324584961,,,0
02BF012,NORBERG CREEK (SITE F) AT OUTLET OF BATCHAWANA LAKE,ON,47.06280899047852,-84.39253234863281,1.149999976158142,,0
02BF013,TRIBUTARY TO NORBERG CREEK AT TURKEY LAKE,ON,47.04167175292969,-84.41680908203125,0.07000000029802322,,0
02BF014,GOULAIS RIVER NEAR KIRBY'S CORNER,ON,46.71738815307617,-84.28478240966797,1830.0,,0
02CA001,ST. MARYS RIVER AT SAULT STE. MARIE,ON,46.50944137573242,-84.3616714477539,210000.0,,0
02CA002,ROOT RIVER AT SAULT STE. MARIE,ON,46.56285858154297,-84.28169250488281,109.0,,1
02CA003,ST. MARYS RIVER NEAR GARDEN RIVER,ON,46.5325813293457,-84.1312484741211,,,0
02CA004,ST. MARYS RIVER ABOVE CLARK CREEK,ON,46.49610900878906,-84.28417205810547,,,0
02CA005,ST. MARYS RIVER AT SAULT STE. MARIE (BELOW),ON,46.51128005981445,-84.34322357177734,,,0
02CA006,LAKE HURON AT THESSALON,ON,46.25400161743164,-83.55106353759766,,,0
02CA007,THESSALON RIVER NEAR POPLAR DALE,ON,46.53047180175781,-83.70960998535156,272.0,,0
02CB001,MISSISSAGI RIVER BELOW AUBREY FALLS,ON,46.91167068481445,-83.21056365966797,4040.0,,0
02CB002,MISSISSAGI RIVER AT ROCKY ISLAND LAKE,ON,46.86666870117188,-83.15528106689453,2150.0,,0
02CB003,AUBINADONG RIVER ABOVE SESABIC CREEK,ON,46.96841812133789,-83.41686248779297,1450.0,,0
02CC002,MISSISSAGI RIVER AT IRON BRIDGE,ON,46.27917098999024,-83.2236099243164,9040.0,,0
02CC003,MISSISSAGI RIVER BELOW IRON BRIDGE,ON,46.25416946411133,-83.18472290039062,9250.0,,0
02CC004,MISSISSAGI RIVER AT MISSISSAGI,ON,46.24443817138672,-83.15556335449219,9270.0,,0
02CC005,LITTLE WHITE RIVER NEAR BELLINGHAM,ON,46.393951416015625,-83.2829818725586,1970.0,,0
02CC006,MISSISSAGI RIVER NEAR WHARNCLIFFE,ON,46.41389083862305,-83.39305877685547,7100.0,,0
02CC007,MISSISSAGI RIVER AT RAYNER GENERATING STATION,ON,46.435279846191406,-83.38471984863281,6840.0,,0
02CC008,MISSISSAGI RIVER AT MISSISSAGI CHUTE,ON,46.201358795166016,-83.025390625,9260.0,,0
02CC009,MISSISSAGI RIVER AT RED ROCK FALLS,ON,46.31583023071289,-83.29083251953125,9010.0,,0
02CC010,LITTLE WHITE RIVER BELOW BOLAND RIVER,ON,46.58113861083984,-82.96800231933594,1210.0,,0
02CD001,SERPENT RIVER AT HIGHWAY NO. 17,ON,46.21078109741211,-82.51242065429688,1350.0,,0
02CD002,SERPENT RIVER AT OUTLET OF DUNLOP LAKE,ON,46.48139190673828,-82.64806365966797,109.0,,0
02CD003,SERPENT RIVER BELOW QUIRKE LAKE,ON,46.48638916015625,-82.48110961914062,319.0,,0
02CD004,SERPENT RIVER BELOW PECORS LAKE,ON,46.37443923950195,-82.4383316040039,567.0,,0
02CD005,ROCHESTER CREEK ABOVE QUIRKE LAKE,ON,46.5,-82.52111053466797,99.5,,0
02CD006,SERPENT RIVER ABOVE QUIRKE LAKE,ON,46.51158142089844,-82.60028076171875,157.0,,0
02CD007,LITTLE NORDIC CREEK AT ELLIOT LAKE,ON,46.353328704833984,-82.64360809326172,4.579999923706055,,0
02CD008,NORDIC MINE TAILINGS DITCH (SITE 1) NEAR ELLIOT LAKE,ON,46.38750076293945,-82.5824966430664,2.0899999141693115,,0
02CD009,NORDIC MINE TAILINGS DITCH (SITE 2) NEAR ELLIOT LAKE,ON,46.386940002441406,-82.57193756103516,2.759999990463257,,0
02CD010,NORDIC MINE TAILINGS DITCH (SITE 3) NEAR ELLIOT LAKE,ON,46.38193893432617,-82.57943725585938,3.009999990463257,,0
02CE001,SPANISH RIVER AT ESPANOLA,ON,46.26805877685547,-81.772216796875,11400.0,,0
02CE002,AUX SABLES RIVER AT MASSEY,ON,46.21493911743164,-82.07080841064453,1340.0,,0
02CE003,SPANISH RIVER AT WEBBWOOD,ON,46.26388931274414,-81.87361145019531,,,0
02CE004,SPANISH RIVER AT HIGH FALLS,ON,46.38056182861328,-81.56861114501953,6800.0,,0
02CE007,MINISTIC CREEK ABOVE AGNEW LAKE,ON,46.429569244384766,-81.60032653808594,40.59999847412109,,0
02CE103,MINISTIC CREEK NEAR AGNEW LAKE MINE,ON,46.408329010009766,-81.5777816772461,41.20000076293945,,0
02CF001,VERMILION RIVER NEAR WHITEFISH,ON,46.394439697265625,-81.28193664550781,3600.0,,0
02CF002,VERMILION RIVER BELOW KUSK LAKE,ON,46.33332824707031,-81.3499984741211,4070.0,,0
02CF004,VERMILION RIVER AT LORNE FALLS,ON,46.31528091430664,-81.52166748046875,4190.0,,0
02CF005,JUNCTION CREEK AT SUDBURY,ON,46.47872161865234,-81.01042175292969,87.0,,0
02CF007,WHITSON RIVER AT CHELMSFORD,ON,46.58335876464844,-81.19911193847656,277.0,,0
02CF008,WHITSON RIVER AT VAL CARON,ON,46.61016845703125,-81.03296661376953,179.0,,1
02CF009,NOLIN CREEK AT SUDBURY,ON,46.497501373291016,-81.00694274902344,21.5,,0
02CF010,ONAPING RIVER NEAR LEVACK,ON,46.5994987487793,-81.38197326660156,1650.0,,0
02CF011,VERMILION RIVER NEAR VAL CARON,ON,46.68544006347656,-81.00924682617188,680.0,,0
02CF012,JUNCTION CREEK BELOW KELLEY LAKE,ON,46.42731094360352,-81.09844207763672,199.0,,0
02CF013,MOOSE CREEK AT LEVACK,ON,46.63594055175781,-81.39147186279297,40.59999847412109,,0
02CF014,VERMILION RIVER NEAR MILNET,ON,46.81943893432617,-80.95713806152344,541.0,,0
02CF100,VERMILION RIVER NEAR CAPREOL,ON,46.71500015258789,-80.95027923583984,635.0,,0
02CG001,KAGAWONG RIVER AT KAGAWONG,ON,45.900001525878906,-82.26667022705078,243.0,,0
02CG002,LAKE HURON AT LITTLE CURRENT,ON,45.98052978515625,-81.92436218261719,,,0
02CG003,BLUE JAY CREEK NEAR TEHKUMMAH,ON,45.65169143676758,-81.98661041259766,17.899999618530273,,1
02CG004,GRIMSTHORPE CREEK NEAR GRIMSTHORPE,ON,45.69390106201172,-82.33470153808594,63.09999847412109,,0
02CG005,MINDEMOYA LAKE AT MINDEMOYA,ON,45.7498893737793,-82.18489074707031,157.0,,0
02CH001,FROOD LAKE NEAR WHITEFISH FALLS,ON,46.11861038208008,-81.7283935546875,930.0,,0
02CH002,PANACHE LAKE AT JACKSON'S POINT,ON,46.27357864379883,-81.3445816040039,624.0,,0
02DA001,WANAPITEI RIVER AT OUTLET OF WANAPITEI LAKE,ON,46.66416931152344,-80.67333221435547,2540.0,,0
02DA002,WANAPITEI LAKE AT BOWLANDS BAY,ON,46.65610885620117,-80.76750183105469,,,0
02DB001,WANAPITEI RIVER NEAR WANAPITEI,ON,46.522220611572266,-80.709716796875,2770.0,,0
02DB002,WANAPITEI RIVER AT MCVITTIES,ON,46.31666946411133,-80.8375015258789,3240.0,,0
02DB003,WANAPITEI RIVER NEAR CONISTON,ON,46.47222137451172,-80.81944274902344,2820.0,,0
02DB004,CONISTON CREEK NEAR CONISTON,ON,46.47917175292969,-80.81944274902344,64.80000305175781,,0
02DB005,WANAPITEI RIVER NEAR WANUP,ON,46.34566879272461,-80.83956146240234,3150.0,,0
02DB006,WANAPETEI RIVER NEAR STINSON,ON,46.52082824707031,-80.71138763427734,2750.0,,0
02DB007,CONISTON CREEK ABOVE WANAPITEI RIVER,ON,46.47528076171875,-80.821533203125,59.0,,0
02DB008,WANAPITEI RIVER AT HIGHWAY 637,ON,46.159969329833984,-80.92320251464844,,,0
02DC001,STURGEON RIVER AT SMOKY FALLS,ON,46.45000076293945,-79.86666870117188,6660.0,,0
02DC002,STURGEON RIVER BELOW SMOKY FALLS,ON,46.45000076293945,-79.86666870117188,6660.0,,0
02DC003,STURGEON RIVER AT CRYSTAL FALLS,ON,46.45000076293945,-79.8630599975586,6660.0,,0
02DC004,STURGEON RIVER NEAR GLEN AFTON,ON,46.637168884277344,-80.26325225830078,3010.0,,0
02DC005,TEMAGAMI RIVER NEAR RIVER VALLEY,ON,46.59611129760742,-80.18721771240234,2460.0,,0
02DC006,TOMIKO RIVER AT OUTLET OF TOMIKO LAKE,ON,46.50138854980469,-79.8933334350586,570.0,,0
02DC007,TEMAGAMI RIVER AT CROSS LAKE DAM,ON,46.77806091308594,-79.97860717773438,1360.0,,0
02DC008,TEMAGAMI RIVER AT RED CEDAR LAKE DAM,ON,46.67916870117188,-79.99500274658203,2360.0,,0
02DC009,MARTEN RIVER AT WICKSTEED LAKE DAM,ON,46.71194076538086,-79.7369384765625,298.0,,0
02DC010,TEMAGAMI LAKE AT TEMAGAMI,ON,47.06277847290039,-79.79556274414062,,,0
02DC011,STURGEON RIVER AT LOWER GOOSE FALLS,ON,46.93693923950195,-80.43138885498047,1800.0,,0
02DC012,STURGEON RIVER AT UPPER GOOSE FALLS,ON,46.97024917602539,-80.45877838134766,1200.0,,0
02DC013,LITTLE STURGEON RIVER BELOW BOOTH LAKE,ON,46.42760848999024,-79.66203308105469,164.0,164.0,0
02DD001,SOUTH RIVER NEAR POWASSAN,ON,46.09444046020508,-79.39582824707031,761.0,,0
02DD002,SOUTH RIVER ABOVE TRUISLER CHUTE,ON,45.96332931518555,-79.40583038330078,420.0,,0
02DD004,FRENCH RIVER AT FRENCH RIVER,ON,46.02056121826172,-80.57305908203125,13900.0,,0
02DD005,SOUTH RIVER NEAR NIPISSING,ON,46.09693908691406,-79.47917175292969,787.0,,0
02DD006,LAKE NIPISSING AT NORTH BAY,ON,46.31182861328125,-79.47380828857422,,,0
02DD007,FRENCH RIVER AT LAKE NIPISSING,ON,46.125,-80.0152816772461,12300.0,,0
02DD008,DUCHESNAY RIVER NEAR NORTH BAY,ON,46.331390380859375,-79.50556182861328,90.4000015258789,,0
02DD009,SOUTH RIVER AT SOUTH RIVER,ON,45.848331451416016,-79.37944030761719,316.0,,0
02DD010,FRENCH RIVER AT DRY PINE BAY,ON,46.068580627441406,-80.61164093017578,13900.0,,0
02DD012,VEUVE RIVER NEAR VERNER,ON,46.4081916809082,-80.12281036376953,741.0,,0
02DD013,LA VASE RIVER AT NORTH BAY,ON,46.2634391784668,-79.39511108398438,68.5999984741211,,1
02DD014,CHIPPEWA CREEK AT NORTH BAY,ON,46.3117790222168,-79.44835662841797,35.599998474121094,,0
02DD015,COMMANDA CREEK NEAR COMMANDA,ON,45.94918823242188,-79.60658264160156,104.0,,0
02DD016,FRENCH RIVER AT PORTAGE DAM,ON,46.12081146240234,-80.01761627197266,,,0
02DD017,FRENCH RIVER AT CHAUDIERE DAM,ON,46.12083053588867,-80.02749633789062,,,0
02DD018,LITTLE FRENCH RIVER AT FREEFLOWING CHANNEL,ON,46.14194107055664,-80.11444091796875,,,0
02DD019,LITTLE FRENCH RIVER AT LITTLE CHAUDIERE DAM,ON,46.144439697265625,-80.12805938720703,,,0
02DD020,LITTLE FRENCH RIVER AT OKIKENDAWT ISLAND,ON,46.123138427734375,-80.07910919189453,,,0
02DD021,LAKE NIPISSING AT FRENCH RIVER OUTLET,ON,46.12553024291992,-80.0123062133789,,,0
02DD022,DOLLARS LAKE BELOW S NARROWS,ON,45.92039108276367,-80.24175262451172,,,0
02DD023,FOREST LAKE AT SOUTH RIVER,ON,45.839691162109375,-79.35691833496094,,,0
02DD024,WASI RIVER NEAR ASTORVILLE,ON,46.17842102050781,-79.30989074707031,301.0,301.0,0
02DD025,FRENCH RIVER AT HARTLEY BAY,ON,46.03522109985352,-80.7601089477539,1.5499999523162842,,0
02DD026,FRENCH RIVER AT WOLSELEY BAY,ON,46.10572052001953,-80.2652816772461,199.0,,0
02DD027,FRENCH RIVER BELOW PORTAGE DAM,ON,46.12049865722656,-80.01808166503906,,,0
02DD028,PICKEREL RIVER ABOVE CANTIN LAKE,ON,45.98490905761719,-80.41043090820312,,,0
02DD029,FRENCH RIVER AT RECOLLET FALLS,ON,46.01660919189453,-80.60362243652344,,,0
02DD030,FRENCH RIVER AT LITTLE FRENCH CUT,ON,46.00606918334961,-80.53984832763672,,,0
02DD031,FRENCH RIVER AT HORSESHOE FALLS,ON,45.99518966674805,-80.47789764404297,,,0
02DD032,LAKE NIPISSING AT WEST BAY,ON,46.22597122192383,-80.31278228759766,,,0
02EA001,SEGUIN RIVER NEAR PARRY SOUND,ON,45.40277862548828,-79.90693664550781,984.0,,0
02EA005,NORTH MAGNETAWAN RIVER NEAR BURK'S FALLS,ON,45.669471740722656,-79.37918853759766,329.0,,1
02EA006,MAGNETAWAN RIVER NEAR BURK'S FALLS,ON,45.61750030517578,-79.3880615234375,650.0,,0
02EA007,MAGNETAWAN RIVER NEAR BYNG INLET,ON,45.772220611572266,-80.48056030273438,2800.0,,0
02EA008,MAGNETAWAN RIVER AT MAPLE ISLAND,ON,45.707218170166016,-79.8772201538086,1850.0,,0
02EA009,HARRIS CREEK NEAR NAISCOOT,ON,45.681671142578125,-80.46888732910156,46.59999847412109,,0
02EA010,NORTH MAGNETAWAN RIVER ABOVE PICKEREL LAKE,ON,45.70376968383789,-79.30879211425781,155.0,,0
02EA011,MAGNETAWAN RIVER NEAR BRITT,ON,45.7730598449707,-80.48233032226562,2840.0,,0
02EA012,SHAWANAGA RIVER AT HIGHWAY NO. 69,ON,45.5494384765625,-80.28472137451172,235.0,,0
02EA013,HARRIS RIVER AT HIGHWAY NO. 69,ON,45.6875,-80.43943786621094,35.5,,0
02EA014,LAKE HURON AT PARRY SOUND,ON,45.33855819702149,-80.03578186035156,,,0
02EA015,CECEBE LAKE AT MAGNETAWAN,ON,45.66497039794922,-79.6409683227539,,,0
02EA016,DOE LAKE NEAR KATRINE,ON,45.57194900512695,-79.36685180664062,,,0
02EA017,AHMIC LAKE AT MAGNETAWAN,ON,45.66543960571289,-79.6415023803711,,,0
02EA018,MAGNETAWAN RIVER NEAR EMSDALE,ON,45.55670166015625,-79.28797912597656,403.0,,0
02EA019,AHMIC LAKE NEAR AHMIC HARBOUR,ON,45.669071197509766,-79.74520874023438,,,0
02EA020,BERNARD LAKE AT SUNDRIDGE,ON,45.71799850463867,-79.41732788085938,,,0
02EA021,SHAWANAGA RIVER BELOW SHAWANAGA LAKE,ON,45.55894088745117,-80.03797149658203,70.4000015258789,,0
02EB002,SOUTH BRANCH MUSKOKA RIVER AT BLACK BRIDGE,ON,44.98332977294922,-79.25055694580078,1730.0,,0
02EB003,SOUTH BRANCH MUSKOKA RIVER AT MATHIAS,ON,44.9888916015625,-79.20194244384766,1710.0,,0
02EB004,NORTH BRANCH MUSKOKA RIVER AT PORT SYDNEY,ON,45.21286010742188,-79.27528381347656,1410.0,,0
02EB005,MUSKOKA RIVER NEAR BALA,ON,45.025001525878906,-79.67388916015625,4840.0,,0
02EB006,MUSKOKA RIVER BELOW BALA,ON,45.022499084472656,-79.67832946777344,4770.0,,0
02EB007,NORTH BRANCH MUSKOKA RIVER NEAR PORT SYDNEY,ON,45.18278121948242,-79.27610778808594,1440.0,,0
02EB008,SOUTH BRANCH MUSKOKA RIVER AT BAYSVILLE,ON,45.14796829223633,-79.1135025024414,1400.0,,0
02EB009,MOON RIVER AT ISLAND FALLS,ON,45.029441833496094,-79.69721984863281,,,0
02EB010,MUSKOKA RIVER AT RAGGED RAPIDS,ON,45.01556015014648,-79.68888854980469,,,0
02EB011,MOON RIVER AT HIGHWAY NO. 400,ON,45.065059661865234,-79.7901382446289,4790.0,,0
02EB012,MUSQUASH RIVER AT HIGHWAY NO. 400,ON,45.02252960205078,-79.77680969238281,,,0
02EB013,BIG EAST RIVER NEAR HUNTSVILLE,ON,45.39271926879883,-79.15994262695312,610.0,,0
02EB014,OXTONGUE RIVER NEAR DWIGHT,ON,45.31196975708008,-78.98938751220703,605.0,,0
02EB015,BALA BAY AT BALA,ON,45.01314163208008,-79.61353302001953,,,0
02EB016,FAIRY LAKE AT HUNTSVILLE,ON,45.32419967651367,-79.2119369506836,,,0
02EB017,KAWAGAMA LAKE AT RUSSELL LANDING,ON,45.263648986816406,-78.81449890136719,,,0
02EB018,LAKE MUSKOKA AT BEAUMARIS,ON,45.07041931152344,-79.49382781982422,,,0
02EB019,LAKE OF BAYS AT BAYSVILLE,ON,45.14881134033203,-79.11328125,1400.0,,0
02EB020,LAKE ROSSEAU AT PORT CARLING,ON,45.120079040527344,-79.57649993896484,,,0
02EB021,MARY LAKE AT PORT SYDNEY,ON,45.2198600769043,-79.2763900756836,,,0
02EB022,SMOKE LAKE AT ALGONQUIN PROVINCIAL PARK,ON,45.54156112670898,-78.69538879394531,,,0
02EB023,GO HOME LAKE NEAR POTTERS LANDING,ON,44.98611068725586,-79.82858276367188,,,0
02EB103,ROSSEAU RIVER AT HIGHWAY NO. 141,ON,45.2388916015625,-79.58361053466797,130.0,,0
02EB104,HAWKROCK RIVER AT GRAVENHURST,ON,44.932220458984375,-79.35639190673828,40.70000076293945,,0
02EB105,DEE RIVER AT DEE BANK,ON,45.17889022827149,-79.52361297607422,155.0,,0
02EC001,SEVERN RIVER AT SEVERN BRIDGE,ON,44.7763900756836,-79.334716796875,5390.0,,0
02EC002,BLACK RIVER NEAR WASHAGO,ON,44.71366882324219,-79.28160858154297,1510.0,,1
02EC003,SEVERN RIVER AT SWIFT RAPIDS,ON,44.85694122314453,-79.54167175292969,5850.0,,0
02EC004,SEVERN RIVER BELOW WASHAGO,ON,44.75444030761719,-79.31889343261719,,,0
02EC005,SEVERN RIVER AT WASHAGO,ON,44.76388931274414,-79.33027648925781,,,0
02EC006,SEVERN RIVER AT BIG FALLS,ON,44.74111175537109,-79.32805633544922,,,0
02EC007,SEVERN RIVER AT LITTLE FALLS,ON,44.74583053588867,-79.32527923583984,,,0
02EC008,BLACK RIVER AT BALDWIN,ON,44.26063919067383,-79.34388732910156,272.0,,0
02EC009,HOLLAND RIVER EAST BRANCH AT HOLLAND LANDING,ON,44.09492111206055,-79.48956298828125,176.0,,0
02EC010,SCHOMBERG RIVER NEAR SCHOMBERG,ON,44.01213836669922,-79.68563842773438,51.29999923706055,,1
02EC011,BEAVER RIVER NEAR BEAVERTON,ON,44.39707946777344,-79.07083129882812,291.0,,0
02EC012,BLACK RIVER AT SUTTON,ON,44.30500030517578,-79.36028289794922,324.0,,0
02EC013,MIDDLE SEVERN RIVER AT WASHAGO,ON,44.7488899230957,-79.3324966430664,,,0
02EC014,SEVERN RIVER ABOVE WASDELL FALLS,ON,44.77531051635742,-79.2971420288086,5310.0,,0
02EC015,LAKE SIMCOE NEAR GAMEBRIDGE,ON,44.4727783203125,-79.16722106933594,,,0
02EC016,TRENT CANAL LOCK 42 NEAR WASHAGO,ON,44.769718170166016,-79.35028076171875,,,0
02EC017,LAKE COUCHICHING OUTFLOW AT WASHAGO,ON,44.76667022705078,-79.33332824707031,3700.0,,0
02EC018,PEFFERLAW BROOK NEAR UDORA,ON,44.26752853393555,-79.19461059570312,347.0,,0
02EC019,BLACK RIVER NEAR VANKOUGHNET,ON,44.99256134033203,-79.049560546875,354.0,,0
02EC020,HAWKESTONE CREEK AT HAWKESTONE,ON,44.49697113037109,-79.46797180175781,40.20000076293945,,0
02EC021,UXBRIDGE BROOK NEAR UXBRIDGE,ON,44.13808059692383,-79.11276245117188,40.59999847412109,,0
02EC022,HEAD RIVER NEAR SEBRIGHT,ON,44.7256088256836,-79.07044219970703,233.0,,0
02EC023,SEVERN RIVER NEAR MILL ISLAND,ON,44.75199890136719,-79.3318099975586,,,0
02EC101,UXBRIDGE BROOK AT UXBRIDGE,ON,44.11249923706055,-79.12222290039062,24.299999237060547,,0
02EC103,PEFFERLAW BROOK NEAR UDORA,ON,44.26778030395508,-79.19499969482422,332.0,,0
02EC918,SEVERN RIVER ABOVE SPARROW LAKE,ON,44.7730598449707,-79.35305786132812,,,0
02ED001,NOTTAWASAGA RIVER NEAR NICOLSTON,ON,44.19610977172852,-79.80166625976562,1080.0,,0
02ED003,NOTTAWASAGA RIVER NEAR BAXTER,ON,44.24980926513672,-79.82141876220703,1230.0,,0
02ED004,BAILEY CREEK NEAR BEETON,ON,44.11888885498047,-79.7619400024414,207.0,,0
02ED005,MAD RIVER NEAR GLENCAIRN,ON,44.30443954467773,-80.00193786621094,295.0,,0
02ED006,O.W.R.C. RESEARCH STATION NO. 1 NEAR STAYNER,ON,44.37833023071289,-80.09750366210938,,,0
02ED007,COLDWATER RIVER AT COLDWATER,ON,44.70719146728516,-79.64375305175781,168.0,,1
02ED008,O.W.R.C. RESEARCH STATION NO. 2 NEAR STAYNER,ON,44.377220153808594,-80.09638977050781,,,0
02ED009,WILLOW CREEK ABOVE LITTLE LAKE,ON,44.42472076416016,-79.64417266845703,94.8000030517578,,0
02ED010,WILLOW CREEK AT MIDHURST,ON,44.44417190551758,-79.72972106933594,127.0,,0
02ED011,WYE RIVER AT WYEBRIDGE,ON,44.69388961791992,-79.88278198242188,168.0,,0
02ED012,LAKE HURON AT COLLINGWOOD,ON,44.508419036865234,-80.22007751464844,,,0
02ED013,WYE RIVER NEAR WYEVALE,ON,44.6497802734375,-79.90374755859375,121.0,,0
02ED014,PINE RIVER NEAR EVERETT,ON,44.20003128051758,-79.95999908447266,190.0,,0
02ED015,MAD RIVER AT AVENING,ON,44.3073616027832,-80.07202911376953,244.0,,0
02ED016,TRIBUTARY TO WYE RIVER BELOW ELMVALE,ON,44.59249877929688,-79.8708267211914,15.300000190734863,,0
02ED017,HOGG CREEK NEAR VICTORIA HARBOUR,ON,44.72605895996094,-79.77896881103516,65.19999694824219,,0
02ED018,STURGEON RIVER AT STURGEON BAY,ON,44.730281829833984,-79.71971893310547,103.0,,0
02ED019,COPELAND CREEK NEAR PENETAGUISHENE,ON,44.76361083984375,-79.9527816772461,20.799999237060547,,0
02ED020,MATCHEDASH BAY BELOW HIGHWAY 69,ON,44.758888244628906,-79.7008285522461,,,0
02ED021,MATCHEDASH BAY ABOVE HIGHWAY 69,ON,44.758060455322266,-79.6986083984375,,,0
02ED022,NORTH RIVER NEAR COLDWATER,ON,44.73944091796875,-79.63667297363281,,,0
02ED023,NORTH RIVER NEAR LOVERING,ON,44.76832962036133,-79.62000274658203,,,0
02ED024,NORTH RIVER AT THE FALLS,ON,44.767669677734375,-79.57827758789062,244.0,,0
02ED025,BLACK ASH CREEK AT COLLINGWOOD,ON,44.50138854980469,-80.2380599975586,30.5,,0
02ED026,NOTTAWASAGA RIVER AT HOCKLEY,ON,44.024749755859375,-79.96988677978516,176.0,,0
02ED027,NOTTAWASAGA RIVER NEAR EDENVALE,ON,44.48500061035156,-79.96600341796875,2690.0,,0
02ED028,SILVER CREEK NEAR ORILLIA,ON,44.667999267578125,-79.45667266845703,24.0,,0
02ED029,INNISFIL CREEK NEAR ALLISTON,ON,44.13122177124024,-79.78096771240234,479.0,,0
02ED030,SILVER CREEK AT ORILLIA,ON,44.64680862426758,-79.4520263671875,10.5,,0
02ED031,PRETTY RIVER AT COLLINGWOOD,ON,44.50006103515625,-80.19872283935547,68.19999694824219,,0
02ED032,WILLOW CREEK NEAR MINESING,ON,44.442501068115234,-79.79949951171875,231.0,,0
02ED033,LAKE HURON AT MIDLAND,ON,44.75278091430664,-79.8880615234375,,,0
02ED100,BEETON CREEK NEAR TOTTENHAM,ON,44.04914093017578,-79.80339050292969,86.0,,0
02ED101,NOTTAWASAGA RIVER NEAR ALLISTON,ON,44.11058044433594,-79.8902816772461,328.0,,0
02ED102,BOYNE RIVER AT EARL ROWE PARK,ON,44.15250015258789,-79.89663696289062,216.0,,0
02FA001,SAUBLE RIVER AT SAUBLE FALLS,ON,44.677528381347656,-81.25605773925781,913.0,,0
02FA002,STOKES RIVER NEAR FERNDALE,ON,45.03696823120117,-81.33635711669922,50.5,,1
02FA003,LAKE HURON AT TOBERMORY,ON,45.25680923461914,-81.66297149658203,,,0
02FA004,SAUBLE RIVER AT ALLENFORD,ON,44.53553009033203,-81.17768859863281,312.0,,0
02FA005,SAUBLE RIVER ABOVE TARA,ON,44.46221923828125,-81.14861297607422,233.0,,0
02FB001,BEAVER RIVER ABOVE EUGENIA POWER HOUSE,ON,44.3388900756836,-80.53888702392578,254.0,,0
02FB003,BEAVER RIVER NEAR KIMBERLEY,ON,44.34444046020508,-80.53888702392578,262.0,,0
02FB004,BEAVER RIVER NEAR FEVERSHAM,ON,44.320831298828125,-80.4000015258789,81.5999984741211,,0
02FB005,BIGHEAD RIVER AT MEAFORD,ON,44.60361099243164,-80.59722137451172,342.0,,0
02FB006,MILL CREEK NEAR RED WING,ON,44.45000076293945,-80.44721984863281,127.0,,0
02FB007,SYDENHAM RIVER NEAR OWEN SOUND,ON,44.52225112915039,-80.93019104003906,183.0,,1
02FB008,BEAVER RIVER AT EUGENIA,ON,44.29999923706055,-80.51667022705078,179.0,,0
02FB009,BEAVER RIVER NEAR CLARKSBURG,ON,44.51985931396485,-80.46778106689453,587.0,,0
02FB010,BIGHEAD RIVER NEAR MEAFORD,ON,44.57017135620117,-80.64849853515625,298.0,,1
02FB012,MILL CREEK NEAR RED WING,ON,44.46422958374024,-80.48576354980469,105.0,,0
02FB013,BEAVER RIVER NEAR VANDELEUR,ON,44.34614181518555,-80.53997039794922,279.0,,0
02FB014,BIGHEAD RIVER NEAR STRATHAVON,ON,44.471778869628906,-80.77652740478516,56.20000076293945,,0
02FC001,SAUGEEN RIVER NEAR PORT ELGIN,ON,44.45647048950195,-81.3264389038086,3950.0,,0
02FC002,SAUGEEN RIVER NEAR WALKERTON,ON,44.12046813964844,-81.1153335571289,2140.0,,0
02FC004,ROCKY SAUGEEN RIVER NEAR TRAVERSTON,ON,44.2622184753418,-80.76555633544922,249.0,,0
02FC005,ROCKY SAUGEEN RIVER NEAR MARKDALE,ON,44.32611083984375,-80.66166687011719,109.0,,0
02FC009,ARMSTRONG CREEK AT MARKDALE,ON,44.31193923950195,-80.65721893310547,9.31999969482422,,0
02FC011,CARRICK CREEK NEAR CARLSRUHE,ON,44.1133918762207,-81.01924896240234,156.0,,0
02FC012,SOUTH SAUGEEN RIVER NEAR HANOVER,ON,44.09869003295898,-80.98455810546875,635.0,,0
02FC013,NORTH SAUGEEN RIVER NEAR PAISLEY,ON,44.317779541015625,-81.24610900878906,262.0,,0
02FC014,SAUGEEN RIVER NEAR DURHAM,ON,44.19166946411133,-80.85722351074219,381.0,,0
02FC015,TEESWATER RIVER NEAR PAISLEY,ON,44.268310546875,-81.2691879272461,670.0,,0
02FC016,SAUGEEN RIVER ABOVE DURHAM,ON,44.18542098999024,-80.78746795654297,329.0,,0
02FC017,BEATTY SAUGEEN RIVER NEAR HOLSTEIN,ON,44.09046936035156,-80.741943359375,50.70000076293945,,0
02FC018,NORTH SAUGEEN RIVER ABOVE CHESLEY,ON,44.31806182861328,-81.04055786132812,216.0,,0
02FC019,HAMILTON CREEK NEAR HOLLAND CENTRE,ON,44.40694046020508,-80.76277923583984,59.79999923706055,,0
02FC020,TEESWATER RIVER AT TEESWATER,ON,44.0006103515625,-81.2838134765625,125.0,,0
02FC021,CAMP CREEK AT ALLAN PARK,ON,44.16106033325195,-80.92910766601562,99.9000015258789,,0
02FD001,PINE RIVER AT LURGAN,ON,44.094669342041016,-81.72577667236328,156.0,,0
02FD002,LUCKNOW RIVER AT LUCKNOW,ON,43.96527862548828,-81.51344299316406,54.900001525878906,,0
02FD003,NORTH PENETANGORE RIVER AT KINCARDINE,ON,44.17280960083008,-81.63105773925781,100.0,,0
02FE001,MAITLAND RIVER AT BENMILLER,ON,43.71805953979492,-81.62638854980469,2460.0,,0
02FE002,MAITLAND RIVER BELOW WINGHAM,ON,43.886749267578125,-81.3264389038086,1640.0,,0
02FE003,MIDDLE MAITLAND RIVER NEAR LISTOWEL,ON,43.72723007202149,-80.97267150878906,73.4000015258789,,0
02FE004,MAITLAND RIVER NEAR DONNYBROOK,ON,43.82500076293945,-81.49056243896484,1760.0,,0
02FE005,MAITLAND RIVER ABOVE WINGHAM,ON,43.91508102416992,-81.26438903808594,527.0,,0
02FE007,LITTLE MAITLAND RIVER AT BLUEVALE,ON,43.85438919067383,-81.25050354003906,340.0,,0
02FE008,MIDDLE MAITLAND RIVER NEAR BELGRAVE,ON,43.81288909912109,-81.30689239501953,645.0,,0
02FE009,SOUTH MAITLAND RIVER AT SUMMERHILL,ON,43.68436050415039,-81.54116821289062,371.0,,0
02FE010,BOYLE DRAIN NEAR ATWOOD,ON,43.67633819580078,-81.0748519897461,205.0,,0
02FE011,MAITLAND RIVER NEAR HARRISTON,ON,43.90380859375,-80.89260864257812,112.0,,0
02FE012,LAKE HURON AT GODERICH,ON,43.745391845703125,-81.72781372070312,,,0
02FE013,MIDDLE MAITLAND RIVER ABOVE ETHEL,ON,43.71839141845703,-81.12464141845703,416.0,,0
02FE014,BLYTH BROOK BELOW BLYTH,ON,43.76033020019531,-81.46318817138672,74.69999694824219,,0
02FE015,MAITLAND RIVER AT BENMILLER,ON,43.717559814453125,-81.62619018554688,2540.0,,0
02FE016,SOUTH MAITLAND RIVER AT ROXBORO,ON,43.57925033569336,-81.40131378173828,178.0,,0
02FE017,LAKELET CREEK NEAR GORRIE,ON,43.89292144775391,-81.06327819824219,79.4000015258789,,0
02FE018,BLIND CREEK NEAR FORDWICH,ON,43.89472961425781,-81.0373306274414,,,0
02FF001,AUSABLE RIVER NEAR ARKONA,ON,43.077781677246094,-81.79611206054688,,,0
02FF002,AUSABLE RIVER NEAR SPRINGBANK,ON,43.07191848754883,-81.65975189208984,865.0,,0
02FF003,PARKHILL CREEK NEAR PARKHILL,ON,43.16971969604492,-81.6833267211914,124.0,,0
02FF004,SOUTH PARKHILL CREEK NEAR PARKHILL,ON,43.16075134277344,-81.73182678222656,42.70000076293945,,0
02FF005,MORAY CREEK NEAR PARKHILL,ON,43.21667098999024,-81.74555969238281,28.5,,0
02FF006,SHIPKA CREEK NEAR GRAND BEND,ON,43.27193832397461,-81.75,33.70000076293945,,0
02FF007,BAYFIELD RIVER NEAR VARNA,ON,43.55125045776367,-81.58953094482422,460.0,,0
02FF008,PARKHILL CREEK ABOVE PARKHILL RESERVOIR,ON,43.16413116455078,-81.63150787353516,113.0,,0
02FF009,AUSABLE RIVER NEAR EXETER,ON,43.36196899414063,-81.50943756103516,114.0,,0
02FF010,AUSABLE RIVER NEAR PARKHILL,ON,43.193389892578125,-81.81449890136719,1110.0,,0
02FF011,SILVER CREEK AT SEAFORTH,ON,43.54536056518555,-81.3963623046875,15.5,,0
02FF012,PERCH CREEK AT SARNIA,ON,42.98408126831055,-82.3187484741211,75.5999984741211,,0
02FF013,LITTLE AUSABLE RIVER NEAR LUCAN CROSSING,ON,43.18056106567383,-81.44766998291016,144.0,,0
02FF014,BLACK CREEK NEAR HENSALL,ON,43.41883087158203,-81.49546813964844,18.399999618530277,,0
02FF015,TRICKS CREEK NEAR CLINTON,ON,43.590309143066406,-81.5841064453125,22.100000381469727,,0
02FF016,LITTLE AUSABLE RIVER NEAR CENTRALIA,ON,43.286251068115234,-81.41564178466797,63.900001525878906,,0
02GA001,GRAND RIVER AT BELWOOD,ON,43.79027938842773,-80.3166732788086,769.0,,0
02GA002,GRAND RIVER AT CONESTOGO,ON,43.54111099243164,-80.49443817138672,1420.0,,0
02GA003,GRAND RIVER AT GALT,ON,43.35311126708984,-80.31575012207031,3520.0,,0
02GA004,GRAND RIVER AT GLEN MORRIS,ON,43.276668548583984,-80.34722137451172,3600.0,,0
02GA005,IRVINE RIVER NEAR SALEM,ON,43.69359970092773,-80.4453125,168.0,,0
02GA006,CONESTOGO RIVER AT ST. JACOBS,ON,43.54111099243164,-80.55332946777344,790.0,,0
02GA007,SPEED RIVER NEAR GUELPH,ON,43.61167144775391,-80.24861145019531,180.0,,0
02GA008,SPEED RIVER AT HESPELER,ON,43.431671142578125,-80.31139373779297,707.0,,0
02GA009,GALT CREEK AT GALT,ON,43.36027908325195,-80.3102798461914,117.0,,0
02GA010,NITH RIVER NEAR CANNING,ON,43.189720153808594,-80.45503234863281,1030.0,,1
02GA011,SPEED RIVER AT GUELPH,ON,43.533329010009766,-80.23332977294922,500.0,,0
02GA012,SPEED RIVER NEAR ERAMOSA,ON,43.59278106689453,-80.24472045898438,233.0,,0
02GA013,CONESTOGO RIVER NEAR CONESTOGO,ON,43.52444076538086,-80.5152816772461,821.0,,0
02GA014,GRAND RIVER NEAR MARSVILLE,ON,43.86172103881836,-80.272216796875,663.0,,0
02GA015,SPEED RIVER BELOW GUELPH,ON,43.53371810913086,-80.2522201538086,568.0,,0
02GA016,GRAND RIVER BELOW SHAND DAM,ON,43.73094177246094,-80.3409423828125,785.0,,0
02GA017,CONESTOGO RIVER AT DRAYTON,ON,43.75693893432617,-80.67111206054688,324.0,,0
02GA018,NITH RIVER AT NEW HAMBURG,ON,43.377220153808594,-80.71080780029297,544.0,,0
02GA020,SPEED RIVER ABOVE GUELPH,ON,43.55889129638672,-80.26667022705078,269.0,,0
02GA022,GRAND RIVER AT WALDEMAR,ON,43.896671295166016,-80.28360748291016,655.0,,0
02GA023,CANAGAGIGUE CREEK NEAR ELMIRA,ON,43.57992172241211,-80.50919342041016,114.0,,0
02GA024,LAUREL CREEK AT WATERLOO,ON,43.47192001342773,-80.51426696777344,59.20000076293945,,0
02GA027,GRAND RIVER ABOVE LAKE BELWOOD,ON,43.82917022705078,-80.2994384765625,749.0,,0
02GA028,CONESTOGO RIVER AT GLEN ALLAN,ON,43.65483093261719,-80.7021713256836,571.0,,0
02GA029,ERAMOSA RIVER ABOVE GUELPH,ON,43.54777908325195,-80.1820297241211,231.0,,0
02GA030,ALDER CREEK NEAR NEW DUNDEE,ON,43.372291564941406,-80.55108642578125,47.400001525878906,,0
02GA031,BLUE SPRINGS CREEK NEAR EDEN MILLS,ON,43.57614135742188,-80.10900115966797,41.5,,0
02GA032,O.A.C. FARM GAUGE NO. 5 AT GUELPH,ON,43.53139114379883,-80.30500030517578,2.509999990463257,,0
02GA033,LUTTERAL CREEK NEAR OUSTIC,ON,43.66278076171875,-80.25527954101562,64.80000305175781,,0
02GA034,GRAND RIVER AT WEST MONTROSE,ON,43.58502960205078,-80.4814682006836,1170.0,,0
02GA035,EAST CANAGAGIGUE CREEK NEAR FLORADALE,ON,43.6511116027832,-80.57221984863281,27.700000762939453,,0
02GA036,CANAGAGIGUE CREEK NEAR FLORADALE,ON,43.66999816894531,-80.59667205810547,17.899999618530273,,0
02GA037,SCHNEIDER CREEK AT KITCHENER,ON,43.4394416809082,-80.47611236572266,25.100000381469727,,0
02GA038,NITH RIVER ABOVE NITHBURG,ON,43.48389053344727,-80.83499908447266,326.0,,0
02GA039,CONESTOGO RIVER ABOVE DRAYTON,ON,43.78353118896485,-80.63777923583984,275.0,,0
02GA040,SPEED RIVER NEAR ARMSTRONG MILLS,ON,43.63861083984375,-80.2699966430664,167.0,,0
02GA041,GRAND RIVER NEAR DUNDALK,ON,44.14002990722656,-80.36270141601562,66.5,,0
02GA042,MOOREFIELD CREEK NEAR ROTHSAY,ON,43.823001861572266,-80.71785736083984,60.400001525878906,,0
02GA043,HUNSBURGER CREEK NEAR WILMOT CENTRE,ON,43.36447143554688,-80.63260650634766,14.899999618530272,,0
02GA044,SILVER SPRING CREEK NEAR WILMOT CENTRE,ON,43.383670806884766,-80.63616943359375,2.190000057220459,,0
02GA045,HUNSBURGER CREEK NEAR HAYSVILLE,ON,43.36529159545898,-80.6321792602539,7.340000152587891,,0
02GA046,HUNSBURGER CREEK NEAR SCHINDELSTEDDLE,ON,43.383750915527344,-80.62544250488281,3.4600000381469727,,0
02GA047,SPEED RIVER AT CAMBRIDGE,ON,43.42185974121094,-80.33274841308594,762.0,,0
02GA048,GRAND RIVER NEAR DOON,ON,43.41281127929688,-80.41703033447266,2490.0,,0
02GA049,SMITH CREEK NEAR NEWTON,ON,43.59637069702149,-80.89427947998047,71.5999984741211,,0
02GA050,LARCHES CREEK NEAR ELMIRA,ON,43.61619186401367,-80.58342742919922,22.5,,0
02GB001,GRAND RIVER AT BRANTFORD,ON,43.132720947265625,-80.2673110961914,5200.0,,0
02GB002,GRAND RIVER AT YORK,ON,43.022220611572266,-79.89221954345703,5910.0,,0
02GB003,WHITEMANS CREEK NEAR BURFORD,ON,43.14860916137695,-80.35556030273438,399.0,,0
02GB004,FAIRCHILD CREEK NEAR ONONDAGA,ON,43.11000061035156,-80.13471984863281,298.0,,0
02GB005,BOSTON CREEK NEAR YORK,ON,43.02082824707031,-79.915283203125,,,0
02GB006,HORNER CREEK NEAR PRINCETON,ON,43.1739387512207,-80.55264282226562,150.0,,0
02GB007,FAIRCHILD CREEK NEAR BRANTFORD,ON,43.14738845825195,-80.15460968017578,389.0,,0
02GB008,WHITEMANS CREEK NEAR MOUNT VERNON,ON,43.126251220703125,-80.38372039794922,386.0,,0
02GB009,KENNY CREEK NEAR BURFORD,ON,43.09917068481445,-80.48860931396484,91.9000015258789,,0
02GB010,MCKENZIE CREEK NEAR CALEDONIA,ON,43.033939361572266,-79.9498062133789,173.0,,0
02GB011,MOUNT PLEASANT CREEK NEAR BURTCH,ON,43.067779541015625,-80.2611083984375,29.0,,0
02GC001,BIG CREEK NEAR PORT ROWAN,ON,42.59999847412109,-80.51667022705078,699.0,,0
02GC002,KETTLE CREEK AT ST. THOMAS,ON,42.77769088745117,-81.21399688720703,331.0,,0
02GC004,BIG OTTER CREEK NEAR VIENNA,ON,42.685001373291016,-80.79611206054688,697.0,,0
02GC005,NORTH CREEK AT DELHI,ON,42.85277938842773,-80.50971984863281,54.400001525878906,,0
02GC006,BIG CREEK NEAR DELHI,ON,42.83771896362305,-80.5098876953125,370.0,,0
02GC007,BIG CREEK NEAR WALSINGHAM,ON,42.68561172485352,-80.53846740722656,567.0,,0
02GC008,LYNN RIVER AT SIMCOE,ON,42.82332992553711,-80.28943634033203,144.0,,0
02GC009,VENISON CREEK NEAR BIG CREEK,ON,42.65417098999024,-80.5486068725586,81.4000015258789,,0
02GC010,BIG OTTER CREEK AT TILLSONBURG,ON,42.8573112487793,-80.72357940673828,354.0,,0
02GC011,BIG CREEK NEAR KELVIN,ON,42.98680877685547,-80.44468688964844,154.0,,0
02GC012,PATTERSON CREEK NEAR SIMCOE,ON,42.85361099243164,-80.32805633544922,51.29999923706055,,0
02GC013,DEDRICK CREEK NEAR PORT ROWAN,ON,42.62805938720703,-80.47222137451172,75.9000015258789,,0
02GC014,YOUNG CREEK NEAR VITTORIA,ON,42.765750885009766,-80.2945785522461,65.80000305175781,,0
02GC015,LITTLE OTTER CREEK NEAR STRAFFORDVILLE,ON,42.75638961791992,-80.80722045898438,104.0,,0
02GC016,SOUTH OTTER CREEK NEAR PORT BURWELL,ON,42.6533317565918,-80.78056335449219,109.0,,0
02GC017,BIG OTTER CREEK ABOVE OTTERVILLE,ON,42.9658317565918,-80.5425796508789,101.0,,0
02GC018,CATFISH CREEK NEAR SPARTA,ON,42.74607849121094,-81.05693817138672,295.0,,0
02GC021,VENISON CREEK NEAR WALSINGHAM,ON,42.653358459472656,-80.5484390258789,68.4000015258789,,0
02GC022,NANTICOKE CREEK AT NANTICOKE,ON,42.80992126464844,-80.076171875,177.0,,0
02GC023,FISHERS CREEK NEAR FISHERS GLEN,ON,42.72528076171875,-80.31749725341797,5.179999828338623,,0
02GC024,SILVER CREEK NEAR COPENHAGEN,ON,42.69417190551758,-80.96749877929688,27.200000762939453,,0
02GC025,HEMLOCK CREEK NEAR PORT BURWELL,ON,42.65193939208984,-80.77056121826172,10.100000381469728,,0
02GC026,BIG OTTER CREEK NEAR CALTON,ON,42.710670471191406,-80.84081268310547,665.0,,0
02GC027,LAKE ERIE AT PORT STANLEY,ON,42.659061431884766,-81.21343994140625,,,0
02GC028,LAKE ERIE AT PORT DOVER,ON,42.78142166137695,-80.2015609741211,,,0
02GC029,KETTLE CREEK ABOVE ST. THOMAS,ON,42.83518981933594,-81.13471984863281,134.0,,0
02GC030,CATFISH CREEK AT AYLMER,ON,42.77375030517578,-80.98267364501953,127.0,,0
02GC031,DODD CREEK BELOW PAYNES MILLS,ON,42.787391662597656,-81.26750183105469,99.5999984741211,,0
02GC032,HOLTBY DRAIN AT CONCESSION NO. 7 (KETTLE CONTROL),ON,42.883331298828125,-81.13139343261719,3.1700000762939453,,0
02GC033,MADTER DRAIN AT CONCESSION NO. 7 (KETTLE TEST),ON,42.88138961791992,-81.15583038330078,4.0,,0
02GC034,SANDUSK CREEK NEAR HAGERSVILLE,ON,42.952781677246094,-80.16416931152344,3.9600000381469727,,0
02GC035,SANDUSK CREEK NEAR SELKIRK,ON,42.8236083984375,-79.99305725097656,118.0,,0
02GC036,SILVER CREEK NEAR GROVESEND,ON,42.67583084106445,-80.95333099365234,40.29999923706055,,0
02GC037,NANTICOKE CREEK NEAR DUNDURN,ON,42.96706008911133,-80.34339904785156,22.200000762939453,,0
02GC038,VENISON CREEK NEAR LANGTON,ON,42.7276496887207,-80.62653350830078,44.20000076293945,,0
02GD001,THAMES RIVER NEAR EALING,ON,42.97356033325195,-81.20858001708984,1340.0,,0
02GD003,NORTH THAMES RIVER BELOW FANSHAWE DAM,ON,43.04077911376953,-81.18283081054688,1420.0,,0
02GD004,MIDDLE THAMES RIVER AT THAMESFORD,ON,43.05910873413086,-80.99485778808594,306.0,,0
02GD005,NORTH THAMES RIVER AT ST. MARYS,ON,43.2557487487793,-81.14562225341797,1080.0,,0
02GD006,THAMES RIVER NEAR INGERSOLL,ON,43.01860809326172,-80.92582702636719,554.0,,0
02GD007,NORTH THAMES RIVER AT LONDON,ON,43.00722122192383,-81.2683334350586,1700.0,,0
02GD008,MEDWAY RIVER AT LONDON,ON,43.013671875,-81.28044128417969,203.0,,0
02GD009,TROUT CREEK NEAR ST. MARYS,ON,43.27322006225586,-81.10321807861328,149.0,,0
02GD010,FISH CREEK NEAR PROSPECT HILL,ON,43.2204704284668,-81.23680877685547,144.0,,0
02GD011,CEDAR CREEK AT WOODSTOCK,ON,43.12200164794922,-80.75153350830078,87.80000305175781,,0
02GD012,THAMES RIVER AT WOODSTOCK,ON,43.144168853759766,-80.75110626220703,254.0,,0
02GD013,WYE CREEK NEAR THORNDALE,ON,43.09167098999024,-81.15083312988281,38.900001525878906,,0
02GD014,NORTH THAMES RIVER NEAR MITCHELL,ON,43.45042037963867,-81.20677947998047,315.0,,0
02GD015,NORTH THAMES RIVER NEAR THORNDALE,ON,43.14931106567383,-81.192138671875,1320.0,,0
02GD016,THAMES RIVER AT INGERSOLL,ON,43.04127883911133,-80.88616943359375,510.0,,0
02GD018,AVON RIVER BELOW STRATFORD,ON,43.34471893310547,-81.11641693115234,140.0,,0
02GD019,TROUT CREEK NEAR FAIRVIEW,ON,43.29558181762695,-80.97303009033203,36.0,,0
02GD020,WAUBUNO CREEK NEAR DORCHESTER,ON,42.99443817138672,-81.11666870117188,108.0,,0
02GD021,THAMES RIVER AT INNERKIP,ON,43.215309143066406,-80.69185638427734,149.0,,0
02GD022,NISSOURI CREEK NEAR EMBRO,ON,43.130001068115234,-80.96333312988281,29.100000381469727,,0
02GD023,THAMES RIVER NEAR TAVISTOCK,ON,43.30472183227539,-80.8499984741211,34.20000076293945,,0
02GD024,WEBBER DRAIN AT HIGHWAY NO. 59 (PITTOCK CONTROL),ON,43.25638961791992,-80.82333374023438,3.7200000286102295,,0
02GD025,GORING DRAIN AT CONCESSION NO. 13 (PITTOCK TEST),ON,43.28472137451172,-80.82111358642578,3.509999990463257,,0
02GD026,AVON RIVER ABOVE STRATFORD,ON,43.37652969360352,-80.93805694580078,74.5,,0
02GD027,REYNOLDS CREEK NEAR PUTNAM,ON,42.98155975341797,-80.9546127319336,145.0,,0
02GD028,STONEY CREEK AT LONDON,ON,43.02199935913086,-81.2534408569336,37.29999923706055,,0
02GE001,THAMES RIVER AT KILWORTH,ON,42.9638900756836,-81.38944244384766,3290.0,,0
02GE002,THAMES RIVER AT BYRON,ON,42.962501525878906,-81.33177947998047,3080.0,,0
02GE003,THAMES RIVER AT THAMESVILLE,ON,42.54486083984375,-81.96726989746094,4370.0,,0
02GE004,THAMES RIVER AT CHATHAM,ON,42.41427993774414,-82.179443359375,4610.0,,0
02GE005,DINGMAN CREEK BELOW LAMBETH,ON,42.93410873413086,-81.35131072998047,149.0,,0
02GE006,THAMES RIVER NEAR DUTTON,ON,42.730690002441406,-81.57746887207031,3820.0,,0
02GE007,MCGREGOR CREEK NEAR CHATHAM,ON,42.38349914550781,-82.09506225585938,204.0,,0
02GE008,OXBOW CREEK NEAR KILWORTH,ON,42.96599960327149,-81.41802978515625,85.69999694824219,,0
02GE009,BIG CREEK NEAR COMBER,ON,42.20500946044922,-82.520263671875,56.900001525878906,,0
02GF001,O.A.C. FARM GAUGE NO. 2 NEAR MERLIN,ON,42.209720611572266,-82.18055725097656,11.399999618530272,,0
02GF002,LAKE ERIE AT ERIEAU,ON,42.26013946533203,-81.9146728515625,,,0
02GG002,SYDENHAM RIVER NEAR ALVINSTON,ON,42.830810546875,-81.85172271728516,701.0,,0
02GG003,SYDENHAM RIVER AT FLORENCE,ON,42.650611877441406,-82.00839233398438,1150.0,,0
02GG004,BEAR CREEK ABOVE WILKESPORT,ON,42.76443862915039,-82.34166717529297,609.0,,0
02GG005,SYDENHAM RIVER AT STRATHROY,ON,42.95885848999024,-81.62713623046875,171.0,,0
02GG006,BEAR CREEK NEAR PETROLIA,ON,42.90583038330078,-82.11911010742188,249.0,,0
02GG007,SYDENHAM RIVER NEAR DRESDEN,ON,42.59389114379883,-82.10861206054688,1240.0,,0
02GG008,SYDENHAM RIVER AT WALLACEBURG,ON,42.592891693115234,-82.38333129882812,2680.0,,0
02GG009,BEAR CREEK BELOW BRIGDEN,ON,42.81203079223633,-82.29842376708984,536.0,,0
02GG010,ST. CLAIR RIVER AT POINT EDWARD,ON,42.99127960205078,-82.42150115966797,,,0
02GG011,ST. CLAIR RIVER AT PORT LAMBTON,ON,42.65727996826172,-82.507080078125,,,0
02GG013,BLACK CREEK NEAR BRADSHAW,ON,42.7624397277832,-82.25921630859375,213.0,,0
02GG014,ST. CLAIR RIVER AT PORT HURON,MI,42.9869384765625,-82.42472076416016,576013.0,,0
02GH001,STURGEON CREEK NEAR LEAMINGTON,ON,42.04555892944336,-82.57472229003906,14.199999809265137,,0
02GH002,RUSCOM RIVER NEAR RUSCOM STATION,ON,42.21149826049805,-82.62914276123047,125.0,,0
02GH003,CANARD RIVER NEAR LUKERVILLE,ON,42.15896987915039,-83.01889038085938,159.0,,0
02GH004,TURKEY CREEK AT WINDSOR,ON,42.260501861572266,-83.03983306884766,29.600000381469727,,0
02GH005,LAKE ST. CLAIR AT BELLE RIVER,ON,42.29616928100586,-82.71086120605469,,,0
02GH006,LAKE ST. CLAIR AT TECUMSEH,ON,42.33943939208984,-82.92333221435547,,,0
02GH007,DETROIT RIVER AT LA SALLE,ON,42.24166870117188,-83.10527801513672,,,0
02GH008,DETROIT RIVER AT AMHERSTBURG,ON,42.14419174194336,-83.11380767822266,,,0
02GH009,LAKE ERIE AT BAR POINT,ON,42.06172180175781,-83.11486053466797,,,0
02GH010,LAKE ERIE AT KINGSVILLE,ON,42.02685928344727,-82.73491668701172,,,0
02GH011,LITTLE RIVER AT WINDSOR,ON,42.30986022949219,-82.92849731445312,55.29999923706055,,0
02GH013,FIFTH CONCESSION DRAIN NEAR ESSEX (TEST),ON,42.20500183105469,-82.78666687011719,3.900000095367432,,0
02GH014,SECOND CONCESSION DRAIN NEAR ESSEX (CONTROL),ON,42.19361114501953,-82.73722076416016,3.190000057220459,,0
02GH015,DETROIT RIVER AT FORT WAYNE,MI,42.29806137084961,-83.09278106689453,592589.0,,0
02GH016,TURKEY CREEK AT SOUTH WINDSOR,ON,42.26408004760742,-83.03241729736328,14.600000381469728,,0
02HA003,NIAGARA RIVER AT QUEENSTON,ON,43.15694046020508,-79.0472183227539,686000.0,,0
02HA006,TWENTY MILE CREEK AT BALLS FALLS,ON,43.13346862792969,-79.38324737548828,292.0,,0
02HA007,WELLAND RIVER BELOW CAISTOR CORNERS,ON,43.02177810668945,-79.6180191040039,223.0,,0
02HA008,NIAGARA RIVER BELOW PEACE BRIDGE,ON,42.91168975830078,-78.90875244140625,,,0
02HA013,NIAGARA RIVER AT FORT ERIE,ON,42.93027877807617,-78.91416931152344,683000.0,682980.0,0
02HA014,REDHILL CREEK AT HAMILTON,ON,43.240970611572266,-79.77388763427734,51.70000076293945,,0
02HA015,WELLAND RIVER NEAR MOUNT HOPE,ON,43.17055892944336,-79.94750213623047,2.0799999237060547,,0
02HA016,THREE MILE CREEK AT MOUNT HOPE,ON,43.16611099243164,-79.90943908691406,4.380000114440918,,0
02HA017,LAKE ERIE AT PORT COLBORNE,ON,42.8745002746582,-79.2528305053711,,,0
02HA018,LAKE ONTARIO AT PORT WELLER,ON,43.23688888549805,-79.21967315673828,,,0
02HA019,WELLAND CANAL DIVERSION FROM LAKE ERIE,ON,42.95000076293945,-79.21666717529297,,,0
02HA020,TWENTY MILE CREEK ABOVE SMITHVILLE,ON,43.11563873291016,-79.56619262695312,166.0,,0
02HA021,WELLAND RIVER NEAR BINBROOK,ON,43.09249877929688,-79.79888916015625,67.0999984741211,,0
02HA022,STONEY CREEK AT STONEY CREEK,ON,43.225528717041016,-79.75116729736328,20.0,,0
02HA023,REDHILL CREEK AT ALBION FALLS,ON,43.200469970703125,-79.82047271728516,23.5,,0
02HA024,OSWEGO CREEK AT CANBOROUGH,ON,42.991310119628906,-79.67825317382812,83.19999694824219,,0
02HA025,WELLAND RIVER AT WELLAND CANAL,ON,42.99528121948242,-79.25250244140625,,,0
02HA026,BIG FORKS CREEK NEAR WAINFLEET,ON,42.94889068603516,-79.38111114501953,62.400001525878906,,0
02HA027,WALKER CREEK AT ST. CATHARINES,ON,43.2158317565918,-79.22833251953125,5.25,,0
02HA028,WELLAND RIVER AT WELLANDPORT,ON,43.005001068115234,-79.48249816894531,473.0,,0
02HA029,BLACK CREEK AT STEVENSVILLE,ON,42.94499969482422,-79.04222106933594,47.5,,0
02HA030,FOUR MILE CREEK NEAR VIRGIL,ON,43.19561004638672,-79.11332702636719,13.5,,0
02HA031,TWELVE MILE CREEK NEAR POWER GLEN,ON,43.11478042602539,-79.2745590209961,47.400001525878906,,0
02HA032,NORTH CREEK NEAR SMITHVILLE,ON,43.07453155517578,-79.5250015258789,36.59999847412109,,0
02HB001,CREDIT RIVER NEAR CATARACT,ON,43.83586120605469,-80.02288818359375,209.0,,0
02HB002,CREDIT RIVER AT ERINDALE,ON,43.542781829833984,-79.65721893310547,795.0,,0
02HB004,EAST SIXTEEN MILE CREEK NEAR OMAGH,ON,43.499168395996094,-79.77677917480469,193.0,,0
02HB005,SIXTEEN MILE CREEK AT MILTON,ON,43.51388931274414,-79.87972259521484,101.0,,0
02HB006,GRINDSTONE CREEK ABOVE HIGHWAY NO. 403,ON,43.307220458984375,-79.86888885498047,72.5,,0
02HB007,SPENCER CREEK AT DUNDAS,ON,43.265419006347656,-79.96427917480469,158.0,,0
02HB008,CREDIT RIVER WEST BRANCH AT NORVAL,ON,43.64656066894531,-79.86627960205078,131.0,,0
02HB010,SPENCER CREEK AT DUNDAS CROSSING,ON,43.26499938964844,-79.9647216796875,166.0,,0
02HB011,BRONTE CREEK NEAR ZIMMERMAN,ON,43.4368896484375,-79.86432647705078,242.0,,0
02HB012,GRINDSTONE CREEK NEAR ALDERSHOT,ON,43.30064010620117,-79.86900329589844,77.9000015258789,,0
02HB013,CREDIT RIVER NEAR ORANGEVILLE,ON,43.89126968383789,-80.0624008178711,60.59999847412109,,0
02HB015,SPENCER CREEK NEAR WESTOVER,ON,43.35308074951172,-80.07788848876953,63.5,,0
02HB016,BRONTE CREEK AT PROGRESTON,ON,43.39860916137695,-79.95944213867188,124.0,,0
02HB017,LAKE ONTARIO AT BURLINGTON,ON,43.29972076416016,-79.79277801513672,,,0
02HB018,CREDIT RIVER AT BOSTON MILLS,ON,43.77357864379883,-79.92682647705078,415.0,,0
02HB019,CREDIT RIVER ALTON BRANCH ABOVE ALTON,ON,43.85388946533203,-80.08389282226562,59.5,,0
02HB020,CREDIT RIVER ERIN BRANCH ABOVE ERIN,ON,43.77180862426758,-80.09364318847656,32.29999923706055,,0
02HB021,ANCASTER CREEK AT ANCASTER,ON,43.23117065429688,-79.97386169433594,9.140000343322754,,0
02HB022,BRONTE CREEK AT CARLISLE,ON,43.388858795166016,-79.98811340332031,123.0,,0
02HB023,SPENCER CREEK AT HIGHWAY NO. 5,ON,43.28292083740234,-80.05281066894531,126.0,,0
02HB024,BLACK CREEK BELOW ACTON,ON,43.62931060791016,-80.01042175292969,18.899999618530277,,0
02HB025,CREDIT RIVER AT NORVAL,ON,43.647579193115234,-79.85600280761719,645.0,,0
02HB026,CREDIT RIVER AT MISSISSAUGA GOLF COURSE,ON,43.54949188232422,-79.63612365722656,,,0
02HB027,FOURTEEN MILE CREEK AT OAKVILLE,ON,43.42145156860352,-79.7031478881836,24.5,,0
02HB028,GRINDSTONE CREEK NEAR MILLGROVE,ON,43.33486175537109,-79.94905853271484,36.79999923706055,,0
02HB029,CREDIT RIVER AT STREETSVILLE,ON,43.582279205322266,-79.70874786376953,774.0,,0
02HB030,COOKSVILLE CREEK NEAR COOKSVILLE,ON,43.59233093261719,-79.62389373779297,19.700000762939453,,0
02HB031,CREDIT RIVER ERIN BRANCH AT HILLSBURGH,ON,43.79024887084961,-80.14344024658203,12.5,,0
02HB032,MOUNTSBERG CREEK BELOW MOUNTSBERG RESERVOIR,ON,43.45483016967773,-80.04582977294922,35.599998474121094,,0
02HB033,MOUNTSBERG CREEK NEAR CARLISLE,ON,43.40153121948242,-79.99302673339844,52.79999923706055,,0
02HB034,GRINDSTONE CREEK AT HIDDEN VALLEY PARK,ON,43.30595016479492,-79.86318969726562,,,0
02HB035,BLACK CREEK AT LIMEHOUSE,ON,43.63463973999024,-79.9775619506836,33.099998474121094,,0
02HC002,ETOBICOKE CREEK NEAR SUMMERVILLE,ON,43.62667083740234,-79.56417083740234,166.0,,0
02HC003,HUMBER RIVER AT WESTON,ON,43.69894027709961,-79.52039337158203,802.0,,0
02HC004,LITTLE DON RIVER NEAR LANSING,ON,43.772220611572266,-79.36528015136719,119.0,,0
02HC005,DON RIVER WEST BRANCH AT YORK MILLS,ON,43.74024963378906,-79.40313720703125,88.0999984741211,,0
02HC006,DUFFINS CREEK AT PICKERING,ON,43.85277938842773,-79.06221771240234,249.0,,0
02HC007,HUMBER RIVER ABOVE EAST HUMBER RIVER,ON,43.79167175292969,-79.59500122070312,300.0,,0
02HC008,WEST HUMBER RIVER NEAR THISTLETOWN,ON,43.730560302734375,-79.55416870117188,205.0,,0
02HC009,EAST HUMBER RIVER NEAR PINE GROVE,ON,43.79008102416992,-79.58441925048828,191.0,,0
02HC010,EAST HUMBER RIVER NEAR KLEINBURG,ON,43.86943817138672,-79.63471984863281,132.0,,0
02HC011,HUMBER RIVER AT WOODBRIDGE,ON,43.7852783203125,-79.59027862548828,495.0,,0
02HC012,HUMBER RIVER NEAR CEDAR MILLS,ON,43.92832946777344,-79.81582641601562,169.0,,0
02HC013,HIGHLAND CREEK NEAR WEST HILL,ON,43.77819061279297,-79.19146728515625,89.0999984741211,,0
02HC014,LITTLE ROUGE CREEK AT ROUGE HILL,ON,43.81528091430664,-79.15693664550781,106.0,,0
02HC015,ROUGE RIVER AT ROUGE HILL,ON,43.81388854980469,-79.15778350830078,223.0,,0
02HC016,WEST HUMBER RIVER NEAR WILDFIELD,ON,43.8105583190918,-79.71582794189453,36.29999923706055,,0
02HC017,ETOBICOKE CREEK AT BRAMPTON,ON,43.69158172607422,-79.75939178466797,68.5999984741211,,0
02HC018,LYNDE CREEK NEAR WHITBY,ON,43.8754997253418,-78.9603271484375,100.0,,0
02HC019,DUFFINS CREEK ABOVE PICKERING,ON,43.89128112792969,-79.05928039550781,93.5,,0
02HC022,ROUGE RIVER NEAR MARKHAM,ON,43.858360290527344,-79.23355865478516,181.0,,0
02HC023,COLD CREEK NEAR BOLTON,ON,43.88800048828125,-79.717529296875,62.20000076293945,,0
02HC024,DON RIVER AT TODMORDEN,ON,43.68585968017578,-79.36150360107422,319.0,,0
02HC025,HUMBER RIVER AT ELDER MILLS,ON,43.811309814453125,-79.62757873535156,296.0,,0
02HC026,WEST DUFFINS CREEK AT GREEN RIVER,ON,43.9022216796875,-79.18472290039062,98.0999984741211,,0
02HC027,BLACK CREEK NEAR WESTON,ON,43.67425155639648,-79.50435638427734,58.0,,0
02HC028,LITTLE ROUGE CREEK NEAR LOCUST HILL,ON,43.90789031982422,-79.21627807617188,83.5999984741211,,0
02HC029,LITTLE DON RIVER AT DON MILLS,ON,43.75749969482422,-79.34500122070312,130.0,,0
02HC030,ETOBICOKE CREEK BELOW QUEEN ELIZABETH HIGHWAY,ON,43.601749420166016,-79.55632781982422,205.0,,0
02HC031,WEST HUMBER RIVER AT HIGHWAY NO. 7,ON,43.75836181640625,-79.67893981933594,142.0,,0
02HC032,EAST HUMBER RIVER AT KING CREEK,ON,43.90277862548828,-79.61277770996094,94.8000030517578,,0
02HC033,MIMICO CREEK AT ISLINGTON,ON,43.64736175537109,-79.51969146728516,67.80000305175781,,0
02HC034,WEST HUMBER RIVER BELOW CLAIREVILLE DAM,ON,43.7377815246582,-79.62944030761719,194.0,,0
02HC035,STOUFFVILLE CREEK BELOW STOUFFVILLE,ON,43.95528030395508,-79.23249816894531,15.300000190734863,,0
02HC036,KATABOKOKONK CREEK ABOVE LOCUST HILL,ON,43.91860961914063,-79.22611236572266,3.630000114440918,,0
02HC037,MAJOR CREEK ABOVE GREEN RIVER,ON,43.90555953979492,-79.19082641601562,4.920000076293945,,0
02HC038,WEST DUFFINS CREEK ABOVE GREEN RIVER,ON,43.915748596191406,-79.17952728271484,52.0,,0
02HC039,REESOR CREEK ABOVE GREEN RIVER,ON,43.935279846191406,-79.2008285522461,38.29999923706055,,0
02HC040,REESOR CREEK NEAR ALTONA,ON,43.95444107055664,-79.20777893066406,15.0,,0
02HC041,WEST DUFFINS CREEK NEAR ALTONA,ON,43.95861053466797,-79.18888854980469,21.700000762939453,,0
02HC042,GANATSEKIAGON CREEK NEAR BROUGHAM,ON,43.9113883972168,-79.13944244384766,,,0
02HC043,URFE CREEK NEAR BROUGHAM,ON,43.91693878173828,-79.1138916015625,2.8499999046325684,,0
02HC044,BROUGHAM CREEK AT BROUGHAM,ON,43.915828704833984,-79.10639190673828,3.630000114440918,,0
02HC045,MICHELL CREEK BELOW CLAREMONT,ON,43.96110916137695,-79.12805938720703,25.899999618530277,,0
02HC046,WIXON CREEK BELOW ALTONA,ON,43.959999084472656,-79.18250274658203,10.600000381469728,,0
02HC047,HUMBER RIVER NEAR PALGRAVE,ON,43.92850112915039,-79.822998046875,164.0,,0
02HC048,LAKE ONTARIO AT TORONTO,ON,43.63977813720703,-79.38027954101562,,,0
02HC049,DUFFINS CREEK AT AJAX,ON,43.8488883972168,-79.05610656738281,257.0,,0
02HC050,CENTREVILLE CREEK NEAR PALGRAVE,ON,43.92889022827149,-79.82833099365234,,,0
02HC051,CENTREVILLE CREEK NEAR ALBION,ON,43.9244384765625,-79.83444213867188,42.0,,0
02HC053,LITTLE ROUGE CREEK NEAR DICKSONS HILL,ON,43.925689697265625,-79.28218841552734,59.0,,0
02HC054,LYNDE CREEK AT BROOKLIN,ON,43.95907974243164,-78.95996856689453,39.0,,0
02HC055,LYNDE CREEK TRIBUTARY NEAR KINSALE,ON,43.93196868896485,-78.98847198486328,37.59999847412109,,0
02HC056,DON RIVER EAST BRANCH NEAR THORNHILL,ON,43.82661056518555,-79.43807983398438,37.29999923706055,,0
02HC057,HUMBER RIVER NEAR BALLYCROY,ON,43.97031021118164,-79.8877182006836,58.52999877929688,,0
02HC058,WEST HIGHLAND CREEK NEAR SCARBOROUGH VILLAGE,ON,43.75321960449219,-79.23367309570312,39.29999923706055,,0
02HC059,HUMBER RIVER AT HIGHWAY NO. 9,ON,43.96876907348633,-79.87374114990234,59.09999847412109,,0
02HC060,CENTREVILLE CREEK NEAR ALBION HILLS,ON,43.92723846435547,-79.83637237548828,,,0
02HC103,ROUGE RIVER AT SCARBOROUGH,ON,43.81111145019531,-79.15972137451172,215.0,,0
02HC104,LITTLE ROUGE CREEK AT SCARBOROUGH,ON,43.81388854980469,-79.15693664550781,111.0,,0
02HC105,PETTICOAT CREEK NEAR DUNBARTON,ON,43.834720611572266,-79.14861297607422,,,0
02HC106,WEST DUFFINS CREEK NEAR PICKERING,ON,43.84999847412109,-79.086669921875,136.0,,0
02HC114,GANATSEKIAGON CREEK NEAR PICKERING,ON,43.85971832275391,-79.08611297607422,13.5,,0
02HD001,GANARASKA RIVER AT PORT HOPE,ON,43.96833038330078,-78.29528045654297,267.0,,0
02HD002,GANARASKA RIVER NEAR DALE,ON,43.98527908325195,-78.30166625976562,262.0,,0
02HD003,GANARASKA RIVER NEAR OSACA,ON,44.01514053344727,-78.43746948242188,67.30000305175781,,0
02HD004,NORTH WEST GANARASKA RIVER NEAR OSACA,ON,44.017189025878906,-78.43875122070312,46.09999847412109,,0
02HD006,BOWMANVILLE CREEK AT BOWMANVILLE,ON,43.92147064208984,-78.7020034790039,80.9000015258789,,0
02HD007,SOPER CREEK AT BOWMANVILLE,ON,43.9022216796875,-78.67250061035156,77.69999694824219,,0
02HD008,OSHAWA CREEK AT OSHAWA,ON,43.9303092956543,-78.89153289794922,95.8000030517578,,0
02HD009,WILMOT CREEK NEAR NEWCASTLE,ON,43.93022155761719,-78.61881256103516,80.69999694824219,,0
02HD010,SHELTER VALLEY BROOK NEAR GRAFTON,ON,43.99187850952149,-78.001220703125,63.79999923706055,,0
02HD012,GANARASKA RIVER ABOVE DALE,ON,43.99094009399414,-78.32819366455078,242.0,,0
02HD013,HARMONY CREEK AT OSHAWA,ON,43.888858795166016,-78.82494354248047,42.900001525878906,,0
02HD014,FAREWELL CREEK AT OSHAWA,ON,43.888328552246094,-78.82111358642578,58.5,,0
02HD015,LAKE ONTARIO AT COBOURG,ON,43.95647048950195,-78.16439056396484,,,0
02HD018,PROCTORS CREEK NEAR BRIGHTON,ON,44.05981063842773,-77.74446868896484,16.799999237060547,,0
02HD019,COBOURG BROOK AT COBOURG,ON,43.96487045288086,-78.18480682373047,122.0,,0
02HD020,BALTIMORE CREEK AT BALTIMORE,ON,44.0288314819336,-78.14705657958984,40.59999847412109,,0
02HD021,WILMOT CREEK NEAR LESKARD,ON,44.00571823120117,-78.64232635498047,25.100000381469727,,0
02HD022,COBOURG BROOK NEAR PRECIOUS CORNERS,ON,43.98843002319336,-78.21064758300781,33.599998474121094,,0
02HD023,MACKIE CREEK NEAR HAMPTON,ON,43.97908020019531,-78.68031311035156,14.699999809265137,,0
02HD024,GAGE CREEK NEAR DALE,ON,43.99702835083008,-78.25433349609375,21.0,,0
02HE001,BLOOMFIELD CREEK AT BLOOMFIELD,ON,43.99055862426758,-77.21833038330078,13.899999618530272,,0
02HE002,CONSECON CREEK AT ALLISONVILLE,ON,44.027469635009766,-77.366943359375,119.0,,0
02HE003,DEMORESTVILLE CREEK AT DEMORESTVILLE,ON,44.09056091308594,-77.21056365966797,29.299999237060547,,0
02HE004,BLACK CREEK AT MILFORD,ON,43.935359954833984,-77.0902099609375,41.20000076293945,,0
02HF002,GULL RIVER AT NORLAND,ON,44.73183059692383,-78.81806182861328,1280.0,,0
02HF003,BURNT RIVER NEAR BURNT RIVER,ON,44.70986175537109,-78.67752838134766,1250.0,,0
02HF004,BOB CREEK NEAR MINDEN,ON,44.935279846191406,-78.76860809326172,21.799999237060547,,0
02HF005,BURNT RIVER AT THREE BROTHERS FALLS,ON,44.81322860717773,-78.6362075805664,1122.0,,0
02HG001,MARIPOSA BROOK NEAR LITTLE BRITAIN,ON,44.28963851928711,-78.84161376953125,189.0,,0
02HG002,NONQUON RIVER NEAR PORT PERRY,ON,44.08668899536133,-79.0060806274414,32.599998474121094,,0
02HG003,BLACKSTOCK CREEK NEAR BLACKSTOCK,ON,44.13191986083984,-78.82897186279297,33.79999923706055,,0
02HG006,LAKE SCUGOG AT SCUGOG ISLAND MARINA,ON,44.19142150878906,-78.86216735839844,,,0
02HH001,EELS CREEK BELOW APSLEY,ON,44.64167022705078,-78.1352767944336,241.0,,0
02HH002,MISSISSAGUA RIVER BELOW MISSISSAGUA LAKE,ON,44.67499923706055,-78.34583282470703,326.0,,0
02HH003,PIGEON RIVER NEAR LOTUS,ON,44.1242790222168,-78.69510650634766,26.299999237060547,,0
02HH004,INDIAN RIVER AT GILCHRIST BAY,ON,44.540470123291016,-78.0953598022461,,,0
02HH005,PIGEON RIVER AT OMEMEE,ON,44.29917907714844,-78.55619049072266,7.789999961853027,,0
02HH006,STURGEON LAKE AT FENELON FALLS,ON,44.525390625,-78.72918701171875,,,0
02HJ001,JACKSON CREEK AT PETERBOROUGH,ON,44.30278015136719,-78.3213882446289,116.0,,0
02HJ002,OTONABEE RIVER AT LAKEFIELD,ON,44.42224884033203,-78.27574920654297,7360.0,,0
02HJ003,OUSE RIVER NEAR WESTWOOD,ON,44.29806137084961,-78.04493713378906,283.0,,0
02HJ005,SQUIRREL CREEK NEAR BAILIEBORO,ON,44.12324905395508,-78.388671875,11.600000381469728,,0
02HJ006,JACKSON CREEK NEAR JACKSON HEIGHTS,ON,44.30982971191406,-78.37071990966797,107.0,,0
02HJ007,BAXTER CREEK AT MILLBROOK,ON,44.1502799987793,-78.4469985961914,45.5,,0
02HJ008,INDIAN RIVER AT GILCHRIST BAY,ON,44.540470123291016,-78.0953598022461,,,0
02HJ009,INDIAN RIVER ABOVE HOPE MILL DAM,ON,44.28404998779297,-78.17217254638672,,,0
02HJ010,OTONABEE RIVER NEAR ROBINSONS ISLAND,ON,44.25860977172852,-78.33444213867188,,,0
02HJ011,OUSE RIVER AT NORWOOD,ON,44.38494110107422,-77.97611236572266,,,0
02HJ012,INDIAN RIVER BELOW HOPE MILL DAM,ON,44.28404998779297,-78.17217254638672,,,0
02HK002,TRENT RIVER AT HEALEY FALLS,ON,44.37055969238281,-77.77832794189453,9090.0,,0
02HK003,CROWE RIVER AT MARMORA,ON,44.481571197509766,-77.68479919433594,1930.0,,0
02HK004,TRENT RIVER AT GLEN ROSS,ON,44.26388931274414,-77.602783203125,12000.0,,0
02HK005,CROWE RIVER NEAR GLEN ALDA,ON,44.8450813293457,-77.929443359375,456.0,,0
02HK006,BEAVER CREEK NEAR MARMORA,ON,44.53522109985352,-77.69661712646484,553.0,,0
02HK007,COLD CREEK AT ORLAND,ON,44.13475036621094,-77.78703308105469,161.0,,0
02HK008,RAWDON CREEK NEAR WEST HUNTINGDON,ON,44.338340759277344,-77.47731018066406,93.0,,0
02HK009,BURNLEY CREEK ABOVE WARKWORTH,ON,44.19668960571289,-77.91110229492188,82.5999984741211,,0
02HK010,TRENT RIVER AT TRENTON,ON,44.12377166748047,-77.59181213378906,12400.0,,0
02HK011,MAYHEW CREEK NEAR TRENTON,ON,44.109161376953125,-77.61266326904297,33.0,,0
02HK012,TRENT RIVER AT GLEN ROSS (AFFRA),ON,44.269439697265625,-77.58277893066406,12000.0,,0
02HK014,TRENT RIVER NEAR BATAWA (AFFRA),ON,44.17388916015625,-77.58917236328125,12333.0,,0
02HK015,SALT CREEK NEAR CODRINGTON,ON,44.1994514465332,-77.81903839111328,79.0999984741211,,0
02HK016,TROUT CREEK NEAR CAMPBELLFORD,ON,44.301849365234375,-77.83106231689453,35.20000076293945,,0
02HK017,HOARDS CREEK NEAR WELLMAN,ON,44.33176040649414,-77.62841033935547,118.0,,0
02HK018,TRENT RIVER AT UPPER GLEN ROSS,ON,44.26517105102539,-77.59892272949219,,,0
02HK019,TRENT RIVER AT LOWER GLEN ROSS,ON,44.26691818237305,-77.59385681152344,,,0
02HK802,TRENT RIVER AT HEALEY FALLS(POWER PLANT),ON,44.37055969238281,-77.77832794189453,,,0
02HK902,TRENT RIVER AT HEALEY FALLS(SPILLWAY),ON,44.37197113037109,-77.77742004394531,,,0
02HL001,MOIRA RIVER NEAR FOXBORO,ON,44.25373077392578,-77.41883087158203,2590.0,,0
02HL003,BLACK RIVER NEAR ACTINOLITE,ON,44.53960037231445,-77.3696517944336,429.0,,0
02HL004,SKOOTAMATTA RIVER NEAR ACTINOLITE,ON,44.54956817626953,-77.32813262939453,678.0,,1
02HL005,MOIRA RIVER NEAR DELORO,ON,44.49972915649414,-77.61836242675781,297.0,,0
02HL006,PARKS CREEK NEAR LATTA,ON,44.2852783203125,-77.3236083984375,205.0,,0
02HL007,MOIRA RIVER NEAR TWEED,ON,44.48846054077149,-77.31973266601562,1760.0,,0
02HL008,CLARE RIVER NEAR BOGART,ON,44.49681091308594,-77.22749328613281,313.0,,0
02HL101,MOIRA RIVER AT TWEED,ON,44.48860931396485,-77.31971740722656,1770.0,,0
02HL102,CLARE RIVER NEAR BOGART,ON,44.48249816894531,-77.21943664550781,160.0,,0
02HL103,PARKS CREEK NEAR LATTA,ON,44.28472137451172,-77.32499694824219,199.0,,0
02HL104,MOIRA RIVER NEAR THOMASBURG,ON,44.407501220703125,-77.30972290039062,2210.0,,0
02HM001,NAPANEE RIVER NEAR NAPANEE,ON,44.27750015258789,-76.9286117553711,777.0,,0
02HM002,DEPOT CREEK AT BELLROCK,ON,44.47192001342773,-76.76235961914062,181.0,,0
02HM003,SALMON RIVER NEAR SHANNONVILLE,ON,44.2074089050293,-77.20938110351562,907.0,,0
02HM004,WILTON CREEK NEAR NAPANEE,ON,44.23942947387695,-76.8492202758789,105.0,,0
02HM005,COLLINS CREEK NEAR KINGSTON,ON,44.25656127929688,-76.61255645751953,160.0,,0
02HM006,MILLHAVEN CREEK NEAR MILLHAVEN,ON,44.22639846801758,-76.75908660888672,144.0,,0
02HM007,NAPANEE RIVER AT CAMDEN EAST,ON,44.33467864990234,-76.8388900756836,700.0,,0
02HM008,LAKE ONTARIO AT KINGSTON,ON,44.21749877929688,-76.51750183105469,,,0
02HM009,WEST BRANCH LITTLE CATARAQUI CREEK AT KINGSTON,ON,44.24103164672852,-76.57891845703125,4.980000019073486,,0
02HM010,SALMON RIVER AT TAMWORTH,ON,44.48622894287109,-76.99295806884766,532.0,,0
02HM011,MILLHAVEN CREEK AT SYDENHAM,ON,44.41339111328125,-76.59523010253906,57.79999923706055,,0
02JA001,VICTORIA (LAC),QC,47.83583068847656,-77.36556243896484,9840.0,,0
02JA003,OUTAOUAIS (RIVIERE DES) AU RESERVOIR DOZOIS,QC,47.6127815246582,-77.30722045898438,8210.0,,0
02JA005,OUTOUAIS (RIVIERE DES) EN AVAL DU BARRAGE BOURQUE,QC,47.613059997558594,-77.31056213378906,8210.0,,0
02JA006,CAPITACHOUANE (RIVIERE) DANS LA ZEC CAPITACHOUANE,QC,47.72880172729492,-76.714599609375,1090.0,,0
02JB001,OUTAOUAIS (RIVIERE DES) EN AVAL DU BARRAGE DES QUINZE,QC,47.59138870239258,-79.29778289794922,23400.0,,0
02JB002,OUTAOUAIS (RIVIERE DES) EN AMONT DE LA RIVIERE KINOJEVIS,QC,47.92889022827149,-78.6369400024414,14100.0,,0
02JB003,KINOJEVIS (RIVIERE) EN AVAL DE LA RIVIERE VILLEMONTEL,QC,48.45582962036133,-78.3611068725586,1680.0,,0
02JB004,KINOJEVIS (RIVIERE) EN AVAL DU LAC PREISSAC,QC,48.40555953979492,-78.36416625976562,984.0,,0
02JB005,OUTAOUAIS (RIVIERE DES) AU BARRAGE DE RAPIDE-SEPT,QC,47.76832962036133,-78.31056213378906,13100.0,,0
02JB006,OUTAOUAIS (RIVIERE DES) AUX RAPIDES 2,QC,47.93333053588867,-78.57721710205078,14000.0,,0
02JB008,OUTAOUAIS (RIVIERE DES) BARRAGE DES RAPIDES DES QUINZE,QC,47.59138870239258,-79.29499816894531,23400.0,,0
02JB009,OUTAOUAIS (RIVIERE DES) A LA SORTIE DU LAC GRANET,QC,47.84249877929688,-77.54888916015625,10300.0,,0
02JB010,OUTAOUAIS (RIVIERE DES) AU BARRAGE DES RAPIDES DES ILES,QC,47.59111022949219,-79.32971954345703,23400.0,,0
02JB011,QUINZE (LAC DES) A LA POINTE DU PIN ROUGE,QC,47.5701904296875,-79.17453002929688,23400.0,,0
02JB012,SIMARD (LAC) A LAFORCE,QC,47.53622055053711,-78.72943878173828,23400.0,,0
02JB013,"KINOJEVIS (RIVIERE) A 0,3 KM EN AMONT DU PONT-ROUTE A CLERICY",QC,48.36666870117188,-78.85333251953125,2590.0,,0
02JB017,QUINZE (LAC DES) A ANGLIERS,QC,47.55260848999024,-79.2354736328125,23400.0,,0
02JB021,OUTAOUAIS (RIVIERE DES) CENTRALE DE PREMIERE CHUTE,QC,47.59999847412109,-79.45417022705078,23600.0,,0
02JB022,OUTAOUAIS (RIVIERE DES) CENTRALE DE RAPIDE DESQUINZE,QC,47.59138870239258,-79.29499816894531,23400.0,,0
02JB023,OUTAOUAIS (RIVIERE DES) CENTRALE DE RAPIDE DESILES,QC,47.59111022949219,-79.32971954345703,24300.0,,0
02JC001,ENGLEHART RIVER NEAR ENGLEHART,ON,47.79444122314453,-79.8888931274414,1110.0,,0
02JC003,ENGLEHART RIVER NEAR CHARLTON,ON,47.80971908569336,-79.99861145019531,958.0,,0
02JC007,BOSTON CREEK NEAR DANE,ON,48.05833053588867,-79.99166870117188,23.299999237060547,,0
02JC008,BLANCHE RIVER ABOVE ENGLEHART,ON,47.88914108276367,-79.87931060791016,1780.0,,1
02JC009,BLANCHE RIVER AT SWASTIKA,ON,48.10860824584961,-80.10582733154297,251.0,,0
02JC010,LARDER RIVER ABOVE RAVEN LAKE,ON,48.0272216796875,-79.57805633544922,256.0,,0
02JD002,MONTREAL RIVER NEAR ELK LAKE,ON,47.71667098999024,-80.3166732788086,3650.0,,0
02JD004,MONTREAL RIVER AT ELK LAKE,ON,47.725830078125,-80.32472229003906,4120.0,,0
02JD005,MONTREAL RIVER AT INDIAN CHUTE PLANT,ON,47.84167098999024,-80.44721984863281,3420.0,,0
02JD006,MONTREAL RIVER AT INDIAN CHUTE,ON,47.84167098999024,-80.44999694824219,3420.0,,0
02JD008,MONTREAL RIVER AT UPPER NOTCH GENERATING STATION,ON,47.22138977050781,-79.59027862548828,6480.0,,0
02JD009,MONTREAL RIVER AT MOUNTAIN CHUTES,ON,47.6391716003418,-80.19110870361328,4300.0,,0
02JD010,MONTREAL RIVER AT LOWER NOTCH GENERATING STATION,ON,47.13750076293945,-79.45417022705078,6600.0,,0
02JD011,LADY EVELYN RIVER AT LADY EVELYN LAKE,ON,47.4605598449707,-79.99527740478516,1370.0,,0
02JD012,WEST MONTREAL RIVER AT MISTINIKON LAKE DAM,ON,48.04027938842773,-80.70388793945312,1780.0,,0
02JD013,BAY LAKE AT LATCHFORD,ON,47.32102966308594,-79.81199645996094,270.0,,0
02JD014,MONTREAL RIVER AT LATCHFORD,ON,47.321388244628906,-79.81002807617188,6240.0,,0
02JE001,KIPAWA (RIVIERE) EN AVAL DU BARRAGE DE KIPAWA,QC,47.0494384765625,-79.28666687011719,5960.0,,0
02JE002,GORDON (RUISSEAU) A KIPAWA,QC,46.77960968017578,-78.98507690429688,,,0
02JE003,OTTAWA RIVER NEAR TIMISKAMING,ON,46.66667175292969,-79.08332824707031,46100.0,,0
02JE005,KIPAWA (LAC) AU BARRAGE DE KIPAWA,QC,46.78194046020508,-78.98555755615234,5960.0,,0
02JE008,KAIBUSKONG RIVER AT BONFIELD,ON,46.23471832275391,-79.1500015258789,174.0,,0
02JE011,LAKE TIMISKAMING AT HAILEYBURY,ON,47.45011138916016,-79.6297836303711,,,0
02JE012,OTTAWA RIVER AT LA CAVE RAPIDS,ON,46.37778091430664,-78.72332763671875,47900.0,,0
02JE013,OTTAWA RIVER AT MATTAWA,ON,46.32041931152344,-78.71077728271484,,,0
02JE014,MATTAWA RIVER NEAR RUTHERGLEN,ON,46.301231384277344,-78.87860107421875,2040.0,,0
02JE015,KIPAWA (RIVIERE) EN AVAL DE LANIEL,QC,47.06924819946289,-79.31036376953125,,,0
02JE016,GORDON (RUISSEAU) EN AVAL DU BARRAGE DE KIPAWA,QC,46.77888870239258,-78.98860931396484,5960.0,,0
02JE017,KIPAWA (LAC) A LANIEL,QC,47.04188919067383,-79.26981353759766,5980.0,,0
02JE018,FARR CREEK AT NORTH COBALT,ON,47.4244384765625,-79.633056640625,62.900001525878906,,0
02JE019,AMABLE DU FOND RIVER AT SAMUEL DE CHAMPLAIN PROVINCIAL PARK,ON,46.29999923706055,-78.8791732788086,1130.0,,0
02JE020,MATTAWA RIVER BELOW BOUILLON LAKE,ON,46.29888916015625,-78.90721893310547,909.0,,0
02JE021,MATABITCHUAN RIVER AT RABBIT LAKE DAM,ON,47.02888870239258,-79.58721923828125,749.0,,0
02JE022,GORDON (RUISSEAU) AU LAC TEE,QC,46.75944137573242,-79.04556274414062,5960.0,,0
02JE023,KIPAWA (RIVIERE) AU LAC SAIRS,QC,46.77777862548828,-78.48750305175781,2590.0,,0
02JE024,OTTAWA RIVER BELOW TEMISCAMING,ON,46.7076416015625,-79.1014175415039,,,0
02JE025,TEMISCAMINGUE (LAC) A TEMISCAMING,QC,46.71844100952149,-79.10502624511719,,,0
02JE026,TEMISCAMINGUE (LAC) A VILLE-MARIE,QC,47.32931137084961,-79.44461059570312,,,0
02JE027,AMABLE DU FOND RIVER AT KIOSK,ON,46.091400146484375,-78.88514709472656,706.0,,0
02JE028,NET CREEK BELOW NET LAKE,ON,47.08250045776367,-79.73139190673828,368.0,,0
02JE029,KIPAWA (RIVIERE) A 0.2 KM EN AVAL DU BARRAGE LANIEL,QC,47.04240036010742,-79.27310180664062,5977.0,,0
02JE030,KIPAWA (LAC) A KIPAWA,QC,46.77989959716797,-78.98320007324219,5977.0,,0
02JE031,GORDON (RUISSEAU) A LA DECHARGE DU LAC TEE A KIPAWA,QC,46.766998291015625,-79.02790069580078,6022.0,,0
02JE032,OTTAWA RIVER AT THORNE,ON,46.70014190673828,-79.09858703613281,,,0
02KA002,OTTAWA RIVER AT DES JOACHIMS,ON,46.18333053588867,-77.6977767944336,57500.0,,0
02KA003,PERCH LAKE OUTLET NEAR CHALK RIVER,ON,46.03556060791016,-77.3708267211914,7.300000190734863,,0
02KA004,PERCH LAKE INLET NO. 1 NEAR CHALK RIVER,ON,46.036109924316406,-77.3791732788086,0.9300000071525574,,0
02KA005,PERCH LAKE INLET NO. 2 NEAR CHALK RIVER,ON,46.03667068481445,-77.37555694580078,3.5999999046325684,,0
02KA006,PERCH LAKE INLET NO. 3 NEAR CHALK RIVER,ON,46.03028106689453,-77.37139129638672,0.8100000023841858,,0
02KA007,PERCH LAKE INLET NO. 4 NEAR CHALK RIVER,ON,46.02999877929688,-77.37528228759766,0.239999994635582,,0
02KA008,PERCH LAKE INLET NO. 5 NEAR CHALK RIVER,ON,46.03277969360352,-77.37860870361328,0.10999999940395357,,0
02KA009,TRIBUTARY TO PERCH LAKE INLET NO. 2 NEAR CHALK RIVER,ON,46.04222106933594,-77.38221740722656,2.880000114440918,,0
02KA010,EAST TRIBUTARY TO PERCH LAKE INLET NO. 2 NEAR CHALK RIVER,ON,46.03889083862305,-77.37528228759766,0.25,,0
02KA011,DUMOINE (RIVIERE) EN AMONT DE LA RIVIERE DES OUTAOUAIS,QC,46.23139190673828,-77.23139190673828,4350.0,,0
02KA012,MAGANASIPI (RIVIERE) EN AMONT DE LA RIVIERE DES OUTAOUAIS,QC,46.28556060791016,-78.3125,622.0,,0
02KA013,MAGANASIPI (RIVIERE) AU LAC JOHNSON,QC,46.331668853759766,-78.34832763671875,575.0,,0
02KA014,MAGANASIPI (RIVIERE) EN AMONT DE LA RIVIERE DES OUTAOUAIS,QC,46.300559997558594,-78.31694030761719,619.0,,0
02KA015,AUMOND CREEK NEAR MATTAWA,ON,46.27613830566406,-78.47875213623047,167.0,,0
02KB001,PETAWAWA RIVER NEAR PETAWAWA,ON,45.88658142089844,-77.31288146972656,4120.0,,0
02KC001,BONNECHERE RIVER NEAR EGANVILLE,ON,45.52777862548828,-77.08055877685547,1740.0,,0
02KC002,BONNECHERE RIVER AT GOLDEN LAKE,ON,45.57416915893555,-77.23332977294922,,,0
02KC003,BONNECHERE RIVER AT RENFREW,ON,45.48194122314453,-76.6875,2280.0,,0
02KC005,OTTAWA RIVER NEAR WESTMEATH,ON,45.89500045776367,-76.91166687011719,,,0
02KC009,BONNECHERE RIVER NEAR CASTLEFORD,ON,45.4964714050293,-76.56461334228516,2380.0,,0
02KC010,BONNECHERE RIVER AT ROUND LAKE,ON,45.619998931884766,-77.46333312988281,,,0
02KC011,OUTAOUAIS (RIVIERE DES) PRES DE PORTAGE-DU-FORT,QC,45.61027908325195,-76.67082977294922,74300.0,,0
02KC012,OTTAWA RIVER AT ARNPRIOR,ON,45.44443893432617,-76.352783203125,,,0
02KC013,OTTAWA RIVER AT PEMBROKE,ON,45.82917022705078,-77.11721801757812,,,0
02KC014,INDIAN RIVER NEAR PEMBROKE,ON,45.7852783203125,-77.1383285522461,443.0,,0
02KC015,MUSKRAT RIVER NEAR PEMBROKE,ON,45.797889709472656,-77.10797119140625,674.0,,0
02KC016,OTTAWA RIVER AT SANDPOINT,ON,45.48749923706055,-76.43472290039062,,,0
02KC017,OUTAOUAIS (RIVIERE DES) CENTRALE DE BRYSON,QC,45.661109924316406,-76.63056182861328,73700.0,,0
02KC018,INDIAN RIVER AT PEMBROKE,ON,45.81827926635742,-77.12510681152344,465.0,,0
02KD001,MADAWASKA RIVER AT MADAWASKA,ON,45.51388931274414,-77.9847183227539,1370.0,,0
02KD002,YORK RIVER NEAR BANCROFT,ON,45.05213928222656,-77.84603118896484,844.0,,0
02KD004,MADAWASKA RIVER AT PALMER RAPIDS,ON,45.32807922363281,-77.5155029296875,5800.0,,0
02KD006,MADAWASKA RIVER AT WHITNEY,ON,45.49666976928711,-78.23332977294922,1010.0,,0
02KD007,MADAWASKA RIVER AT BARK LAKE DAM,ON,45.41638946533203,-77.7880630493164,2720.0,,0
02KD008,BAPTISTE LAKE AT BAPTISTE LAKE DAM,ON,45.11888885498047,-77.91667175292969,,,0
02KD009,WESLEMKOON LAKE AT WESLEMKOON,ON,44.98389053344727,-77.41722106933594,,,0
02KE002,MADAWASKA RIVER NEAR ARNPRIOR,ON,45.40639114379883,-76.44444274902344,8260.0,,0
02KE003,MADAWASKA RIVER AT CALABOGIE,ON,45.30416870117188,-76.70832824707031,8000.0,,0
02KE004,MADAWASKA RIVER AT CLAY BANK,ON,45.40555953979492,-76.39360809326172,8310.0,,0
02KE005,MADAWASKA RIVER AT STEWARTVILLE,ON,45.40694046020508,-76.50778198242188,8160.0,,0
02KF001,MISSISSIPPI RIVER AT FERGUSONS FALLS,ON,45.05327987670898,-76.28607940673828,2660.0,,0
02KF002,MISSISSIPPI RIVER AT GALETTA,ON,45.41667175292969,-76.25,3780.0,,0
02KF003,MISSISSIPPI RIVER NEAR SNOW ROAD STATION,ON,44.94055938720703,-76.68778228759766,1280.0,,0
02KF004,OUTAOUAIS (RIVIERE DES) A QUYON,QC,45.51667022705078,-76.23056030273438,89900.0,,0
02KF005,OTTAWA RIVER AT BRITANNIA,ON,45.35124969482422,-75.82666015625,90900.0,,0
02KF006,MISSISSIPPI RIVER AT APPLETON,ON,45.17633056640625,-76.12346649169922,2940.0,,0
02KF007,MISSISSIPPI RIVER AT RAGGED CHUTE,ON,44.94055938720703,-76.72666931152344,1040.0,,0
02KF009,OTTAWA RIVER AT CHATS FALLS,ON,45.47499847412109,-76.23916625976562,89600.0,,0
02KF010,CLYDE RIVER NEAR LANARK,ON,45.04582977294922,-76.40088653564453,618.0,,0
02KF011,CARP RIVER NEAR KINBURN,ON,45.417579650878906,-76.19866943359375,258.0,,0
02KF012,INDIAN RIVER NEAR BLAKENEY,ON,45.24544143676758,-76.26033020019531,212.0,,0
02KF013,CLYDE RIVER AT GORDON RAPIDS,ON,45.13399887084961,-76.62993621826172,291.0,,0
02KF014,FALL RIVER NEAR FALLBROOK,ON,44.95027923583984,-76.40306091308594,277.0,,0
02KF015,GRAHAM CREEK AT NEPEAN,ON,45.34357833862305,-75.8080825805664,26.5,,0
02KF016,MISSISSIPPI RIVER BELOW MARBLE LAKE,ON,44.843170166015625,-77.12006378173828,359.0,,0
02KF017,BUCKSHOT CREEK NEAR PLEVNA,ON,44.96844100952149,-76.9663314819336,152.0,,0
02KF018,FALL RIVER AT OUTLET OF BENNETT LAKE,ON,44.94781112670898,-76.41082763671875,280.0,,0
02KF019,MISSISSIPPI RIVER AT OUTLET OF DALHOUSIE LAKE,ON,44.97193908691406,-76.53874969482422,1310.0,,0
02KF020,SHARBOT LAKE AT OUTLET OF SHARBOT LAKE,ON,44.77486038208008,-76.64102935791016,139.0,,0
02KG001,COULONGE (RIVIERE) PRES DE FORT-COULONGE,QC,45.8738899230957,-76.68582916259766,5150.0,,0
02KG003,COULONGE (RIVIERE) EN AMONT DE LA RIVIERE COULONGE EST,QC,46.15499877929688,-76.75778198242188,3680.0,,0
02KG005,COULONGE (RIVIERE) AU PONT TERRY-FOX QUI MENE AU CLUB DE GOLF DE PONTEFRACT,QC,45.90810012817383,-76.67279815673828,5130.0,,0
02KH001,NOIRE (RIVIERE),QC,45.97861099243164,-76.83055877685547,2560.0,,0
02KH002,NOIRE (RIVIERE) A WALTHAM-STATION,QC,45.91889190673828,-76.91999816894531,2640.0,,0
02KH003,NOIRE (RIVIERE),QC,46.033329010009766,-76.86582946777344,2530.0,,0
02KH004,NOIRE (RIVIERE),QC,46.28361129760742,-77.0777816772461,1800.0,,0
02KJ003,DUMOINE (RIVIERE) AU LAC DUMOINE,QC,46.82221984863281,-77.86833190917969,2110.0,,0
02KJ004,DUMOINE (RIVIERE) A LA SORTIE DU LAC ROBINSON,QC,46.345829010009766,-77.81555938720703,3760.0,,0
02KJ007,KIPAWA (RIVIERE) AU LAC DUMOINE,QC,46.97027969360352,-78.0425033569336,2110.0,,0
02LA001,TAY RIVER NEAR GLEN TAY,ON,44.8769416809082,-76.3022232055664,528.0,,0
02LA003,OTTAWA RIVER AT RIDEAU LOCKS,ON,45.4263916015625,-75.69833374023438,,,0
02LA004,RIDEAU RIVER AT OTTAWA,ON,45.38150024414063,-75.69696807861328,3810.0,,0
02LA005,RIDEAU RIVER ABOVE SMITHS FALLS,ON,44.89056015014648,-76.0625,1290.0,,0
02LA006,KEMPTVILLE CREEK NEAR KEMPTVILLE,ON,44.9942512512207,-75.66227722167969,411.0,,0
02LA007,JOCK RIVER NEAR RICHMOND,ON,45.249420166015625,-75.79061126708984,526.0,,0
02LA008,BLACK RAPIDS CREEK TRIBUTARY AT OTTAWA,ON,45.30332946777344,-75.73999786376953,1.6299999952316284,,0
02LA009,RIDEAU RIVER AT POONAMALIE LOCKS,ON,44.89278030395508,-76.05610656738281,,,0
02LA010,RIDEAU RIVER NEAR BECKETTS LANDING,ON,45.04639053344727,-75.68888854980469,2180.0,,0
02LA011,RIDEAU RIVER BELOW MERRICKVILLE,ON,44.949951171875,-75.81912231445312,1920.0,,0
02LA012,RIDEAU RIVER BELOW MANOTICK,ON,45.24898910522461,-75.70413208007812,3120.0,,0
02LA013,SAWMILL CREEK AT OTTAWA,ON,45.38777923583984,-75.6744384765625,20.399999618530277,,0
02LA014,RIDEAU RIVER AT RIDEAU FERRY,ON,44.848331451416016,-76.14111328125,398.0,,0
02LA015,OUTAOUAIS (RIVIERE DES) A HULL,QC,45.431419372558594,-75.70616912841797,,,0
02LA016,TAY RIVER AT PORT ELMSLEY,ON,44.89278030395508,-76.12361145019531,786.0,,0
02LA017,TAY RIVER BELOW BOBS LAKE,ON,44.7599983215332,-76.52139282226562,357.0,,0
02LA018,RIDEAU RIVER AT MERRICKVILLE,ON,44.917781829833984,-75.83860778808594,,,0
02LA019,OUTAOUAIS (RIVIERE DES) CENTRALE DE HULL 2,QC,45.42082977294922,-75.7249984741211,91300.0,,0
02LA024,TAY RIVER IN PERTH,ON,44.89691925048828,-76.25250244140625,661.0,,0
02LA026,STEVEN CREEK NEAR NORTH GOWER,ON,45.13835906982422,-75.7034683227539,509.0,,0
02LA027,RIDEAU RIVER ABOVE RIDEAU FALLS,ON,45.439918518066406,-75.69293975830078,,,0
02LA028,OTTAWA RIVER MAIN CHANNEL BELOW CHAUDIERE FALLS,ON,45.42102813720703,-75.71810913085938,,,0
02LA029,TAY RIVER NEAR BOLINGBROKE,ON,44.770809173583984,-76.50311279296875,,,0
02LB001,OUTAOUAIS (RIVIERE DES) A GRENVILLE,QC,45.63111114501953,-74.60888671875,,,0
02LB005,SOUTH NATION RIVER NEAR PLANTAGENET SPRINGS,ON,45.51705932617188,-74.97821807861328,3807.0,,0
02LB006,CASTOR RIVER AT RUSSELL,ON,45.26250076293945,-75.34378051757812,439.0,,0
02LB007,SOUTH NATION RIVER AT SPENCERVILLE,ON,44.84225082397461,-75.54441833496094,246.0,,1
02LB008,BEAR BROOK NEAR BOURGET,ON,45.42599868774414,-75.1532211303711,448.0,,0
02LB009,SOUTH NATION RIVER AT CHESTERVILLE,ON,45.10108184814453,-75.22608184814453,1050.0,,0
02LB010,OTTAWA RIVER AT CUMBERLAND,ON,45.52138900756836,-75.4124984741211,,,0
02LB012,EAST BRANCH SCOTCH RIVER NEAR ST. ISIDORE DE PRESCOTT,ON,45.369720458984375,-74.9000015258789,76.69999694824219,,0
02LB013,SOUTH NATION RIVER AT CASSELMAN,ON,45.317081451416016,-75.09143829345703,2410.0,,0
02LB014,SOUTH NATION RIVER BELOW CASSELMAN,ON,45.32167053222656,-75.09278106689453,,,0
02LB015,SOUTH NATION RIVER AT LEMIEUX,ON,45.39500045776367,-75.06555938720703,,,0
02LB016,LITTLE CASTOR RIVER NEAR EMBRUN,ON,45.27138900756836,-75.21833038330078,76.0999984741211,,0
02LB017,NORTH BRANCH SOUTH NATION RIVER NEAR HECKSTON,ON,44.99496841430664,-75.51602935791016,69.19999694824219,,0
02LB018,WEST BRANCH SCOTCH RIVER NEAR ST. ISIDORE DE PRESCOTT,ON,45.37527847290039,-74.94783020019531,105.0,,0
02LB019,SOUTH INDIAN CREEK NEAR LIMOGES,ON,45.363059997558594,-75.25,72.30000305175781,,0
02LB020,SOUTH CASTOR RIVER AT KENMORE,ON,45.228328704833984,-75.4127197265625,185.0,,0
02LB021,EAST CASTOR RIVER NEAR RUSSELL,ON,45.22861099243164,-75.3255615234375,145.0,,0
02LB022,PAYNE RIVER NEAR BERWICK,ON,45.19160842895508,-75.1046371459961,152.0,,0
02LB024,OUTAOUAIS (RIVIERE DES) AU BARRAGE DE CARILLON,QC,45.56999969482422,-74.39277648925781,143000.0,,0
02LB025,OUTAOUAIS (RIVIERE DES) A CARILLON (AVAL),QC,45.56806182861328,-74.37972259521484,,,0
02LB026,OUTAOUAIS (RIVIERE DES) A CARILLON (AMONT),QC,45.56943893432617,-74.38333129882812,,,0
02LC016,SABLES (LAC DES) AU BARRAGE DES SABLES,QC,46.0525016784668,-74.30917358398438,39.59999847412109,,0
02LC017,MULETS (RIVIERE AUX) AU BARRAGE THEODORE,QC,45.962501525878906,-74.24722290039062,104.0,,0
02LC019,NORD (RUISSEAU) SUR LE CHEMIN SAINT-DOMINIQUE,QC,45.73667144775391,-74.0008316040039,22.600000381469727,,0
02LC020,NORD (RIVIERE DU) A LACHUTE,QC,45.66389083862305,-74.32221984863281,1620.0,,0
02LC021,NORD (RIVIERE DU) PRES DE SAINT-AGATHE,QC,46.04582977294922,-74.25277709960938,311.0,,0
02LC022,NORD (RIVIERE DU) A SAINT-ANDRE-EST,QC,45.56610870361328,-74.33583068847656,2070.0,,0
02LC023,OUEST (RIVIERE DE L') EN AMONT DU RUISSEAU DES VASES,QC,45.65861129760742,-74.40833282470703,166.0,,0
02LC024,ROUGE (RIVIERE) A SON EMBOUCHURE,QC,45.56222152709961,-74.32083129882812,141.0,,0
02LC025,SIMON (RIVIERE) A SON EMBOUCHURE,QC,45.913330078125,-74.15193939208984,167.0,,0
02LC026,BONNIEBROOK (RUISSEAU) AU LAC FIDDLER,QC,45.80110931396485,-74.17111206054688,54.09999847412109,,0
02LC027,DONCASTER (RIVIERE) AU LAC ELEVE,QC,46.095829010009766,-74.12194061279297,109.0,,1
02LC028,ROUGE (RIVIERE) EN AVAL DE LA RIVIERE BEVIN,QC,45.970001220703125,-74.63471984863281,,,0
02LC029,ROUGE (RIVIERE) EN AMONT DE LA CHUTE MCNEIL,QC,45.73638916015625,-74.6897201538086,5460.0,,0
02LC031,BEVIN (RIVIERE) A LAKEVIEW,QC,45.87833023071289,-74.56777954101562,,,0
02LC032,BEVI (LAC) AU PONT-ROUTE 327,QC,45.9627799987793,-74.59944152832031,339.0,,0
02LC033,MCDONALD (LAC) A LAKEVIEW,QC,45.87833023071289,-74.56777954101562,202.0,,0
02LC034,DECHARGE DU LAC DES SEIZE ILES EN AVAL DU BARRAGE,QC,45.8769416809082,-74.47860717773438,40.70000076293945,,0
02LC035,SEIZE ILES (LAC DES),QC,45.87778091430664,-74.47888946533203,40.70000076293945,,0
02LC038,MAROIS (LAC),QC,45.85694122314453,-74.125,9.789999961853027,,0
02LC039,SAINT-JOSEPH (LAC),QC,45.970829010009766,-74.33611297607422,,,0
02LC040,ECHO (LAC),QC,45.87916946411133,-74.0250015258789,9.329999923706056,,0
02LC042,RAYMOND (LAC),QC,46.00611114501953,-74.15389251708984,,,0
02LC043,"SAINT-LOUIS (RUISSEAU) A 0,3 KM DE LA RIVIERE DU DIABLE",QC,46.37472152709961,-74.50332641601562,39.900001525878906,,1
02LC062,BAPTISTE (LAC),QC,46.25,-74.68389129638672,2.509999990463257,,0
02LC064,SAVANE (LAC DE LA),QC,46.477500915527344,-74.47306060791016,40.70000076293945,,0
02LC066,ESCALIER (LAC),QC,46.41999816894531,-74.49278259277344,298.0,,0
02LC067,MONROE (LAC),QC,46.31861114501953,-74.51000213623047,432.0,,0
02LC068,NORD (RIVIERE DU) EN AMONT DE LA RIVIERE DONCASTER,QC,45.973331451416016,-74.11083221435547,435.0,,0
02LC069,BECS-SCIE (LAC DES),QC,45.8466682434082,-74.20693969726562,2.619999885559082,,0
02LC070,DECHARGE DU LAC LUDGER (RUISSEAU) EN AVAL DU BARRAGE LUDGER,QC,46.11806106567383,-74.2763900756836,39.09999847412109,,0
02LC073,DU DIABLE (RIVIERE) A 0.1KM EN AMONT DE LA ROUTE 117,QC,46.11410140991211,-74.60140228271484,1163.0,,0
02LD001,PETITE NATION (RIVIERE DE LA) A PORTAGE-DE-LA-NATION,QC,45.67110824584961,-75.03556060791016,1990.0,,0
02LD002,PETITE NATION (RIVIERE DE LA) PRES DE COTE-SAINT-PIERRE,QC,45.82749938964844,-75.07167053222656,1300.0,,0
02LD004,PETITE NATION (RIVIERE DE LA) A PORTAGE-DE-LA-NATION,QC,45.67139053344727,-75.02056121826172,1990.0,,0
02LD005,"PETITE NATION (RIVIERE DE LA) AU PONT A 1,6 KM EN AMONT DE RIPON",QC,45.79167175292969,-75.09139251708984,1330.0,,0
02LD006,"SUFFOLK (RUISSEAU) A 0,2 KM EN AMONT DU PONT-ROUTE A CHENEVILLE",QC,45.883331298828125,-75.02278137207031,61.59999847412109,,0
02LD007,SIMON (LAC),QC,45.90583038330078,-75.09249877929688,1160.0,,0
02LD008,BARRIERE (LAC) AU BARRAGE,QC,45.877220153808594,-75.08444213867188,1260.0,,0
02LD011,SCRYER (LAC),QC,45.84167098999024,-75.21305847167969,73.0,,0
02LD012,CHAPLEAU (LAC) AU BARRAGE CHAPLEAU A LA MINERVE,QC,46.21080017089844,-74.9468002319336,67.0,,0
02LE001,LIEVRE (RIVIERE DU) A MONT-LAURIER,QC,46.54222106933594,-75.50193786621094,5130.0,,0
02LE003,LIEVRE (RIVIERE DU) A FERME ROUGE,QC,46.42694091796875,-75.42778015136719,,,0
02LE006,KIAMIKA (RIVIERE) PRES DE LA RIVIERE DU LIEVRE,QC,46.41056060791016,-75.39250183105469,1310.0,,0
02LE008,MITCHINAMECUS (RIVIERE) AU BARRAGE MITCHINAMECUS,QC,47.21611022949219,-75.1744384765625,932.0,,0
02LE011,LIEVRE (RIVIERE DU) EN AVAL DE LA RIVIERE KIAMIKA,QC,46.36249923706055,-75.44889068603516,,,0
02LE013,MITCHINAMECUS (RIVIERE) A LA TETE DE LA CHUTE RASCAS,QC,47.18444061279297,-75.14360809326172,1050.0,,0
02LE014,MITCHINAMECUS (RIVIERE) AU RESERVOIR MITCHINAMECUS,QC,47.214168548583984,-75.1772232055664,932.0,,0
02LE015,MITCHINAMECUS ET RUISSEAU RASCAS AUX SORTIES DU RESERVOIR MITCHINAMECU,QC,47.214168548583984,-75.1772232055664,932.0,,0
02LE016,RASCAS (RUISSEAU) AU RESERVOIR MITCHINAMECUS,QC,47.20000076293945,-75.13333129882812,932.0,,0
02LE017,KIAMIKA (RIVIERE) AU BARRAGE KIAMIKA,QC,46.633331298828125,-75.13333129882812,704.0,,0
02LE018,KIAMIKA (RIVIERE) EN AVAL DU BARRAGE KIAMIKA,QC,46.62221908569336,-75.13194274902344,707.0,,0
02LE019,ECORCES (LAC DES) A MONT-LAURIER,QC,46.50860977172852,-75.3949966430664,1120.0,,0
02LE020,ILES (LAC DES),QC,46.4877815246582,-75.54306030273438,,,0
02LE021,LAC DES ILES (RIVIERE DU) AU LAC DES ILES,QC,46.40610885620117,-75.5294418334961,,,0
02LE022,ILES (LAC DES),QC,46.40888977050781,-75.53472137451172,144.0,,0
02LE023,ILES (LAC DES) AU PONT,QC,46.40528106689453,-75.53028106689453,,,0
02LE024,"LIEVRE (RIVIERE DU) A 2,2 KM EN AMONT DU PONT-ROUTE 311 A LAC-SAINT-PAUL",QC,46.7841682434082,-75.31388854980469,4530.0,,0
02LE025,KIAMIKA (RIVIERE) A CHUTE-SAINT-PHILIPPE,QC,46.6511116027832,-75.24221801757812,883.0,,0
02LF001,LIEVRE (RIVIERE DU),QC,45.70832824707031,-75.54472351074219,9350.0,,0
02LF002,LIEVRE (RIVIERE DU) AU LAC DU POISSON BLANC,QC,46.10139083862305,-75.64861297607422,7670.0,,0
02LF003,LIEVRE (RIVIERE DU) AU BARRAGE DE MASSON,QC,45.54389190673828,-75.42500305175781,9560.0,,0
02LF004,LIEVRE (RIVIERE DU),QC,46.0877799987793,-75.62306213378906,,,0
02LB027,BLACK CREEK NEAR BOURGET,ON,45.40472030639648,-75.10221862792969,17.700000762939453,,0
02LB028,BEAR BROOK ABOVE BOURGET,ON,45.39889144897461,-75.28333282470703,168.0,,0
02LB029,SOUTH NATION RIVER AT SEQUIN BRIDGE,ON,45.45582962036133,-74.94222259521484,,,0
02LB030,SOUTH NATION RIVER AT PENDLETON BRIDGE,ON,45.4263916015625,-75.0505599975586,,,0
02LB031,SOUTH BRANCH SOUTH NATION RIVER NEAR WINCHESTER SPRINGS,ON,44.99794006347656,-75.362060546875,311.0,,0
02LB032,RIGAUD RIVER NEAR ST. EUGENE,ON,45.49142074584961,-74.44181060791016,306.0,,0
02LB033,BECKETTS CREEK NEAR BECKETTS CREEK,ON,45.52074813842773,-75.35832977294922,54.09999847412109,,0
02LB035,OUTAOUAIS (RIVIERE DES) A RIGAUD,QC,45.53094100952149,-74.35131072998047,146000.0,,0
02LB036,BECKETTS CREEK NEAR CUMBERLAND ESTATES,ON,45.50374984741211,-75.34735870361328,50.59999847412109,,0
02LB101,BEAR BROOK AT CARLSBAD SPRINGS,ON,45.375,-75.47222137451172,65.0,,0
02LC001,NORD (RIVIERE DU) A SAINT-CANUT,QC,45.72222137451172,-74.084716796875,1330.0,,0
02LC002,ROUGE (RIVIERE) EN AVAL DE LA CHUTE BELL,QC,45.77333068847656,-74.68389129638672,5440.0,,0
02LC003,OUEST (RIVIERE DE L') AU PONT LEGER,QC,45.67694091796875,-74.40860748291016,163.0,,0
02LC004,ROUGE (RIVIERE) A LABELLE,QC,46.28083038330078,-74.73583221435547,2670.0,,0
02LC005,NORD (RIVIERE DU) EN AMONT DE LA RIVIERE DONCASTER,QC,45.9738883972168,-74.11028289794922,435.0,,0
02LC006,DONCASTER (RIVIERE),QC,45.9647216796875,-74.100830078125,226.0,,0
02LC007,ROUGE (RIVIERE) PRES DE LA MACAZA,QC,46.35388946533203,-74.7794418334961,2570.0,,0
02LC008,"NORD (RIVIERE DU) A 4,8 KM EN AMONT DU PONT DU C.N. A SAINT-JEROME",QC,45.793060302734375,-74.01277923583984,1170.0,,0
02LC009,MASSON (LAC) AU BARRAGE MASSON,QC,46.03055953979492,-74.05638885498047,32.599998474121094,,0
02LC010,LUDGER (LAC) AU BARRAGE LUDGER,QC,46.11861038208008,-74.2763900756836,39.09999847412109,,0
02LC011,NORD (RIVIERE DU) AU BARRAGE DE LA MONTAGNE NOIRE  A LANTIER,QC,46.18193817138672,-74.2772216796875,13.100000381469728,,0
02LC012,CORNU (LAC) AU BARRAGE-CORNU,QC,46.09027862548828,-74.4263916015625,13.100000381469728,,0
02LC013,MANITOU (LAC) AU BARRAGE MANITOU,QC,46.07500076293945,-74.33721923828125,26.399999618530277,,0
02LC014,PAPINEAU (LAC) AU BARRAGE PAPINEAU A SAINTE-AGATHE-DES-MONTS,QC,46.122501373291016,-74.2941665649414,17.799999237060547,,0
02LC015,NORD (RIVIER DU) AU BARRAGE BRULE,QC,46.077781677246094,-74.28193664550781,141.0,,0
02OF002,SAINT-FRANCOIS (RIVIERE) A LA CENTRALE DE HEMMING-FALLS,QC,45.86167144775391,-72.45305633544922,9610.0,,0
02OF003,SAUMON (RIVIERE AU) PRES DE LA RIVIERE SAINT-FRANCOIS,QC,45.60499954223633,-72.13971710205078,272.0,,0
02OF004,SAINT-FRANCOIS (RIVIERE) A WINDSOR,QC,45.56388854980469,-72.00639343261719,8680.0,,0
02OF006,WATOPEKA (RIVIERE) PRES DE LA RIVIERE SAINT-FRANCOIS,QC,45.58528137207031,-71.97972106933594,332.0,,0
02OF008,WATOPEKA (RIVIERE) AU RESERVOIR DE WINDSOR,QC,45.58639144897461,-71.97888946533203,332.0,,0
02OF009,SAINT-FRANCOIS (RIVIERE) A BROMPTONVILLE,QC,45.47499847412109,-71.9383316040039,8110.0,,0
02OF010,SAINT-FRANCOIS (RIVIERE) AU BARRAGE LAROCQUE,QC,45.47806167602539,-71.95305633544922,8110.0,,0
02OF014,SAINT-FRANCOIS (RIVIERE) A DRUMMONDVILLE,QC,45.91471862792969,-72.49138641357422,9630.0,,0
02OF015,BROMPTON (LAC)  A SAINT-DENIS-DE-BROMPTON,QC,45.462501525878906,-72.13333129882812,138.0,,0
02OF019,SAINT-FRANCOIS (RIVIERE) A LA CENTRALE DE DRUMMONDVILLE,QC,45.8872184753418,-72.48332977294922,9630.0,,0
02OF020,SAINT-GERMAIN (RIVIERE) AU PONT-ROUTE 122 A DRUMMONDVILLE,QC,45.87667083740234,-72.5111083984375,285.0,,0
02OF021,CLEF (RUISSEAU DE LA) PRES DE LA RIVIERE SAINT-FRANCOIS-1,QC,45.46916961669922,-71.96611022949219,125.0,,0
02OF023,STUKELY (LAC) A ORFORD,QC,45.394439697265625,-72.23056030273438,19.299999237060547,,0
02OF027,STOKE (RIVIERE) A STOKE,QC,45.54027938842773,-71.7991714477539,69.69999694824219,,0
02OF028,CLEF (RUISSEAU DE LA) PRES DE LA RIVIERE SAINT-FRANCOIS-2,QC,45.46860885620117,-71.9669418334961,125.0,,0
02OF029,SAINT-GERMAIN (RIVIERE) PRES DE DRUMMONDVILLE,QC,45.85667037963867,-72.52111053466797,270.0,,0
02OG001,YAMASKA (RIVIERE) EN AVAL DU LAC BROME,QC,45.28443908691406,-72.5102767944336,201.0,,0
02OG002,YAMASKA (RIVIERE) A FARNHAM,QC,45.282501220703125,-72.96582794189453,1230.0,,0
02OG005,YAMASKA (RIVIERE),QC,45.62139129638672,-72.9508285522461,3370.0,,0
02OG006,YAMASKA NORD (RIVIERE) A SAINT-ALPHONSE,QC,45.32416915893555,-72.81221771240234,282.0,,0
02OG007,YAMASKA NORD (RIVIERE) A VAL-SHEFFORD,QC,45.415828704833984,-72.62222290039062,139.0,,0
02OG009,YAMASKA NORD (RIVIERE) AU RESERVOIR CHOINIERE,QC,45.41917037963867,-72.625,151.0,,0
02OG010,YAMASKA (RIVIERE) EN AVAL DU BARRAGE A SAINT-HYACINTHE,QC,45.62166976928711,-72.93943786621094,3330.0,,0
02OG011,YAMASKA NORD (RIVIERE) PRES DE WARDEN,QC,45.383888244628906,-72.50167083740234,67.0999984741211,,0
02OG012,YAMASKA NORD (RIVIERE) EN AMONT DU LAC WATERLOO,QC,45.3255615234375,-72.50499725341797,25.399999618530277,,0
02OG014,YAMASKA SUD-EST (RIVIERE) AU PONT-ROUTE 202 A COWANSVILLE,QC,45.206668853759766,-72.74806213378906,209.0,,0
02OG016,YAMASKA SUD-OUEST (RIVIERE) AU PONT-ROUTE A HONOREVILLE,QC,45.37638854980469,-73.03056335449219,97.5999984741211,,0
02OG017,NOIRE (RIVIERE) EN AVAL DU RUISSEAU BRANDY,QC,45.51139068603516,-72.37528228759766,262.0,,0
02OG018,NOIRE (RIVIERE) EN AMONT DE LA ROUTE NO. 116,QC,45.63888931274414,-72.6544418334961,721.0,,0
02OG019,"NOIRE (RIVIERE) A 7,6 KM DE LA YAMASKA",QC,45.49972152709961,-72.90638732910156,1490.0,,0
02OG020,DELORME (RIVIERE) PRES DE LA RIVIERE YAMASKA,QC,45.67778015136719,-72.9130630493164,96.9000015258789,,0
02OG021,BROME (LAC) A KNOWLTON,QC,45.244998931884766,-72.4911117553711,188.0,,0
02OG022,BROME (LAC)(MOORE),QC,45.24250030517578,-72.54499816894531,198.0,,0
02OG023,BROME (LAC)(CHARBONNEAU),QC,45.25722122192383,-72.49639129638672,198.0,,0
02OG024,BROME (LAC) AU BARRAGE,QC,45.28388977050781,-72.50917053222656,198.0,,0
02OG026,DAVID (RIVIERE) AU PONT-ROUTE A SAINT-DAVID,QC,45.953609466552734,-72.85944366455078,316.0,,0
02OG030,"SHEFFORD A 3,9 KM DE LA YAMASKA NORD",QC,45.39582824707031,-72.63471984863281,15.300000190734863,,0
02OG031,"FOSTER A 1,6 KM EN AMONT DU LAC BROME",QC,45.27333068847656,-72.48110961914062,73.5999984741211,,0
02OG032,JAUNE (RIVIERE) PRES DE LA RIVIERE NOIRE-1,QC,45.60667037963867,-72.55194091796875,75.0,,0
02OG033,JAUNE (RIVIERE) PRES DE LA RIVIERE NOIRE-2,QC,45.60805892944336,-72.55249786376953,75.19999694824219,,0
02OG034,JAUNE (RIVIERE),QC,45.5877799987793,-72.50666809082031,63.400001525878906,,0
02OG035,SAINT-LOUIS (RIVIERE) PRES DE LA RIVIERE YAMASKA,QC,46.01694107055664,-72.93000030517578,64.0,,0
02OG036,SALVAIL (RIVIERE) PRES DE LA RIVIERE YAMASKA,QC,45.774169921875,-72.9911117553711,159.0,,0
02OG037,RUNNELS (RUISSEAU) PRES DE LA RIVIERE NOIRE,QC,45.52861022949219,-72.53721618652344,33.599998474121094,,0
02OG038,WATERLOO (LAC) A WATERLOO,QC,45.337501525878906,-72.51667022705078,30.5,,0
02OG039,YAMASKA SUD-EST (RIVIERE) PRES DE SON EMBOUCHURE,QC,45.27138900756836,-72.92388916015625,436.0,,0
02OG040,YAMASKA SUD-EST (RIVIERE) A COWANSVILLE,QC,45.19110870361328,-72.6963882446289,191.0,,0
02OG041,NOIRE (RIVIERE) EN AMONT DU RUISSEAU AU RUNNETS,QC,45.61861038208008,-72.60472106933594,583.0,,0
02OG042,"YAMASKA NORD (RIVIERE) A 2,4 KM EN AMONT DE L'AUTOROUTE 10",QC,45.36444091796875,-72.78443908691406,235.0,,0
02OG043,YAMASKA (RIVIERE) A SAINT-HYACINTHE,QC,45.62110900878906,-72.945556640625,3310.0,,0
02OG044,WATERLOO (LAC) EN AMONT DU BARRAGE,QC,45.35055923461914,-72.51667022705078,30.5,,0
02OG045,"YAMASKA NORD (RIVIERE) A 0,1 KM EN AVAL DU BARRAGE DU LAC WATERLOO",QC,45.34944152832031,-72.51555633544922,30.5,,0
02OG046,"CHIBOUET (RIVIERE) A 1,0 KM DE L'EMBOUCHURE",QC,45.79027938842773,-72.86250305175781,159.0,,0
02OG047,"YAMASKA (RIVIERE) A 1,8 KM EN AVAL DU BARRAGE A SAINT-HYACINTHE",QC,45.62194061279297,-72.93611145019531,3330.0,,0
02OG048,NOIRE (RIVIERE) A 50M EN AMONT DU PONT-ROUTE MCDONALD,QC,45.62638854980469,-72.58389282226562,585.0,,0
02OH001,CHAMPLAIN (LAC) A PHILIPSBURG,QC,45.039649963378906,-73.07805633544922,,,0
02OH004,ARGENT (LAC D') A EASTMAIN,QC,45.30332946777344,-72.3213882446289,65.0999984741211,,0
02OH006,MISSISQUOI-NORD (RIVIERE) A LA SORTIE DU LAC D'ARGENT,QC,45.30221939086914,-72.320556640625,64.69999694824219,,0
02OH007,BROCHETS (RIVIERE AUX) A BEDFORD,QC,45.122779846191406,-72.98777770996094,383.0,,0
02OH008,"BROCHETS (RIVIERE AUX) A 0,7 KM EN AVAL DU RUISSEAU GROAT",QC,45.122501373291016,-72.99443817138672,404.0,,0
02OH009,ORFORD (LAC),QC,45.29582977294922,-72.27777862548828,9.65999984741211,,0
02OH011,"CASTOR (RUISSEAU AU) A 1,2KM EN AMONT DE LA RIVIERE AUX BROCHETS",QC,45.1138916015625,-73.08193969726562,11.0,,0
02OH012,"MORPIONS (RIVIERE) A 3,1 KM EN AMONT DE LA RIVIERE AUX BROCHETS",QC,45.19839859008789,-73.03279876708984,95.0,,0
02OH013,AUX BROCHETS (RIVIERE) A NOTRE-DAME-DE-STANBRIDGE,QC,45.15869903564453,-73.05069732666016,586.0,,0
02OH014,DE LA ROCHE (RIVIERE) A SAINT-ARMAND,QC,45.02190017700195,-73.01619720458984,71.0,,0
02OH015,EWING (RIVIERE) A SAINT-PIERRE-DE-VERONNE-A PIKE-RIVER,QC,45.125301361083984,-73.07730102539062,29.0,,0
02OJ001,RICHELIEU (RIVIERE) A SAINT-JEAN,QC,45.31333160400391,-73.25167083740234,22000.0,,0
02OJ003,RICHELIEU (RIVIERE) PRES DE SAINT-OURS,QC,45.86444091796875,-73.14639282226562,22700.0,,0
02OJ006,RICHELIEU (RIVIERE) A CANTIC,QC,45.06499862670898,-73.320556640625,,,0
02OJ007,RICHELIEU (RIVIERE) AUX RAPIDES FRYERS,QC,45.39847183227539,-73.25843811035156,22000.0,,0
02OJ012,RICHELIEU (RIVIERE) EN AMONT DU BARRAGE FRYERS,QC,45.394718170166016,-73.25611114501953,,,0
02OJ013,RICHELIEU (RIVIERE) EN AVAL DU BARRAGE FRYERS,QC,45.39500045776367,-73.25611114501953,,,0
02OJ016,RICHELIEU (RIVIERE) A LA MARINA DE SAINT-JEAN,QC,45.30231094360352,-73.2501220703125,,,0
02OJ018,RICHELIEU (RIVIERE) AMONT ECLUSE ST-OURS,QC,45.86360931396485,-73.14778137207031,,,0
02OJ020,SAINT-LAURENT (FLEUVE) A VERCHERES,QC,45.77888870239258,-73.35749816894531,,,0
02OJ021,SAINT-LAURENT (FLEUVE) A CONTRECOEUR,QC,45.85805892944336,-73.24028015136719,,,0
02OJ022,SAINT-LAURENT (FLEUVE) A SOREL,QC,46.04693984985352,-73.1161117553711,,,0
02OJ023,HURONS (RIVIERE DES) EN AVAL DU RUISSEAU SAINT-LOUIS-1,QC,45.49082946777344,-73.19139099121094,290.0,,0
02OJ024,HURONS (RIVIERE DES) EN AVAL DU RUISSEAU SAINT-LOUIS-2,QC,45.49028015136719,-73.18694305419922,309.0,,0
02OJ026,L'ACADIE (RIVIERE) PRES DE L'AUTOROUTE NO. 10,QC,45.38972091674805,-73.3708267211914,345.0,,0
02OJ027,SAINT-LAURENT (FLEUVE) A TRACY,QC,45.99610900878906,-73.1744384765625,,,0
02OJ031,RICHELIEU (RIVIERE) A BELOEIL,QC,45.56999969482422,-73.19999694824219,,,0
02OJ032,SAINT-LAURENT (FLEUVE) A SOREL (INCLUANT RICHELIEU),QC,46.04999923706055,-73.12000274658203,923000.0,,0
02OJ033,SAINT-LAURENT (FLEUVE) A SOREL (SANS RICHELIEU),QC,46.04999923706055,-73.12000274658203,92300.0,,0
02OJ034,SAINT-LAURENT (FLEUVE) A CONTRECOEUR IOC,QC,45.83250045776367,-73.2830581665039,,,0
02PA001,BATISCAN (RIVIERE) PRES DE LA RIVIERE DES ENVIES,QC,46.61027908325195,-72.38333129882812,4480.0,,0
02PA002,PIERRE (RIVIERE A) PRES DE RIVIERE A PIERRE,QC,46.99028015136719,-72.18389129638672,388.0,,0
02PA003,BATISCAN (RIVIERE) A LA CENTRALE DE SAINT-NARCISSE,QC,46.54861068725586,-72.4102783203125,4580.0,,0
02PA005,SAINT-LAURENT (FLEUVE) A BATISCAN,QC,46.50056076049805,-72.24694061279297,,,0
02PA006,BATISCAN (RIVIERE) EN AMONT DE LA RIVIERE A PIERRE,QC,47.04027938842773,-72.2794418334961,2870.0,,0
02PA007,"BATISCAN (RIVIERE) A 3,4 KM EN AVAL DE LA RIVIERE DES ENVIES",QC,46.58361053466797,-72.40471649169922,4480.0,,0
02PA009,SABLES (LAC AUX),QC,46.86806106567383,-72.3888931274414,59.0,,0
02PB001,SAINTE-ANNE (RIVIERE) PRES DE SAINT-CASIMIR,QC,46.67694091796875,-72.09638977050781,1810.0,,0
02PB002,SAINTE-ANNE (RIVIERE) A LA CENTRALE DE SAINT-ALBAN,QC,46.706939697265625,-72.08332824707031,1800.0,,0
02PB003,SAINTE-ANNE (RIVIERE) EN AMONT DU BRAS DU NORD NO. 1,QC,46.88943862915039,-71.8369369506836,759.0,,0
02PB004,SAINTE-ANNE (RIVIERE) (BRAS DU NORD DE LA),QC,46.91611099243164,-71.85861206054688,764.0,,0
02PB005,SAINTE-ANNE (RIVIERE) EN AMONT DU BRAS DU NORD NO. 2,QC,46.910831451416016,-71.82694244384766,751.0,,0
02PB006,SAINTE-ANNE (RIVIERE) (BRAS DU NORD DE LA) EN AMONT,QC,46.9716682434082,-71.85443878173828,642.0,,1
02PB007,SAINTE-ANNE (RIVIERE) EN AVAL DE LA RIVIERE VERTE,QC,46.94778060913086,-71.7991714477539,733.0,,0
02PB008,SAINTE-ANNE (RIVIERE) PRES DE SAINT-RAYMOND-1,QC,46.88666915893555,-71.85639190673828,1540.0,,0
02PB019,"SAINTE-ANNE (RIVIERE) A 1,3 KM EN AVAL DU BARRAGE A CHUTE-PANET",QC,46.85277938842773,-71.87750244140625,1550.0,,0
02PB020,SAINTE-ANNE (RIVIERE) A CHUTE-PANET-2,QC,46.86167144775391,-71.87167358398438,1550.0,,0
02PB024,TALAYARDE (RIVIERE),QC,46.997501373291016,-71.74333190917969,120.0,,0
02PB025,NEILSON (RIVIERE) A LA SORTIE DU LAC NEILSON,QC,47.196388244628906,-71.78083038330078,218.0,,0
02PB026,TOURILLI (RIVIERE) A LA SORTIE DU LAC CHARLOT,QC,47.2127799987793,-71.53166961669922,181.0,,0
02PB033,NOIRE (RIVIERE) PRES DU LAC LONG,QC,46.81333160400391,-72.1005630493164,282.0,,0
02PB034,NOIRE (RIVIERE) PRES DE LA RIVIERE SAINTE-ANNE,QC,46.66527938842773,-72.12693786621094,570.0,,0
02PB036,BLANC (LAC),QC,46.81999969482422,-72.25694274902344,65.0,,0
02PB037,SAINTE-ANNE (RIVIERE) A LA PERADE-1,QC,46.62638854980469,-72.19999694824219,2680.0,,0
02PC002,JACQUES-CARTIER (RIVIERE) EN AVAL DU PONT DU CHEMIN GOSFORD,QC,46.88972091674805,-71.5272216796875,2010.0,,0
02PC004,JACQUES-CARTIER (RIVIERE) AU RESERVOIR JACQUES-CARTIER,QC,47.536109924316406,-71.22416687011719,198.0,,0
02PC005,SAINT-LAURENT (FLEUVE) A GRONDINES,QC,46.58528137207031,-72.03888702392578,,,0
02PC009,PORTNEUF (RIVIERE) PRES DE PORTNEUF,QC,46.709171295166016,-71.87471771240234,355.0,,0
02PC010,"ONTARITZI (RIVIERE) A 0,2 KM EN AVAL DU BARRAGE DU LAC SAINT-JOSEPH",QC,46.86750030517578,-71.63944244384766,213.0,,0
02PC011,PINS (RIVIERE AUX) AU LAC SAINT-JOSEPH,QC,46.86777877807617,-71.64083099365234,213.0,,0
02PC012,PINS (RIVIERE AUX) PRES DE LA RIVIERE JACQUES-CARTIER,QC,46.855560302734375,-71.62139129638672,221.0,,0
02PC013,VALOIS (LAC),QC,47.51082992553711,-71.33055877685547,19.5,,0
02PC014,CHAMPLAIN (LAC),QC,47.470829010009766,-71.46278381347656,17.299999237060547,,0
02PC015,TANTARE (LAC),QC,47.060279846191406,-71.53443908691406,10.5,,0
02PC016,POMMES (RIVIERE AUX),QC,46.706939697265625,-71.67082977294922,72.30000305175781,,0
02PC017,"PORTNEUF (RIVIERE) A 7,5 KM DE SON EMBOUCHURE",QC,46.72774887084961,-71.84104919433594,331.0,,0
02PC018,DECHARGE DU LAC CLAIR,QC,46.96443939208984,-71.66806030273438,1.6799999475479126,,0
02PC019,AUX POMMES  (RIVIERE) A 1.6KM EN AVAL DE LA NOIRE,QC,46.695831298828125,-71.68888854980469,102.0,,0
02PC020,LA CHEVROTIERE (RIVIERE) SUR LA ROUTE DU MOULIN,QC,46.73749923706055,-72.00129699707031,19.0,,0
02PD001,MONTMORENCY (RIVIERE),QC,46.98500061035156,-71.19721984863281,1030.0,,0
02PD002,"MONTMORENCY (RIVIERE) A 0,6 KM EN AVAL DU BARRAGE DES MARCHES NATURELLES",QC,46.894168853759766,-71.1513900756836,1100.0,,0
02PD003,SAINT-LAURENT (FLEUVE) A LA VILLE DE QUEBEC,QC,46.806671142578125,-71.20305633544922,,,0
02PD004,MONTMORENCY (RIVIERE) EN AMONT DE LA RIVIERE BLANCHE,QC,47.25917053222656,-71.1369400024414,269.0,,0
02LF016,LIEVRE (RIVIERE DU) EN AVAL DE LA CENTRALE DE BUCKINGHAM,QC,45.5897216796875,-75.42305755615234,9560.0,,0
02LG002,GENS DE TERRE (RIVIERE) AU BARRAGE CABONGA,QC,47.30443954467773,-76.4669418334961,2620.0,,0
02LG003,GENS DE TERRE (RIVIERE) AU RESERVOIR CABONGA,QC,47.31193923950195,-76.46916961669922,2620.0,,0
02LG005,GATINEAU (RIVIERE) AUX RAPIDES CEIZUR,QC,47.08361053466797,-75.75360870361328,6840.0,,1
02LG006,GATINEAU (RIVIERE) EN AVAL DU BARRAGE MERCIER,QC,46.71139144897461,-75.98249816894531,15600.0,,0
02LG007,GATINEAU (RIVIERE) AU RESERVOIR BASKATONG,QC,46.71778106689453,-75.98416900634766,15600.0,,0
02LH001,GATINEAU (RIVIERE) A MANIWAKI,QC,46.38277816772461,-75.96611022949219,19700.0,,0
02LH002,DESERT (RIVIERE) EN AMONT DE LA RIVIERE DE L'AIGLE,QC,46.473609924316406,-76.04306030273438,1780.0,,0
02LH003,KAZABAZUA (RIVIERE) PRES DE KAZABAZUA,QC,45.94332885742188,-76.05583190917969,275.0,,0
02LH004,PICANOC (RIVIERE) PRES DE WRIGHT,QC,46.07749938964844,-76.06944274902344,1290.0,,0
02LH006,GATINEAU (RIVIERE) A ALCOVE,QC,45.64527893066406,-75.91944122314453,23100.0,,0
02LH007,GATINEAU (RIVIERE) A BOUCHETTE,QC,46.21139144897461,-75.94027709960938,20400.0,,0
02LH008,GATINEAU (RIVIERE) EN AMONT DES RAPIDES TETE DES SIX,QC,46.33694076538086,-75.94693756103516,19800.0,,0
02LH009,GATINEAU (RIVIERE) A LA CENTRALE DE PAUGAN-FALLS,QC,45.80944061279297,-75.93193817138672,22500.0,,0
02LH011,LAPECHE (RIVIERE) A SAINT-LOUIS-DE-MASHAM,QC,45.657501220703125,-76.1402816772461,117.0,,0
02LH012,MEACH (RUISSEAU) SUR LE CHEMIN DES PINS,QC,45.570831298828125,-75.88749694824219,84.69999694824219,,0
02LH013,MEACH (RUISSEAU) EN AVAL DU LAC CARMAN,QC,45.598609924316406,-75.91999816894531,11.899999618530272,,0
02LH019,TRENTE ET UN MILLES (LAC DES) A PONT-COMFORT,QC,46.08694076538086,-75.84889221191406,337.0,,0
02LH029,TRENTE ET UN MILLES (LAC DES) AU BARRAGE,QC,46.2761116027832,-75.80388641357422,337.0,,0
02LH030,GATINEAU (RIVIERE) A LA CENTRALE DES RAPIDES FARMERS,QC,45.499168395996094,-75.76416778564453,23600.0,,0
02LH032,PICANOC (RIVIERE) SUR LE CHEMIN DU CAYAMAN A GRACEFIELD,QC,46.07794189453125,-76.06941223144531,1290.0,,0
02LH033,DESERT (RIVIERE) SUR LE CHEMIN LYTTON EN AMONT DE LA CHUTE ROUGE,QC,46.58990097045898,-76.04139709472656,1679.0,,0
02MA001,LYNDHURST CREEK AT LYNDHURST,ON,44.54542922973633,-76.12322998046875,271.0,,0
02MA002,CATARAQUI RIVER AT CHAFFEYS LOCKS,ON,44.578609466552734,-76.32028198242188,394.0,,0
02MA004,SAND LAKE AT JONES FALLS,ON,44.54917144775391,-76.2369384765625,,,0
02MA005,CRANBERRY LAKE AT BRASS POINT BRIDGE,ON,44.46443939208984,-76.27749633789062,,,0
02MA006,COLONEL BY LAKE AT KINGSTON MILLS,ON,44.29471969604492,-76.445556640625,,,0
02MA008,OPINICON LAKE AT DAVIS LOCKS,ON,44.56499862670898,-76.29694366455078,,,0
02MB003,ST. LAWRENCE RIVER AT BROCKVILLE,ON,44.59305953979492,-75.67832946777344,,,0
02MB005,ST. LAWRENCE RIVER AT IROQUOIS,ON,44.84056091308594,-75.30972290039062,772000.0,,0
02MB006,LYN CREEK NEAR LYN,ON,44.525001525878906,-75.80528259277344,107.0,,0
02MB007,ST. LAWRENCE RIVER AT BROCKVILLE,ON,44.586891174316406,-75.68199920654297,,,0
02MB008,ST. LAWRENCE RIVER AT IROQUOIS ISLAND (ABOVE),ON,44.82231140136719,-75.3209228515625,,,0
02MB009,ST. LAWRENCE RIVER AT IROQUOIS ISLAND (BELOW),ON,44.836669921875,-75.3102798461914,,,0
02MB010,BUELLS CREEK AT BROCKVILLE,ON,44.58568954467773,-75.69178009033203,52.79999923706055,,0
02MC001,RAISIN RIVER NEAR WILLIAMSTOWN,ON,45.15547180175781,-74.63813781738281,404.0,,0
02MC002,ST. LAWRENCE RIVER AT CORNWALL,ON,45.00582885742188,-74.79528045654297,774000.0,,0
02MC005,SAINT-LAURENT (FLEUVE) A POINTE-DES-CASCADES,QC,45.33443832397461,-73.96211242675781,,,0
02MC007,SAINT-LOUIS (RIVIERE) PRES DE SAINT-LOUIS-DE-GONZAGUE,QC,45.223609924316406,-73.97638702392578,130.0,,0
02MC009,SOUTH RAISIN RIVER DIVERSION AT LONG SAULT,ON,45.029441833496094,-74.8888931274414,,,0
02MC010,SAINT-LAURENT (FLEUVE) - CENTRALE DE BEAUHARNOIS,QC,45.29999923706055,-73.90833282470703,772000.0,,0
02MC016,SAINT-LAURENT (FLEUVE) A COTEAU-LANDING,QC,45.25305938720703,-74.21138763427734,,,0
02MC017,SAINT-LAURENT (FLEUVE) A COTEAU-DU-LAC,QC,45.29639053344727,-74.16667175292969,,,0
02MC018,SAINT-LAURENT (FLEUVE) - CENTRALE DES CEDRES,QC,45.30833053588867,-74.06944274902344,772000.0,,0
02MC019,SAINT-LAURENT (FLEUVE) EN AMONT DE L'ECLUSE A BEAUHARNOIS,QC,45.29972076416016,-73.93055725097656,,,0
02MC020,SAINT-LAURENT (FLEUVE) EN AVAL DE L'ECLUSE A BEAUHARNOIS,QC,45.32027816772461,-73.91610717773438,,,0
02MC021,SAINT-LAURENT (FLEUVE) - BARRAGES COTEAUX,QC,45.272499084472656,-74.18167114257812,772000.0,,0
02MC022,ST. LAWRENCE RIVER BELOW CORNWALL CANAL,ON,45.01472091674805,-74.71150207519531,,,0
02MC023,ST. LAWRENCE RIVER AT SUMMERSTOWN,ON,45.059940338134766,-74.55410766601562,,,0
02MC024,SAINT-LAURENT (FLEUVE)(CHENAL BEAUHARNOIS) LAC SAINT FRANCOIS,QC,45.29999923706055,-73.90833282470703,772000.0,,0
02MC025,SAINT-LAURENT (FLEUVE)(CHENAL BEAUHARNOIS) - LES CHENAUX,QC,45.29999923706055,-73.90833282470703,772000.0,,0
02MC026,RIVIERE BEAUDETTE NEAR GLEN NEVIS,ON,45.27328109741211,-74.49385833740234,124.0,,0
02MC027,RAISIN RIVER AT BLACK RIVER,ON,45.08060836791992,-74.86805725097656,129.0,,0
02MC028,RIVIERE DELISLE NEAR ALEXANDRIA,ON,45.32707977294922,-74.64385986328125,85.4000015258789,,0
02MC029,SAINT-LAURENT (FLEUVE) AU BARRAGE DE L'ILE,QC,45.29777908325195,-74.0666732788086,772000.0,,0
02MC030,SOUTH RAISIN RIVER NEAR CORNWALL,ON,45.048828125,-74.77056121826172,25.799999237060547,,0
02MC036,RIVIERE DELISLE NEAR GLEN NORMAN,ON,45.31710815429688,-74.601806640625,159.0,,0
02MC037,GARRY RIVER NEAR ALEXANDRIA,ON,45.30646896362305,-74.63800048828125,0.4399999976158142,,0
02NA001,SAINT-MAURICE (RIVIERE) EN AVAL DU BARRAGE GOUIN,QC,48.33610916137695,-74.05860900878906,9480.0,,0
02NA003,SAINT-MAURICE (RIVIERE) AU RESERVOIR GOUIN,QC,48.35417175292969,-74.10138702392578,9450.0,,0
02NB001,MANOUANE (RIVIERE) AU RESERVOIR CHATEAUVERT,QC,47.75860977172852,-73.89360809326172,3060.0,,0
02NB002,MANOUANE (RIVIERE) EN AVAL DU BARRAGE MANOUANE,QC,47.63222122192383,-74.00332641601562,2240.0,,0
02NB003,MANOUANE (RIVIERE) AU RESERVOIR KEMPT,QC,47.54999923706055,-74.1833267211914,1500.0,,0
02NB004,SINCENNES (LAC) AU RESERVOIR SINCENNES,QC,47.53694152832031,-73.8880615234375,51.79999923706055,,0
02NB005,MONDONAC (RIVIERE) AU RESEVOIR MONDONAC,QC,47.45222091674805,-73.93277740478516,326.0,,0
02NB006,MANOUANE (RIVIERE) AU RESERVOIR MANOUANE,QC,47.63444137573242,-74.0,2240.0,,0
02NC001,SAINT-MAURICE (RIVIERE) PRES DE SANMAUR,QC,47.89693832397461,-73.77610778808594,17800.0,,0
02NC002,SAINT-MAURICE (RIVIERE) A LA CENTRALE DU RAPIDE BLANC,QC,47.79639053344727,-72.96833038330078,22600.0,,0
02NC003,SAINT-MAURICE (RIVIERE) A LA CENTRALE TRENCHE,QC,47.75389099121094,-72.8791732788086,25700.0,,0
02ND001,VERMILLON (RIVIERE) PRES DE LA RIVIERE SAINT-MAURICE,QC,47.65555953979492,-72.96278381347656,2670.0,,0
02ND002,VERMILLON (RIVIERE) A VERMILLON,QC,47.67193984985352,-73.00110626220703,2670.0,,0
02ND003,VERMILLON (RIVIERE) EN AVAL DE LA RIVIERE DES PRAIRIES,QC,47.6763916015625,-73.04277801513672,2640.0,,0
02NE001,SAINT-MAURICE (RIVIERE) A FITZPATRICK,QC,47.478328704833984,-72.77667236328125,30600.0,,0
02NE002,SAINT-MAURICE (RIVIERE) A LA CENTRALE DE LA TUQUE,QC,47.44417190551758,-72.79750061035156,32100.0,,0
02NE003,SAINT-MAURICE (RIVIERE) EN AVAL DE LA RIVIERE VERMILLON,QC,47.61249923706055,-72.91416931152344,28500.0,,0
02NE007,CROCHE (RIVIERE) A LA CROCHE,QC,47.584171295166016,-72.74305725097656,1850.0,,0
02NE009,CINCONSINE (RUISSEAU) AU RESERVOIR CINCONSINE,QC,47.37805938720703,-73.02693939208984,211.0,,0
02NE011,"CROCHE (RIVIERE) A 2,6 KM EN AVAL DU RUISSEAU CHANGY",QC,47.76721954345703,-72.7366714477539,1570.0,,1
02NF001,MATAWIN (RIVIERE) PRES DE LA RIVIERE SAINT-MAURICE,QC,46.9011116027832,-72.95166778564453,5540.0,,0
02NF002,MATAWIN (RIVIERE) AU RESERVOIR MATAWIN,QC,46.86333084106445,-73.65833282470703,4070.0,,0
02NF003,MATAWIN (RIVIERE) A SAINT-MICHEL-DES-SAINTS,QC,46.685829162597656,-73.91416931152344,1390.0,,1
02NF004,MATAWIN (RIVIERE) EN AMONT DE LA ROUTE NO. 131,QC,46.665828704833984,-73.97611236572266,1080.0,,0
02NF005,MATAWIN (RIVIERE) EN AVAL DU BARRAGE MATAWIN,QC,46.86471939086914,-73.64971923828125,4070.0,,0
02NG001,SAINT-MAURICE (RIVIERE) A LA CENTRALE DE GRANDE-MERE,QC,46.61582946777344,-72.679443359375,42000.0,,0
02NG002,MEKINAK (RIVIERE) PRES DE LA RIVIERE SAINT-MAURICE,QC,46.89638900756836,-72.72666931152344,997.0,,0
02NG004,SAINT-MAURICE (RIVIERE) EN AVAL DE LA RIVIERE MATAWIN,QC,46.89360809326172,-72.93000030517578,40400.0,,0
02NG005,SAINT-MAURICE (RIVIERE) A LA CENTRALE DE LA GABELLE,QC,46.449440002441406,-72.73999786376953,42700.0,,0
02NG006,SAINT-MAURICE (RIVIERE) A LA CENTRALE DE SHAWINIGAN,QC,46.53556060791016,-72.76583099365234,42200.0,,0
02NG009,SHAWINIGAN (RIVIERE) PRES DE LA RIVIERE SAINT-MAURICE,QC,46.58000183105469,-72.75250244140625,477.0,,0
02NG012,MEKINAC (RIVIERE) EN AVAL DE SAINT-JOSEPH-DE-MEKINAC,QC,46.90694046020508,-72.71556091308594,997.0,,0
02NG014,SOURIS (LAC DES),QC,46.584720611572266,-72.98388671875,,,0
02NG017,PILES (LAC DES),QC,46.64167022705078,-72.78056335449219,16.200000762939453,,0
02NG019,PILES (LAC DES) A 50 METRES EN AMONT DU BARRAGE,QC,46.659400939941406,-72.77410125732422,16.0,,0
02OA001,CHATEAUGUAY (RIVIERE) EN AVAL DE LA ROUTE NO. 205,QC,45.286109924316406,-73.80278015136719,2460.0,,0
02OA002,PRAIRIES (RIVIERE DES) A CARTIERVILLE,QC,45.53388977050781,-73.7300033569336,,,0
02OA003,MILLE ILES (RIVIERE DES) A BOIS-DES-FILION,QC,45.66294097900391,-73.75215911865234,,,0
02OA004,PRAIRIES (RIVIERE DES) AU RAPIDE DU CHEVAL BLANC,QC,45.51832962036133,-73.84249877929688,146000.0,,0
02OA006,PRAIRIES (RIVIERE DES) A AHUNTSIC,QC,45.55693817138672,-73.67610931396484,,,0
02OA012,CHATEAUGUAY (RIVIERE) A CHATEAUGUAY-CENTRE,QC,45.36167144775391,-73.74806213378906,,,0
02OA013,OUTAOUAIS (RIVIERE DES) A SAINTE-ANNE-DE-BELLEVUE,QC,45.4046516418457,-73.9566421508789,,,0
02OA015,MILLE ILES (RIVIERE DES) A LAVAL OUEST,QC,45.540828704833984,-73.88139343261719,,,0
02OA016,SAINT-LAURENT (FLEUVE) A LASALLE,QC,45.41500854492188,-73.62316131591797,,,0
02OA017,SAINT-LAURENT (FLEUVE) AU PONT MERCIER,QC,45.42028045654297,-73.65193939208984,,,0
02OA018,PRAIRIES (RIVIERE DES) AUX RAPIDES DU CHEVAL BLANC,QC,45.519718170166016,-73.834716796875,,,0
02OA019,PRAIRIES (RIVIERE DES) A ROXBORO,QC,45.51556015014648,-73.81360626220703,,,0
02OA020,PRAIRIES (RIVIERE DES) A DUVERNAY EST,QC,45.65250015258789,-73.600830078125,,,0
02OA021,DEUX MONTAGNES (LAC DES) AU QUAI DE VAUDREUIL,QC,45.400001525878906,-74.02333068847656,,,0
02OA024,RIVE SUD (CANAL DE LA) A COTE-SAINTE-CATHERINE,QC,45.40610885620117,-73.5763931274414,,,0
02OA025,BELLE RIVIERE (RIVIERE) A SAINTE-SCHOLASTIQUE,QC,45.65193939208984,-74.09221649169922,28.0,,0
02OA026,BELLE RIVIERE (RIVIERE) AU BARRAGE PRES DE SAINTE-SCHOLASTIQUE,QC,45.63999938964844,-74.09916687011719,,,0
02OA028,CHENE (RIVIERE DU) AU SUD DU VILLAGE DE BELLE-RIVIERE,QC,45.61333084106445,-74.10472106933594,53.59999847412109,,0
02OA030,MASCOUCHE (RIVIERE) PRES DE SAINT-JANVIER,QC,45.69166946411133,-73.93805694580078,18.899999618530277,,0
02OA031,CHICOT (RIVIERE DU) PRES DE SAINTE-MONIQUE,QC,45.65528106689453,-73.9669418334961,7.25,,0
02OA032,CHIENS (RIVIERE AUX) PRES DE BOISBRIAND,QC,45.63777923583984,-73.91416931152344,,,0
02OA033,OUTAOUAIS (RIVIERE DES) A LA MARINA DE SAINTE-ANNE-DE-BELLEVUE,QC,45.40224838256836,-73.94792175292969,,,0
02OA034,CHATEAUGUAY (RIVIERE) A SAINTE-MARTINE,QC,45.25333023071289,-73.80027770996094,2350.0,,0
02OA035,MILLE ILES (RIVIERE DES) EN AVAL DU LAC DES DEUX MONTAGNES,QC,45.54167175292969,-73.87306213378906,146000.0,,0
02OA036,PRAIRIES (RIVIERE DES) A CARTIERVILLE,QC,45.508888244628906,-73.79360961914062,146000.0,,0
02OA038,PRAIRIES (RIVIERE DES) A PONT VIAU,QC,45.55860900878906,-73.67666625976562,146000.0,,0
02OA039,SAINT-LOUIS (LAC) A POINTE-CLAIRE,QC,45.42768096923828,-73.8206787109375,,,0
02OA040,SAINT-LAURENT (FLEUVE) A LACHINE,QC,45.43111038208008,-73.67111206054688,,,0
02OA041,SAINT-LAURENT (FLEUVE) A LA PRAIRIE,QC,45.46485900878906,-73.505859375,,,0
02OA043,SAINT-LAURENT (FLEUVE) EN AMONT DE L'ECLUSE A COTE-SAINTE-CATHERINE,QC,45.408329010009766,-73.57472229003906,,,0
02OA044,SAINT-LAURENT (FLEUVE) EN AMONT DE L'ECLUSE A SAINT-LAMBERT,QC,45.4877815246582,-73.5088882446289,,,0
02OA045,SAINT-LAURENT (FLEUVE) EN AVAL DE L'ECLUSE A SAINT-LAMBERT,QC,45.50389099121094,-73.52111053466797,,,0
02OA046,SAINT-LAURENT (FLEUVE) A MONTREAL (JETEE NO. 1),QC,45.50471878051758,-73.5513916015625,,,0
02OA047,SAINT-LAURENT (FLEUVE) AU QUAI DE LA RUE FRONTENAC (MONTREAL),QC,45.52861022949219,-73.54277801513672,,,0
02OA048,SAINT-LAURENT (FLEUVE) A LONGUE-POINTE,QC,45.58277893066406,-73.50721740722656,,,0
02OA049,SAINT-LAURENT (FLEUVE) A POINTE-AUX-TREMBLES,QC,45.63222122192383,-73.4911117553711,,,0
02OA050,SAINT-LAURENT (FLEUVE) A VARENNES,QC,45.68471908569336,-73.44389343261719,,,0
02OA054,CHATEAUGUAY (RIVIERE) A 2 KM EN AMONT DU PONT-ROUTE 132,QC,45.331939697265625,-73.7619400024414,2490.0,,0
02OA055,NORTON (RUISSEAU) EN AVAL DU BARRAGE DE SAINTE-CLOTHILDE,QC,45.14944076538086,-73.70639038085938,221.0,,0
02OA056,NORTON (RUISSEAU) PRES DU BARRAGE DE SAINTE-CLOTHILDE,QC,45.157501220703125,-73.71916961669922,227.0,,0
02OA057,"ANGLAIS (RIVIERE DES) A 1,1 KM EN AVAL DU PONT-ROUTE A TRES-SAINT-SACREMENT",QC,45.17499923706055,-73.84500122070312,643.0,,0
02OA059,ANGLAIS (RIVIERE DES) A HOWICK,QC,45.18333053588867,-73.84528350830078,712.0,,0
02OA060,OUTARDES EST (RIVIERE AUX) PRES DE ANDERSONS CORNERS,QC,45.077781677246094,-74.04055786132812,133.0,,0
02OA061,OUTARDES EST (RIVIERE AUX) PRES DE LA RIVIERE AUX OUTARDES,QC,45.0988883972168,-74.0647201538086,138.0,,0
02OA062,TROUT (RIVIERE) A KELVINGROVE,QC,45.050559997558594,-74.23278045654297,409.0,,0
02OA065,MILLE ILES (RIVIERE DES) A SAINTE-ROSE,QC,45.533329010009766,-73.88278198242188,14600.0,,0
02OA069,PRAIRIES (RIVIERE DES) A SAINTE-GENEVIEVE-DE-PIERREFONDS,QC,45.47972106933594,-73.87444305419922,,,0
02OA072,PRAIRIES (RIVIERE DES) A LA CENTRALE DES PRAIRIES,QC,45.58943939208984,-73.65778350830078,146000.0,,0
02OA075,PRAIRIES (RIVIERE DES) A SAINT-VINCENT DE PAUL,QC,45.6119384765625,-73.64167022705078,146000.0,,0
02OA076,PRAIRIES (RIVIERE DES) A L'ILE MAHEU,QC,45.68082809448242,-73.54805755615234,,,0
02OA078,BELLE RIVIERE (LA) PRES DE LA RIVIERE DU CHENE,QC,45.61611175537109,-74.10360717773438,45.09999847412109,,0
02OA079,PETITE RIVIERE (LA) PRES DE LA RIVIERE DU CHENE,QC,45.5766716003418,-74.01139068603516,76.4000015258789,,0
02OA080,CHENE (RIVIERE DU) A LA FRESNIERE,QC,45.560279846191406,-73.977783203125,200.0,,0
02OA081,CHENE (RIVIERE DU) PRES DE L'EMBOUCHURE,QC,45.55778121948242,-73.89582824707031,217.0,,0
02OA082,MASCOUCHE (RIVIERE) EN AVAL DE LA RIVIERE SAINT-PIERRE,QC,45.76082992553711,-73.63082885742188,258.0,,0
02OA083,MASCOUCHE (RIVIERE) PRES DE LA RIVIERE SAINT-PIERRE,QC,45.7611083984375,-73.63417053222656,258.0,,0
02OA085,NORTON (RUISSEAU) AU BARRAGE A SAINT-CLOTHILDE,QC,45.14889144897461,-73.6763916015625,215.0,,0
02OA087,CHATEAUGUAY (RIVIERE) PRES DE ATHELSTAN,QC,45.03472137451172,-74.18417358398438,461.0,,0
02OA088,MILLE-ILES (RIVIERE DES) AU BARRAGE DE TERREBONNE,QC,45.69306182861328,-73.6494369506836,146000.0,,0
02OA090,QUINCHIEN (RIVIERE) A DORION,QC,45.388328552246094,-74.05082702636719,33.900001525878906,,0
02OA091,RAQUETTE (RIVIERE A LA),QC,45.45750045776367,-74.22943878173828,117.0,,0
02OA092,CHENE (RIVIERE DU),QC,45.560279846191406,-73.91972351074219,215.0,,0
02OA094,MILLE ILES (RIVIERE DES) A BARRAGE DU GRAND-MOULIN,QC,45.533199310302734,-73.88240051269531,146000.0,,0
02OA095,MILLE-ILES (RIVIERE DES)  EN AVAL DU BARRAGE GRAND-MOULIN A DEUX-MONTAGNES,QC,45.533199310302734,-73.88240051269531,146000.0,,0
02OA096,SAINT-LAURENT (FLEUVE) EN AVAL DE MONTREAL,QC,45.70777893066406,-73.45889282226562,92300.0,,0
02OA102,DES MILLES-ILES (RIVIERE) A L'USINE DE POMPAGE A DEUX-MONTAGNES,QC,45.54056167602539,-73.88667297363281,146000.0,,0
02OA105,DEUX MONTAGNES (LAC DES) A POINTE-CALUMET,QC,45.48917007446289,-73.97860717773438,146000.0,,0
02OA107,OUTAOUAIS (RIVIERE DES) A TERRASSE-VAUDREUIL,QC,45.38906097412109,-73.99810791015625,,,0
02OA108,CHATEAUGUAY (RIVIERE) A HUNTINGDON,QC,45.087100982666016,-74.1718978881836,1060.0,,0
02OA109,DU CHENE (RIVIERE) A LA PASSERELLE LAUZON SUR LA MONTEE LAUZON,QC,45.55989837646485,-73.97640228271484,196.0,,0
02OA110,NOIRE (RIVIERE) A L'ARTIFICE,QC,45.07659912109375,-73.8499984741211,35.0,,0
02OA111,DES ANGLAIS (RIVIERE) A SAINT-CHRYSOSTOME,QC,45.10029983520508,-73.76239776611328,275.0,,0
02OB001,L'ASSOMPTION (RIVIERE) A SAINT-COME,QC,46.27082824707031,-73.77166748046875,549.0,,0
02OB002,L'ASSOMPTION (RIVIERE) A JOLIETTE NO.1,QC,46.0122184753418,-73.42971801757812,1340.0,,0
02OB003,QUAREAU (RIVIERE) A RAWDON,QC,46.040828704833984,-73.71749877929688,1260.0,,0
02OB004,L'ASSOMPTION (RIVIERE) A CHARLEMAGNE,QC,45.71749877929688,-73.48388671875,,,0
02OB006,L'ASSOMPTION (RIVIERE) A L'ASSOMPTION,QC,45.82527923583984,-73.42305755615234,,,0
02OB007,L'ASSOMPTION (RIVIERE) A JOLIETTE NO.2,QC,46.01361083984375,-73.43138885498047,1340.0,,0
02OB008,L'ASSOMPTION (RIVIERE) AU PONT-ROUTE 158 A JOLIETTE,QC,46.01028060913086,-73.42749786376953,1340.0,,0
02OB009,SAINT-LAURENT (FLEUVE) A REPENTIGNY,QC,45.74222183227539,-73.4366683959961,,,0
02OB010,SAINT-LAURENT (FLEUVE) A LAVALTRIE,QC,45.883331298828125,-73.27361297607422,,,0
02OB011,SAINT-LAURENT (FLEUVE) A LANORAIE,QC,45.95941162109375,-73.21459197998047,,,0
02OB012,ACHIGAN (RIVIERE DE L') ECHELLE NO.1,QC,45.9244384765625,-73.9508285522461,,,0
02OB013,ACHIGAN (RIVIERE DE L') ECHELLE NO.2,QC,45.9244384765625,-73.9508285522461,,,0
02OB014,ACHIGAN (RIVIERE DE L') ECHELLE NO.3,QC,45.9244384765625,-73.9508285522461,,,0
02OB016,OUAREAU (RIVIERE) A LA CENTRALE DE RAWDON,QC,46.04528045654297,-73.73082733154297,1260.0,,0
02OB017,OUAREAU (RIVIERE) AUX CHUTES DORWIN,QC,46.02999877929688,-73.70527648925781,1270.0,,0
02OB018,ACHIGAN (LAC DE L'),QC,45.93806076049805,-73.99333190917969,,,0
02OB019,OUAREAU (LAC),QC,46.28305816650391,-74.16693878173828,355.0,,0
02OB020,ILES (LAC DES) A ENTRELACS,QC,46.09222030639648,-74.03360748291016,,,0
02OB028,ARCHAMBAULT (LAC),QC,46.337501525878906,-74.22888946533203,277.0,,0
02OB032,NOIRE (RIVIERE) A SAINTE EMELIE DE L'ENERGIE,QC,46.33943939208984,-73.65193939208984,190.0,,0
02OB033,SAINT-ESPRIT (RIVIERE) PRES DE L'EPIPHANIE,QC,45.86832809448242,-73.48249816894531,208.0,,0
02OB034,ROUGE (RIVIERE),QC,45.98749923706055,-73.49889373779297,319.0,,0
02OB035,"BEAUPORT (RIVIERE) A 0,6 KM DE L'ACHIGAN",QC,45.89527893066406,-73.8630599975586,76.69999694824219,,0
02OB036,ABERCROMBY (RIVIERE),QC,45.86582946777344,-73.90055847167969,58.5,,0
02OB037,ACHIGAN (RIVIERE DE L') A L'EPIPHANIE,QC,45.84638977050781,-73.49305725097656,647.0,,0
02OB038,SAINT-JOSEPH (RIVIERE),QC,46.0141716003418,-73.1866683959961,55.400001525878906,,0
02OB039,POINT-DU-JOUR (RUISSEAU) A 0.3 KM DE L'EMBOUCHURE,QC,45.83805847167969,-73.41443634033203,73.69999694824219,,0
02OB040,POINT-DU-JOUR (RUISSEAU) A 4.0 KM DU RUISSEAU LAROCHELLE,QC,45.848609924316406,-73.40860748291016,70.80000305175781,,0
02OB045,CROCHE (LAC) A L'EXUTOIRE,QC,45.98944091796875,-74.00527954101562,0.8899999856948853,,0
02OB046,BAYONNE (RIVIERE) A ST-FELIX-DE-VALOIS,QC,46.15169906616211,-73.39080047607422,190.0,,0
02OC001,LOUP (RIVIERE DU) PRES DE SAINT-PAULIN,QC,46.417781829833984,-72.9558334350586,1380.0,,0
02OC002,MASKINONGE (RIVIERE) AU PONT DU C.N. PRES DE SAINTE-URSULE,QC,46.30110931396485,-73.09667205810547,1030.0,,0
02OC003,SAINTE-PIERRE (LAC) A LOUISEVILLE,QC,46.22138977050781,-72.92527770996094,,,0
02OC004,"LOUP (RIVIERE DU) A 0,3 KM EN AVAL DU RUISSEAU CARUFEL",QC,46.60055923461914,-73.18639373779297,774.0,,0
02OC005,LOUP (RIVIERE DU) A LOUISEVILLE,QC,46.29639053344727,-72.91278076171875,1430.0,,0
02OC006,MASKINONGE (RIVIERE) AU BARRAGE DE SAINT-DIDACE,QC,46.32917022705078,-73.27777862548828,836.0,,0
02OC007,MASKINONGE (LAC) A SAINT GABRIEL DE BRANDON,QC,46.32500076293945,-73.39167022705078,754.0,,0
02OC009,SACACOMIE (LAC),QC,46.51277923583984,-73.21278381347656,53.20000076293945,,0
02OC010,SACACOMIE (RIVIERE) EN AVAL DU LAC SACACOMIE,QC,46.511940002441406,-73.21083068847656,52.79999923706055,,0
02OC011,SACACOMIE (DECHARGE DU LAC) EN AMONT DU LAC ROUGE,QC,46.49639129638672,-73.24082946777344,52.79999923706055,,0
02OC016,SAINT-PIERRE (LAC) AU CURB NO. 2,QC,46.19443893432617,-72.89611053466797,,,0
02OC019,LOUP (RIVIERE DU) A LOUISEVILLE,QC,46.26499938964844,-72.93694305419922,1520.0,,0
02OC021,MASTIGOUCHE (RIVIERE) EN AVAL DU LAC SAINTE-ROSE,QC,46.43999862670898,-73.461669921875,186.0,,0
02OD001,NICOLET SUD-OUEST (RIVIERE) PRES D'ASBESTOS,QC,45.79167175292969,-71.96916961669922,549.0,,0
02OD003,"NICOLET (RIVIERE) A 5,8 KM EN AVAL DE LA RIVIERE BULSTRODE",QC,46.05638885498047,-72.30638885498047,1540.0,,0
02OD004,NICOLET SUD-OUEST (RIVIERE) A LA VISITATION,QC,46.12971878051758,-72.59583282470703,1560.0,,0
02OD008,TROIS LACS (LES),QC,45.80556106567383,-71.90943908691406,513.0,,0
02OD009,BEAUDET (RESERVOIR) A VICTORIAVILLE,QC,46.06999969482422,-71.97693634033203,338.0,,0
02OD010,BULSTRODE (RIVIERE) A SAINT-VALERE-1,QC,46.06999969482422,-71.97888946533203,342.0,,0
02OD011,BULSTRODE (RIVIERE) EN AMONT DE LA ROUTE NO. 116,QC,46.13861083984375,-71.80944061279297,249.0,,0
02OD012,BULSTRODE (RIVIERE) A SAINT-VALERE-3,QC,46.06306076049805,-72.02111053466797,360.0,,0
02OD013,NOIRE (RIVIERE) PRES DE LA RIVIERE BULSTRODE-1,QC,46.1127815246582,-72.05777740478516,29.5,,0
02OD014,NOIRE (RIVIERE) PRES DE LA RIVIERE BULSTRODE-2,QC,46.08443832397461,-72.09471893310547,51.5,,0
02OD015,NICOLET (RIVIERE) A LA SORTIE DU LAC NICOLET,QC,45.82221984863281,-71.59500122070312,13.300000190734863,,0
02OD017,DANVILLE (RIVIERE) EN AMONT DE LA ROUTE NO. 116,QC,45.75027847290039,-71.9958267211914,70.4000015258789,,0
02OD018,SAULTS (RIVIERE DES) PRES DE LA RIVIERE NICOLET SUD-OUEST,QC,46.024169921875,-72.47917175292969,140.0,,0
02OD019,PATATE (RUISSEAU A) PRES DE LA RIVIERE NICOLET SUD-OUEST,QC,45.964168548583984,-72.22860717773438,62.900001525878906,,0
02OE001,"SAINT-FRANCOIS (RIVIERE) A 0,6 KM EN AVAL DU BARRAGE JULES-ALLARD",QC,45.94083023071289,-71.28111267089844,1230.0,,0
02OE003,SAINT-FRANCOIS (RIVIERE) PRES DE BISHOPTON,QC,45.58055877685547,-71.5647201538086,3110.0,,0
02OE004,SAINT-FRANCOIS (RIVIERE) A ASCOT,QC,45.446388244628906,-71.76638793945312,4120.0,,0
02OE005,SAINT-FRANCOIS (RIVIERE) A SHERBROOKE,QC,45.40306091308594,-71.88722229003906,7930.0,,0
02OE006,MAGOG (RIVIERE) A LA CENTRALE DE SHERBROOKE,QC,45.40555953979492,-71.89417266845703,2020.0,,0
02OE007,SAINT-FRANCOIS (RIVIERE) A LA CENTRALE DE WESTBURY,QC,45.49943923950195,-71.61778259277344,3330.0,,0
02OE009,COATICOOK (RIVIERE) EN AMONT DE LA CENTRALE DE COATICOOK,QC,45.144718170166016,-71.8125,334.0,,0
02OE010,COATICOOK (RIVIERE) PRES DE NORTH-COATICOOK,QC,45.17361068725586,-71.80249786376953,381.0,,0
02OE011,NIGER (RIVIERE) A LA CENTRALE DE MASSAWAPPI,QC,45.14638900756836,-72.01917266845703,155.0,,0
02OE012,MEMPHREMAGOG (LAC) A MAGOG,QC,45.267539978027344,-72.1614990234375,,,0
02OE013,EATON (RIVIERE) PRES DE LA RIVIERE SAINT-FRANCOIS,QC,45.46749877929688,-71.65499877929688,642.0,,0
02OE015,LOVERING (LAC),QC,45.146671295166016,-72.15416717529297,36.5,,0
02OE016,SAUMON (RIVIERE AU) PRES DE LA RIVIERE SAINT-FRANCOIS,QC,45.62166976928711,-71.3933334350586,839.0,,0
02OE017,SAINT-FRANCOIS (RIVIERE) A LA CENTRALE DE WEEDON,QC,45.66194152832031,-71.4638900756836,2930.0,,0
02OE018,HALL (RIVIERE) PRES D'EAST HEREFORD,QC,45.04471969604492,-71.49832916259766,220.0,,0
02OE019,"MASSAWAPPI (RIVIERE) A 1,6 KM EN AVAL DU LAC MASSAWIPPI",QC,45.2841682434082,-71.9625015258789,610.0,,0
02OE021,ASCOT (RIVIERE) EN AMONT DU RUISSEAU HASELTINE,QC,45.30833053588867,-71.7683334350586,210.0,,0
02OE022,"COATICOOK (RIVIERE) A 1,3 KM EN AVAL DU PONT-ROUTE 143 A WATERVILLE",QC,45.28499984741211,-71.8994369506836,521.0,,0
02OE024,SAINT-FRANCOIS (RIVIERE) AU RESERVOIR SAINT-FRANCOIS,QC,45.94499969482422,-71.27832794189453,1200.0,,0
02OE025,SAINT-FRANCOIS (RIVIERE) AU RESERVOIR AYLMER A WEEDON,QC,45.76028060913086,-71.40638732910156,1710.0,,0
02OE026,EATON (RIVIERE. PRES DE LA RIVIERE SAINT-FRANCOIS-1,QC,45.46749877929688,-71.65499877929688,642.0,,0
02OE027,EATON (RIVIERE) PRES DE LA RIVIERE SAINT-FRANCOIS-3,QC,45.46722030639648,-71.65528106689453,642.0,,1
02OE028,ASCOT (RIVIERE) EN AMONT DE LA RIVIERE MOE,QC,45.31721878051758,-71.81944274902344,324.0,,0
02OE031,BLUETS (RIVIERE AUX) A LA ROUTE NO. 108,QC,45.883331298828125,-71.01693725585938,205.0,,0
02OE032,"SAUMON (RIVIERE AU) A 1,9 KM EN AMONT DE LA MOFFAT",QC,45.58055877685547,-71.38667297363281,738.0,,0
02OE033,EATON (RIVIERE) A SAWYERVILLE,QC,45.34056091308594,-71.56777954101562,197.0,,0
02OE034,EATON (RIVIERE) EN AMONT DE LA RIVIERE CLIFTON,QC,45.334171295166016,-71.53083038330078,86.0,,0
02OE035,EATON (RIVIERE) EN AMONT DE LA RIVIERE EATON NORD,QC,45.3872184753418,-71.5875015258789,243.0,,0
02OE036,EATON NORD (RIVIERE) PRES DE LA RIVIERE EATON,QC,45.37527847290039,-71.52999877929688,264.0,,0
02OE037,EATON NORD (RIVIERE) EN AMONT DU RUISSEAU AU PIN-1,QC,45.35721969604492,-71.38500213623047,123.0,,0
02OE038,EATON NORD (RIVIERE) EN AMONT DU RUISSEAU AU PIN-2,QC,45.35721969604492,-71.37555694580078,116.0,,0
02OE040,COATICOOK (RIVIERE) EN AMONT DU PONT A WATERVILLE,QC,45.2783317565918,-71.8902816772461,515.0,,0
02OE042,ASCOT (RIVIERE) PRES DU RUISSEAU HASELTINE,QC,45.324440002441406,-71.77306365966797,214.0,,0
02OE043,MASSAWIPPI (RIVIERE) PRES DE LA RIVIERE SAINT-FRANCOIS,QC,45.36666870117188,-71.850830078125,1700.0,,0
02OE045,MASSAWIPPI (LAC) A NORTH HATLEY,QC,45.27582931518555,-71.97416687011719,606.0,,0
02OE050,BIRCHTON (RUISSEAU) PRES DE LA RIVIERE EATON,QC,45.404441833496094,-71.60250091552734,22.899999618530277,,0
02OE051,CLIFTON (RIVIERE) PRES DE LA RIVIERE EATON,QC,45.30305862426758,-71.54332733154297,91.9000015258789,,0
02OE054,TOMIFOBIA (RIVIERE) A BOYNTON,QC,45.11027908325195,-72.08332824707031,214.0,,0
02OE059,MAGOG (RIVIERE) A LA CENTRALE DE ROCK-FOREST,QC,45.34249877929688,-71.99360656738281,1960.0,,0
02OE060,MAGOG (RIVIERE) A MAGOG,QC,45.263328552246094,-72.1449966430664,1770.0,,0
02OE061,CANARD (RIVIERE AU) PRES DE WEEDON,QC,45.72861099243164,-71.45333099365234,103.0,,0
02OE062,"SAINT-FRANCOIS (RIVIERE) A 0,5 KM EN AVAL DE LA CENTRALE WEEDON",QC,45.65861129760742,-71.46861267089844,2930.0,,0
02OE066,LOUISE (LAC) A WEEDON,QC,45.73749923706055,-71.42166900634766,1860.0,,0
02OE067,MONTAGNE (RUISSEAU DE LA) EN AMONT DE RIVIERE AU SAUMON,QC,45.470001220703125,-71.22972106933594,25.600000381469727,,0
02OE070,"SAINT-FRANCOIS (RIVIERE) A 0,1 KM EN AVAL DU BARRAGE AYLMER",QC,45.75971984863281,-71.40693664550781,1730.0,,0
02OE071,SAINT-FRANCOIS (RIVIERE) EN AVAL DU RESERVOIR AYLMER-2,QC,45.7488899230957,-71.41082763671875,1720.0,,0
02OE072,AYLMER (LAC ) AU QUAI DE LA MUNICAPALITE DE STRATFORD,QC,45.80630111694336,-71.32599639892578,1730.0,,0
02OE073,LYSTER (LAC) AU BARRAGE A COATICOOK,QC,45.036399841308594,-71.91179656982422,12.0,,0
02OF001,SAINT-FRANCOIS (RIVIERE) A RICHMOND-1,QC,45.65888977050781,-72.14360809326172,9170.0,,0
02PD005,MONTMORENCY (RIVIERE) EN AVAL DU RUISSEAU DES BRULES,QC,47.40555953979492,-71.18611145019531,121.0,,0
02PD006,NOIRE (RIVIERE) PRES DE LA RIVIERE MONTMORENCY,QC,47.3266716003418,-71.102783203125,58.79999923706055,,0
02PD007,SAINT-CHARLES (RIVIERE) AU RESERVOIR SAINT-CHARLES,QC,46.910831451416016,-71.37222290039062,166.0,,0
02PD008,SAINT-CHARLES (RIVIERE) AU BARRAGE DE CHATEAU D'EAU,QC,46.86027908325195,-71.36582946777344,339.0,,0
02PD009,SAINT-CHARLES (RIVIERE) A LORETTEVILLE,QC,46.84111022949219,-71.34249877929688,347.0,,0
02PD010,"SAINT-CHARLES (RIVIERE) A 0,8 KM  EN AMONT DE LA RIVIERE LORETTE",QC,46.81417083740234,-71.31749725341797,357.0,,0
02PD011,LORETTE (RIVIERE) A LES SAULES,QC,46.8013916015625,-71.33444213867188,64.0,,0
02PD012,EAUX VOLEES (RUISSEAU DES) EN AMONT DU CHEMIN DU BELVEDERE,QC,47.271671295166016,-71.16139221191406,3.940000057220459,,1
02PD013,EAUX VOLEES (RUISSEAU DES) PRES DE LA RIVIERE MONTMORENCY,QC,47.27082824707031,-71.13777923583984,9.170000076293944,,0
02PD014,AULNAIES OUEST (RUISSEAU DES) EN AMONT DU CHEMIN DU BELVEDERE,QC,47.2894401550293,-71.16166687011719,1.2200000286102295,,0
02PD015,AULNAIES (RUISSEAU DES) PRES DU RUISSEAU DES EAUX VOLEES,QC,47.272499084472656,-71.16082763671875,3.569999933242798,,0
02PD016,CAP-ROUGE (RIVIERE DU),QC,46.7641716003418,-71.35806274414062,70.69999694824219,,0
02PD017,LAFLAMME (LAC) A LA FORET DE MONTMORENCY,QC,47.3236083984375,-71.12638854980469,0.6899999976158142,,0
02PD018,LAFLAMME (RUISSEAU) A LA SORTIE DU LAC LAFLAMME,QC,47.32416915893555,-71.12693786621094,0.6899999976158142,,0
02PD020,LAC DES NEIGES,QC,47.375,-71.0263900756836,40.400001525878906,,0
02PD023,NELSON (RIVIERE) A VAL-BELAIR A QUEBEC,QC,46.86830139160156,-71.42500305175781,58.0,,0
02PD024,HURONS (RIVIERE DES) A STONEHAM,QC,47.027000427246094,-71.36160278320312,71.0,,0
02PE001,SAINTE-ANNE DU NORD (RIVIERE) A LA CENTRALE DE SAINT-FEREOL,QC,47.12361145019531,-70.81832885742188,974.0,,0
02PE002,CHIENS (RIVIERE AUX) A SAINTE-ANNE-DE-BEAUPRE-OUEST,QC,47.0099983215332,-70.96639251708984,82.9000015258789,,0
02PE003,SAINTE-ANNE DU NORD (RIVIERE) PRES DE SAINTE-ANNE-DE-BEAUPRE,QC,47.056671142578125,-70.88722229003906,1080.0,,0
02PE004,SAINTE-ANNE DU NORD (RIVIERE) AU RESERVOIR SAVANE,QC,47.45555877685547,-70.86499786376953,42.70000076293945,,0
02PE005,SAULT A LA PUCE (RIVIERE DU) PRES DE CHATEAU-RICHER,QC,46.980560302734375,-71.0088882446289,61.400001525878906,,0
02PE009,GOUFFRE (RIVIERE DU) A BAIE-SAINT-PAUL,QC,47.4474983215332,-70.51055908203125,865.0,,0
02PE014,DAUPHINE (RIVIERE) A L' ILE D'ORLEANS,QC,46.96667098999024,-70.85639190673828,24.899999618530277,,0
02PE015,MARE (RUISSEAU DE LA),QC,47.38082885742188,-70.4080581665039,2.5899999141693115,,0
02PF001,MALBAIE (RIVIERE) A CLERMONT,QC,47.69417190551758,-70.2169418334961,1700.0,,0
02PF003,JACK (LAC A),QC,47.60694122314453,-70.9911117553711,61.59999847412109,,0
02PG001,"LOUP (RIVIERE DU) A 0,6 KM EN AMONT DU PONT-ROUTE 185",QC,47.8224983215332,-69.52056121826172,1050.0,,0
02PG002,OUELLE (RIVIERE) A LA ROUTE NO. 230,QC,47.41971969604492,-69.9494400024414,802.0,,0
02PG003,"FOURCHUE (RIVIERE) A 0,2 KM EN AVAL DU BARRAGE MORIN",QC,47.65082931518555,-69.51277923583984,261.0,,0
02PG004,LOUP (RIVIERE DU) A LA ROUTE NO. 289,QC,47.58250045776367,-69.66972351074219,500.0,,0
02PG005,LOUP (RIVIERE DU) A LA ROUTE NO. 289,QC,47.6602783203125,-69.58943939208984,565.0,,0
02PG006,LOUP (RIVIERE DU) A SAINT-JOSEPH-DE-KAMOURASKA,QC,47.61249923706055,-69.64582824707031,525.0,,0
02PG007,LOUP (RIVIERE DU) EN AMONT DE LA RIVIERE FOURCHUE,QC,47.67778015136719,-69.54611206054688,581.0,,0
02PG008,LOUP (RIVIERE DU) EN AVAL DE LA RIVIERE FOURCHUE,QC,47.71611022949219,-69.53639221191406,948.0,,0
02PG009,FOURCHUE (RIVIERE) AU RESERVOIR MORIN,QC,47.64944076538086,-69.51167297363281,261.0,,0
02PG010,LOUP (RIVIERE DU) EN AMONT DE LA ROUTE NO. 232,QC,47.82278060913086,-69.51943969726562,1050.0,,0
02PG014,LOUP (RIVIERE DU) EN AMONT DE LA ROUTE NO. 289,QC,47.577781677246094,-69.6449966430664,455.0,,0
02PG015,LOUP (RIVIERE DU) EN AMONT DE LA RIVIERE FOURCHUE,QC,47.67221832275391,-69.56832885742188,569.0,,0
02PG016,LOUP (RIVIERE DU) EN AMONT DE LA RIVIERE FOURCHUE,QC,47.665000915527344,-69.58193969726562,566.0,,0
02PG017,LOUP (RIVIERE DU) EN AVAL DE LA RIVIERE FOURCHUE,QC,47.69361114501953,-69.54360961914062,901.0,,0
02PG018,OUELLE (RIVIERE) EN AMONT DE LA ROUTE NO. 230,QC,47.37971878051758,-69.95166778564453,790.0,,0
02PG019,OUELLE (RIVIERE) A SAINT-GABRIEL-DE-KAMOURASKA,QC,47.3608283996582,-69.94444274902344,783.0,,0
02PG020,TROIS SAUMONS (LAC),QC,47.12166976928711,-70.20667266845703,15.0,,0
02PG022,OUELLE (RIVIERE) PRES DE SAINT-GABRIEL-DE-KAMOURASKA,QC,47.38111114501953,-69.95806121826172,795.0,,0
02PG023,KAMOURASKA (RIVIERE) AU PONT DU RANG DE L'EMBARRAS,QC,47.53269958496094,-69.84929656982422,215.0,,0
02PG024,FOUQUETTE (RIVIERE) A ENVIRON 275 M EN AMONT DU PONT-ROUTE 289,QC,47.70249938964844,-69.66290283203125,75.0,,0
02PH001,SUD (RIVIERE DU) A ARTHURVILLE,QC,46.827781677246094,-70.758056640625,826.0,,0
02PH002,SUD (RIVIERE DU) EN AMONT DE BRAS SAINT-NICOLAS,QC,46.8125,-70.55610656738281,1280.0,,0
02PH003,SAINT-NICOLAS (BRAS) PRES DE SON EMBOUCHURE,QC,46.81193923950195,-70.55388641357422,642.0,,0
02PH004,ETCHEMIN (RIVIERE) A SAINT-HENRI-DE-LEVIS,QC,46.63555908203125,-71.04472351074219,1130.0,,0
02PH007,SAINT-NICOLAS (BRAS) PRES DE SON EMBOUCHURE,QC,47.03916931152344,-70.40611267089844,487.0,,0
02PH009,ETCHEMIN (RIVIERE) A SAINT-HENRI,QC,46.72888946533203,-71.1369400024414,1420.0,,0
02PH010,"DU SUD (RIVIERE) A 1,0 KM EN AMONT DU PONT-ROUTE A ARTHURVILLE",QC,46.820560455322266,-70.75694274902344,821.0,,0
02PH011,ETCHEMIN (RIVIERE) AU PONT-ROUTE 173 A SAINT-HENRI-DE-LEVIS,QC,46.69110870361328,-71.06889343261719,1160.0,,0
02PH012,BOYER SUD (RIVIERE) AU PONT-ROUTE DU RANG GRANDE GRILLADE,QC,46.7075309753418,-70.96053314208984,61.900001525878906,,0
02PH014,"BOYER (RIVIERE) A 0,1 KM EN AVAL DU PONT DE TRAIN A SAINT-CHARLES DE BELLECHASSE",QC,46.815799713134766,-70.90059661865234,195.0,,0
02PJ001,MEGANTIC (LAC) A MEGANTIC,QC,45.5736083984375,-70.88500213623047,775.0,,0
02PJ002,CHAUDIERE (RIVIERE) EN AVAL DU RUISSEAU DROLET,QC,45.69166946411133,-70.78582763671875,1170.0,,0
02PJ003,CHAUDIERE (RIVIERE) A SAINT-JOSEPH-DE-BEAUCE,QC,46.30778121948242,-70.88555908203125,5180.0,,0
02PJ004,CHAUDIERE (RIVIERE) A SCOTT-JONCTION,QC,46.50389099121094,-71.0736083984375,5720.0,,0
02PJ005,CHAUDIERE (RIVIERE) AU PONT-ROUTE 218 A SAINT-LAMBERT-DE-LAUZON,QC,46.5877799987793,-71.21639251708984,5820.0,,0
02PJ006,CHAUDIERE (RIVIERE) A SAINTE-MARIE,QC,46.435829162597656,-71.02166748046875,5570.0,,0
02PJ007,BEAURIVAGE (RIVIERE) A SAINTE-ETIENNE,QC,46.6591682434082,-71.28861236572266,709.0,,1
02PJ008,VEUILLEUX (RIVIERE) PRES DE LA RIVIERE FAMINE,QC,46.27193832397461,-70.3880615234375,108.0,,0
02PJ011,CHAUDIERE (RIVIERE) A MEGANTIC,QC,45.57389068603516,-70.88056182861328,775.0,,0
02PJ012,CHAUDIERE (RIVIERE) EN AVAL DU BARRAGE A MEGANTIC,QC,45.57389068603516,-70.88056182861328,775.0,,0
02PJ013,CHAUDIERE (RIVIERE) EN AVAL DU RUISSEAU DROLET,QC,45.70750045776367,-70.7630615234375,1180.0,,0
02PJ014,CHAUDIERE (RIVIERE) EN AVAL DU BARRAGE SARTIGAN,QC,46.0977783203125,-70.65611267089844,3070.0,,0
02PJ015,CHAUDIERE (RIVIERE) AU RESERVOIR SARTIGAN,QC,46.0977783203125,-70.65611267089844,3070.0,,0
02PJ017,CHAUDIERE (RIVIERE) A SAINT-GEORGES,QC,46.11806106567383,-70.67305755615234,3090.0,,0
02PJ018,CHAUDIERE (RIVIERE) A BEAUCEVILLE,QC,46.20111083984375,-70.74500274658203,4090.0,,0
02PJ020,CHAUDIERE (RIVIERE),QC,46.24694061279297,-70.81722259521484,4210.0,,0
02PJ021,CHAUDIERE (RIVIERE) A BEAUCEVILLE,QC,46.2105598449707,-70.77528381347656,4190.0,,0
02PJ022,CHAUDIERE (RIVIERE) A VALLEE-JONCTION,QC,46.3738899230957,-70.9286117553711,5390.0,,0
02PJ023,CHAUDIERE (RIVIERE) A SAINTE-MARIE,QC,46.4636116027832,-71.05860900878906,5670.0,,0
02PJ025,VICTORIA (RIVIERE),QC,45.5372200012207,-70.94332885742188,27.100000381469727,,0
02PJ026,PLANTES (RIVIERE DES)-2,QC,46.2641716003418,-70.79444122314453,117.0,,0
02PJ027,DU LOUP (RIVIERE),QC,45.94667053222656,-70.459716796875,380.0,,0
02PJ028,LINIERE (RIVIERE) A SAINT-COME-2,QC,46.05860900878906,-70.52777862548828,806.0,,0
02PJ029,LINIERE (RIVIERE) A SAINT-COME-1,QC,46.05833053588867,-70.52667236328125,808.0,,0
02PJ030,FAMINE (RIVIERE) A SAINT-GEORGES,QC,46.16416931152344,-70.63971710205078,691.0,,0
02PJ031,SAINT-VICTOR (RIVIERE),QC,46.2016716003418,-70.89389038085938,663.0,,0
02PJ033,TRUITE (RIVIERE A LA),QC,45.9002799987793,-70.62944030761719,48.09999847412109,,0
02PJ034,"BRAS D'HENRI (RIVIERE) A 2,3 KM DE LA BEAURIVAGE",QC,46.54027938842773,-71.3388900756836,137.0,,0
02PJ035,ABENAQUIS (RIVIERE DES),QC,46.223331451416016,-70.52139282226562,152.0,,0
02PJ036,NADEAU (RIVIERE),QC,46.383060455322266,-70.95832824707031,40.09999847412109,,0
02PJ037,PLANTES (RIVIERE DES)-1,QC,46.25667190551758,-70.8125,118.0,,0
02PJ038,SAMSON (RIVIERE) EN AVAL DE LA RIVIERE DU BARRAGE,QC,45.7005615234375,-70.66555786132812,110.0,,0
02PJ039,POZER (RIVIERE),QC,46.11943817138672,-70.6963882446289,149.0,,0
02PJ040,ARNOLD (RIVIERE) EN AMONT DE LA RIVIERE CLINTON,QC,45.413330078125,-70.86638641357422,141.0,,0
02PK003,BOURRET (RIVIERE),QC,46.64778137207031,-71.59333038330078,66.69999694824219,,0
02PK004,CHEVREUILS (RIVIERE AUX) EN AMONT DE LA RIVIERE DU CHENE,QC,46.4122200012207,-71.6161117553711,56.79999923706055,,0
02PK005,CHENE (PETIT RIVIERE DU) A PARISVILLE,QC,46.5,-72.10778045654297,356.0,,0
02PK006,GENTILLY (RIVIERE)-1,QC,46.35639190673828,-72.31082916259766,181.0,,0
02PK007,GENTILLY (RIVIERE)-2,QC,46.375,-72.32666778564453,304.0,,0
02PK008,GENTILLY (RIVIERE),QC,46.33332824707031,-72.3166732788086,302.0,,0
02PK009,DU CHENE (PETITE RIVIERE) A 250 M DU PONT-ROUTE 265 A DESCHAILLONS,QC,46.54056167602539,-72.09343719482422,385.0,,0
02PL001,BECANCOUR (RIVIERE) A LYSTER,QC,46.36888885498047,-71.62249755859375,1410.0,,0
02PL005,"BECANCOUR (RIVIERE) A 2,1 KM EN AMONT DE LA RIVIERE PALMER",QC,46.30611038208008,-71.4513931274414,919.0,,0
02PL007,BECANCOUR (RIVIERE) PRES DE SAINT-SYLVERE,QC,46.19472122192383,-72.28388977050781,2330.0,,0
02PL009,BECANCOUR (RIVIERE)  A 5.1 KM EN AVAL DU RUISSEAU SALABERRY,QC,46.04417037963867,-71.44750213623047,227.0,,0
02PL010,BOURBON (RIVIERE) A PLESSISVILLE,QC,46.21944046020508,-71.77749633789062,97.5999984741211,,0
02PL011,PALMER (RIVIERE) EN AMONT DE LA RIVIERE OSGOODE,QC,46.300559997558594,-71.37000274658203,216.0,,0
02PL012,BULLARD (RUISSEAU) A SAINT-JEAN-DE-BREBEUF,QC,46.175559997558594,-71.45777893066406,25.700000762939453,,0
02PL013,BULLARD (RUISSEAU) A MILLFIELD,QC,46.209999084472656,-71.4880599975586,75.80000305175781,,0
02PL015,BOURBON (RIVIERE) SUR LE 11IE RANG A PLESSISVILLE,QC,46.18399810791016,-71.75420379638672,50.0,,0
02PL016,BECANCOUR (RIVIERE) A 6 KM  EN AVAL DU PONT DE L'AUTOROUTE 20,QC,46.19900131225586,-72.09819793701172,2171.0,,0
02QA001,"TROIS PISTOLES (RIVIERE DES) A 2,1 KM EN AMONT DU PONT-ROUTE 132",QC,48.089168548583984,-69.1963882446289,932.0,,0
02QA002,"RIMOUSKI (RIVIERE) A 3,7 KM EN AMONT DU PONT-ROUTE 132",QC,48.413330078125,-68.55610656738281,1610.0,,1
02QA003,MITIS (RIVIERE) A LA CENTRALE DE PRICE,QC,48.62194061279297,-68.13749694824219,1800.0,,0
02QA004,MITIS (RIVIERE) AU RESERVOIR MITIS,QC,48.32527923583984,-67.91000366210938,300.0,,0
02QA005,MISTIGOUGECHE (RIVIERE) AU RESERVOIR MISTIGOUGECHE,QC,48.1775016784668,-68.0263900756836,158.0,,0
02QA006,MITIS (RIVIERE) EN AVAL DE LA RIVIERE MISTIGOUGECHE,QC,48.461669921875,-68.01943969726562,1080.0,,0
02QA007,MITIS (RIVIERE) EN AMONT DE LA RIVIERE MISTIGOUGECHE,QC,48.4486083984375,-68.00250244140625,573.0,,0
02QA010,RIMOUSKI (RIVIERE)-2,QC,48.41249847412109,-68.55555725097656,1610.0,,0
02QA011,TROIS PISTOLES (RIVIERE DES)-2,QC,48.0766716003418,-69.18917083740234,930.0,,0
02QA016,MITIS (RIVIERE) PRES DE LA RIVIERE MISTIGOUGECHE,QC,48.45610809326172,-68.01055908203125,1040.0,,0
02QA017,NEIGETTE (RIVIERE),QC,48.51750183105469,-68.16221618652344,492.0,,0
02QA026,BIC (RIVIERE DU),QC,48.37361145019531,-68.70417022705078,190.0,,0
02QA036,"NEIGETTE (PETITE RIVIERE) A 0,5 KM EN AVAL  DU LAC A LA PEINTURE",QC,48.419700622558594,-68.3561019897461,95.0,,0
02QB001,"MATANE (RIVIERE) A 8,5 KM EN AMONT DU PONT-ROUTE 132 A MATANE",QC,48.77471923828125,-67.54193878173828,1650.0,,0
02QB003,BLANCHE (RIVIERE)-2,QC,48.76750183105469,-67.66583251953125,208.0,,0
02QB004,MATANE (RIVIERE) A MATANE,QC,48.81832885742188,-67.53971862792969,1680.0,,0
02QB005,"BLANCHE (RIVIERE) A 3,5 KM EN AMONT DU PONT-ROUTE 132",QC,48.76667022705078,-67.66610717773438,208.0,,0
02QB007,MATANE (RIVIERE) EN AMONT DE LA RIVIERE TAMAGODI,QC,48.63999938964844,-67.28056335449219,828.0,,0
02QB008,MATANE (RIVIERE) AU BARRAGE MATHIEU-D'AMOURS,QC,48.845829010009766,-67.53111267089844,1690.0,,0
02QB009,MATANE (LAC),QC,48.69028091430664,-66.97444152832031,147.0,,0
02QB010,TRUITE (ETANG A LA),QC,48.67861175537109,-66.78556060791016,34.400001525878906,,0
02QB011,CAP CHAT (RIVIERE) A CAP-CHAT,QC,49.05638885498047,-66.6722183227539,721.0,,0
02QB016,DUVIVIER (LAC),QC,48.69805908203125,-67.1449966430664,21.799999237060547,,0
02QB018,MATANE (RIVIERE) A L'AMONT DU BARRAGE MATHIEU D'AMOUR SUR LE BRAS EST,QC,48.84260177612305,-67.52880096435547,1690.0,,0
02QC001,MADELEINE (RIVIERE) A RIVIERE-LA-MADELEINE,QC,49.202781677246094,-65.29556274414062,1200.0,,0
02QC002,MADELEINE (RIVIERE) PRES DE RIVIERE-LA-MADELEINE,QC,49.19417190551758,-65.2986068725586,1190.0,,0
02QC003,MONT-LOUIS (RIVIERE DE),QC,49.206668853759766,-65.72860717773438,291.0,,0
02QC004,MONT-LOUIS (RIVIERE DE) EN AVAL DE LA RIVIERE DE MONT-LOUIS-EST,QC,49.15361022949219,-65.6883316040039,254.0,,0
02QC007,SAINTE-ANNE (RIVIERE)-3,QC,49.06610870361328,-66.49360656738281,786.0,,0
02QC008,SAINTE-ANNE (RIVIERE)-2,QC,49.06528091430664,-66.49388885498047,786.0,,0
02QC009,"SAINTE-ANNE (RIVIERE) A 9,7 KM EN AMONT DU PONT-ROUTE 132",QC,49.05889129638672,-66.4866714477539,774.0,,0
02QC010,SAINTE-ANNE (RIVIERE) EN AMONT DE LA RIVIERE SAINTE-ANNE NORD-EST,QC,48.946388244628906,-66.1272201538086,208.0,,0
02QC011,SAINTE-ANNE NORDD-EST (RIVIERE),QC,48.94778060913086,-66.12306213378906,177.0,,0
02QC012,SAINTE-ANNE (RIVIERE) A LA SORTIE DU LAC SAINTE-ANNE,QC,48.806671142578125,-66.06360626220703,35.599998474121094,,0
02QC013,RENARD (PETIT RIVIERE AU),QC,48.9858283996582,-64.4244384765625,64.0,,0
02QC014,RENARD (PETITE RIVIERE AU) PRES DE L'EMBOUCHURE,QC,48.97499847412109,-64.43582916259766,59.79999923706055,,0
02QC017,GRANDE-VALLEE (RIVIERE),QC,49.1886100769043,-65.1522216796875,128.0,,0
02RA001,BONNARD (RIVIERE) AU RESERVOIR MANOUANE,QC,50.7216682434082,-71.04499816894531,5000.0,,0
02RB001,MANOUANE (RIVIERE) AU RESERVOIR MANOUANE,QC,50.658329010009766,-70.52777862548828,5000.0,,0
02RB003,MANOUANICHE (RIVIERE) AU RESERVOIR PIPMUACAN,QC,49.51166915893555,-70.91166687011719,13400.0,,0
02RB004,MANOUANE (RIVIERE) A LA SORTIE DU LAC DUHAMEL,QC,49.88138961791992,-70.92778015136719,3686.0,,0
02RC002,PERIBONCA (RIVIERE) A LA CENTRALE DE CHUTE-A-LA-SAVANE,QC,48.75416946411133,-71.83999633789062,26900.0,,0
02RC003,PERIBONCA (RIVIERE) A LA CENTRALE DE LA PASSE DANGEREUSE,QC,49.900001525878906,-71.2541732788086,11000.0,,0
02RC005,PERIBONCA (RIVIERE) AU RESERVOIR DE LA PASSE DANGEREUSE,QC,49.900001525878906,-71.2541732788086,11000.0,,0
02RC007,PERIBONCA (RIVIERE) A LA CENTRALE DE LA CHUTE DU DIABLE,QC,48.78083038330078,-71.69750213623047,25600.0,,0
02RC008,PERIBONCA (RIVIERE) EN AVAL DE LA CENTRALE CHUTE DU DIABLE,QC,48.78083038330078,-71.69750213623047,25600.0,,0
02RC009,PERIBONCA (RIVIERE) EN AVAL DE LA CENTRALE DE CHUTE-A-LA-SAVANE,QC,48.75416946411133,-71.83999633789062,26900.0,,0
02RC010,SERPENT (RIVIERE AU) PRES DE LA RIVIERE PERIBONCA,QC,49.60749816894531,-71.2994384765625,2220.0,,0
02RC011,PERIBONCA (PETITE RIVIERE),QC,48.81417083740234,-72.04778289794922,1090.0,,0
02RD002,MISTASSIBI (RIVIERE),QC,48.89944076538086,-72.211669921875,9320.0,,0
02RD003,MISTASSINI (RIVIERE) EN AMONT DE LA RIVIERE MISTASSIBI,QC,48.88777923583984,-72.26361083984375,9870.0,,0
02RD006,TICOUAPE (RIVIERE),QC,48.85499954223633,-72.49472045898438,295.0,,0
02RD007,MISTASSIBI (RIVIERE) EN AMONT DE LA CHUTE BOUCHARD,QC,48.942501068115234,-72.17259979248047,8743.0,,0
02RE001,MISTASSINI (RIVIERE) EN AMONT DE LA RIVIERE SAMAQUA,QC,49.31888961791992,-72.6380615234375,4480.0,,0
02RE002,MISTASSINI (RIVIERE) PRES DE LA RIVIERE SAMAQUA,QC,49.16889190673828,-72.56889343261719,4580.0,,0
02RE003,OUASIEMSCA (RIVIERE) EN AVAL DE LA RIVIERE MICOSAS,QC,49.102500915527344,-72.73249816894531,3320.0,,0
02RE004,OUASIEMSCA (RIVIERE),QC,49.00056076049805,-72.50472259521484,3420.0,,0
02RE006,JIM (LAC A),QC,48.98332977294922,-72.74221801757812,1190.0,,0
02RF001,ASHUAPMUSHUAN (RIVIERE) A LA TETE DE LA CHUTE AUX SAUMONS,QC,48.6863899230957,-72.4880599975586,15300.0,,1
02RF002,ASHUAPMUSHUAN (RIVIERE) EN AVAL DE LA RIVIERE DU CHEF,QC,49.2763900756836,-73.3566665649414,11100.0,,0
02RF006,CHAMOUCHOUANE (RIVIERE) EN AVAL DU PONT DE LA ROUTE NO 167,QC,49.25667190551758,-73.70832824707031,4330.0,,0
02RF009,SAUMONS (RIVIERE AUX) PRES DE L'EMBOUCHURE,QC,48.68360900878906,-72.5138931274414,585.0,,0
02RF010,ROUGE (RIVIERE) EN AMONT DU PONCEAU SUR LA ROUTE 373,QC,48.80390167236328,-72.49199676513672,27.0,,0
02RG002,SAINT-JEAN (LAC) PRES DE SAINT-HENRI-DETAILLON,QC,48.65555953979492,-71.8499984741211,73000.0,,0
02RG003,SAINT-JEAN (LAC) A SAINT-GEDEON,QC,48.53889083862305,-71.78056335449219,73000.0,,0
02RG005,METABETCHOUANE (RIVIERE) EN AMONT DE LA CENTRALE S.R.P.C.,QC,48.375,-71.99360656738281,2280.0,,1
02RG006,METABETCHOUANE (RIVIERE) A LA CENTRALE S.R.P.C.,QC,48.37556076049805,-71.97943878173828,2300.0,,0
02RG007,OUIATCHOUANE (RIVIERE) AU RESERVOIR DES COMMISSAIRES,QC,48.2016716003418,-72.24305725097656,562.0,,0
02RG008,OUIATCHOUANE (RIVIERE) EN AVAL DU BARRAGE DE LAC DES COMMISSAIRES,QC,48.20610809326172,-72.2388916015625,562.0,,0
02RG009,BOUCHETTE (LAC),QC,48.2622184753418,-72.19444274902344,624.0,,0
02RG010,SAINT-JEAN (LAC) A ROBERVAL,QC,48.5261116027832,-72.22138977050781,73000.0,,0
02RG011,COUCHEPAGANICHE (RIVIERE) PRES DE SON EMBOUCHURE,QC,48.41305923461914,-71.84528350830078,94.0,,0
02RG012,OUIATCHOUANICHE (RIVIERE),QC,48.53556060791016,-72.26943969726562,339.0,,0
02RG013,SAINT-JEAN (LAC) A LA POINTE SCOTT,QC,48.5261116027832,-72.22972106933594,73000.0,,0
02RG014,BEAU PORTAGE (LAC DU),QC,48.36806106567383,-71.5736083984375,0.25999999046325684,,0
02RG015,LOUIS (LAC),QC,48.36222076416016,-71.57721710205078,3.200000047683716,,0
02RG016,ROND (LAC),QC,48.36582946777344,-71.57721710205078,0.25999999046325684,,0
02RG018,BELLE RIVIERE (RIVIERE LE) PRES D'HEBERTVILLE,QC,48.43888854980469,-71.7369384765625,422.0,,0
02RG019,OUIQUI (LAC),QC,48.363059997558594,-71.5616683959961,0.25999999046325684,,0
02RG020,SAINT-JEAN (LAC) A ROBERVAL (PRES DU CENTRE AQUATIQUE),QC,48.52777862548828,-72.22306060791016,71584.0,,0
02RH001,SAGUENAY (RIVIERE) A LA CENTRALE D'ISLE MALIGNE,QC,48.57722091674805,-71.6352767944336,73000.0,,0
02RH002,CHICOUTIMI (RIVIERE) AU RESERVOIR KENOGAMI,QC,48.30971908569336,-71.21221923828125,3990.0,,0
02RH003,SHIPSHAW (RIVIERE) A LA CENTRALE DE MURDOCK-WILSON,QC,48.473609924316406,-71.23722076416016,2270.0,,0
02RH004,SHIPSHAW (RIVIERE) AU RESERVOIR ONATCHIWAY,QC,48.890281677246094,-71.03888702392578,1740.0,,0
02RH005,SHIPSHAW (RIVIERE) AU RESERVOIR PIPMUACAN,QC,49.33000183105469,-70.97833251953125,277.0,,0
02RH006,SHIPSHAW (RIVIERE) A LA CENTRALE DE LA MOTHE,QC,48.6986083984375,-71.21278381347656,2030.0,,0
02RH008,CHICOUTIMI (RIVIERE) A LA CENTRALE DE LA CIE PRICE,QC,48.4263916015625,-71.07694244384766,3500.0,,0
02RH011,SHIPSHAW (RIVIERE) A LA CENTRALE DE LA CHUTE AUX GALETS,QC,48.6513900756836,-71.20333099365234,2150.0,,0
02RH012,SHIPSHAW (RIVIERE) A LA CENTRALE DE BROCHET,QC,48.65777969360352,-71.17111206054688,2150.0,,0
02RH014,SABLES (RIVIERE AUX) AU RESERVOIR KENOGAMI,QC,48.36027908325195,-71.27693939208984,3390.0,,0
02RH015,CHICOUTIMI (RIVIERE) EN AVAL DU BARRAGE PORTAGE DES ROCHES,QC,48.30416870117188,-71.19444274902344,3390.0,,0
02RH017,SAGUENAY (RIVIERE) A LA CENTRALE DE LA CHUTE A CARON,QC,48.4505615234375,-71.2541732788086,73800.0,,0
02RH018,SAGUENAY (RIVIERE) EN AVAL DE LA CHUTE A CARON,QC,48.4505615234375,-71.2541732788086,73800.0,,0
02RH019,SAGUENAY (RIVIERE) A LA CENTRALE DE SHIPSHAW,QC,47.55221939086914,-71.21556091308594,73800.0,,0
02RH020,SAGUENAY (RIVIERE) EN AVAL DE LA CENTRALE DE SHIPSHAW,QC,47.55221939086914,-71.21556091308594,73800.0,,0
02RH023,CHICOUTIMI (RIVIERE) ET RIVIERE AUX SABLES AUX SORTIES DU RES KENOGAMI,QC,48.30971908569336,-71.21221923828125,3390.0,,0
02RH027,PIKAUBA (RIVIERE) EN AMONT DE LA RIVIERE APICA,QC,47.94110870361328,-71.38194274902344,495.0,,0
02RH028,CREEK OUTLET,QC,48.35472106933594,-71.25277709960938,3990.0,,0
02RH029,SABLES (RIVIERE AUX) AU BARRAGE PIBRAC,QC,48.37110900878906,-71.28388977050781,3390.0,,0
02RH034,ECORCES (RIVIERE AUX)-2,QC,48.182220458984375,-71.64527893066406,1110.0,,0
02RH035,ECORCES (RIVIERE AUX) EN AMONT DU PONT-ROUTE 169,QC,48.182220458984375,-71.64527893066406,1110.0,,0
02RH045,"VALIN (RIVIERE) A 3,5 KM DE L'EMBOUCHURE",QC,48.4888916015625,-70.97416687011719,746.0,,0
02RH046,SAINTE-MARGUERITE NORD-EST(RIVIERE) PRES DE LA RIV. STE.MARGUERITE-2,QC,48.271671295166016,-69.85778045654297,1090.0,,0
02RH047,SAINTE-MARGUERITE NORD-EST(RIVIERE) PRES DE LA RIV. STE.MARGUERITE-1,QC,48.26721954345703,-69.90778350830078,1100.0,,0
02RH048,HA HA (RIVIERE),QC,48.27471923828125,-70.86778259277344,572.0,,0
02RH049,PETIT SAGUENAY (RIVIERE),QC,48.18611145019531,-70.0505599975586,736.0,,0
02RH052,VASES (RIVIERE DES),QC,48.48110961914063,-71.19055938720703,81.5999984741211,,0
02RH053,PETIT BRAS (RIVIERE LE) PRES DE LA RIVIERE DE VASES-1,QC,48.48249816894531,-71.21527862548828,11.399999618530272,,0
02RH054,PETIT BRAS (RIVIERE LE) PRES DE LA RIVIERE DES VASES-2,QC,48.48194122314453,-71.21221923828125,12.0,,0
02RH056,MARS (RIVIERE A),QC,48.33082962036133,-70.90556335449219,642.0,,0
02RH057,BEDARD (RIVIERE),QC,48.52861022949219,-71.69306182861328,116.0,,0
02RH059,AULNAIES (RIVIERE DES) EN AMONT DE LA RIVIERE LABONTE,QC,48.59222030639648,-71.35556030273438,219.0,,0
02RH061,SABLES (RIVIERE AUX) EN AVAL DE PIBRAC,QC,48.37110900878906,-71.28472137451172,3390.0,,0
02RH062,PETITE-DECHARGE (LA) A LA SORTIE DU LAC JEAN,QC,48.56417083740234,-71.75360870361328,73000.0,,0
02RH063,DECHARGE DU PETIT LAC MONCOUCHE,QC,48.29528045654297,-71.2027816772461,0.479999989271164,,0
02RH065,BELLE RIVIERE (RIVIERE) EN AMONT DU RUISSEAU DES AULNAIES,QC,48.41416931152344,-71.7074966430664,322.0,,0
02RH066,CYRIAC (RIVIERE) A 9KM EN AMONT DE SON EMBOUCHURE,QC,48.23527908325195,-71.28971862792969,355.0,,0
02RH067,PETIT SAGUENAY (RIVIERE) A 1 KM DU RUISSEAU DECHARGE DU LAC DAVID,QC,48.09305953979492,-70.02916717529297,441.0,,0
02RH068,MARS (RIVIERE A) EN AMONT DU BARRAGE ROMEO-TREMBLAY,QC,48.32815170288086,-70.90721130371094,634.0,,0
02RH069,A MARS (RIVIERE) A LA FOSSE 80 DANS LA ZEC DE LA RIVIERE A MARS,QC,48.20500183105469,-70.9979019165039,450.0,,0
02RH070,DU MOULIN (RIVIERE) EN AMONT DU SEUIL A L'ENTRE DU PARC DU MOULIN,QC,48.39440155029297,-71.04239654541016,358.0,,0
02RH071,"PIKAUBA (RIVIERE) A 3,6 KM DE L'EMBOUCHURE",QC,48.30590057373047,-71.44059753417969,2640.0,,0
02RH072,SABLES (RIVIERE AUX) A SAGUENAY,QC,48.37189865112305,-71.2844009399414,3390.0,,0
02RH073,"SAINTE-MARGUERITE NORD-EST (RIVIERE) A 1,7 KM DE LA RIVIERE SAINTE-MARGUERITE",QC,48.26919937133789,-69.90859985351562,1100.0,,0
02SB001,BETSIAMITES (RIVIERE) EN AVAL DE LA CENTRALE NO. 2-A,QC,49.18305969238281,-69.2013931274414,16100.0,,0
02SB002,BETSIAMITES (RIVIERE) AU RESERVOIR PIPMUACAN,QC,49.35417175292969,-69.7874984741211,13400.0,,0
02SB003,BETSIAMITES (RIVIERE) A LA CENTRALE NO. 1,QC,49.35417175292969,-69.7874984741211,13400.0,,0
02SB004,BETSIAMITES (RIVIERE) A LA CENTRALE NO.2,QC,49.175559997558594,-69.22721862792969,16100.0,,0
02SB005,BETSIAMITES (RIVIERE),QC,49.18278121948242,-69.24639129638672,16100.0,,0
02SB006,BETSIAMITES (RIVIERE) EN AVAL DE LA CENTRALE NO. 2-B,QC,49.175559997558594,-69.22721862792969,16100.0,,0
02SC001,ESCOUMAINS (RIVIERE DES) A ESCOUMAINS,QC,48.3386116027832,-69.43805694580078,793.0,,0
02SC002,PORTNEUF (RIVIERE) EN AMONT DES CHUTES PHILIAS,QC,48.66167068481445,-69.16693878173828,2010.0,,0
02SC003,CASSETTE (RIVIERE A) PRES DE LA RIVIERE DES ESCOUMINS,QC,48.408329010009766,-69.52361297607422,40.70000076293945,,0
02SC004,ESCOUMINS (RIVIERE DES) A ESCOUMINS,QC,48.34944152832031,-69.45610809326172,787.0,,0
02SC005,"ESCOUMINS (RIVIERE DES) A 9,0 KM DE SON EMBOUCHURE",QC,48.37083053588867,-69.47222137451172,767.0,,0
02TB001,HART JAUNE (RIVIERE) AU RESERVOIR PETIT MANICOUAGAN,QC,51.83332824707031,-67.8083267211914,4580.0,,0
02TC001,MANICOUAGAN (RIVIERE) A LA CENTRALE MCCORMICK,QC,49.20138931274414,-68.3388900756836,45800.0,,0
02TC002,TOULNUSTOUC (RIVIERE) AU RESERVOIR STE-ANNE,QC,50.12778091430664,-67.9333267211914,7930.0,,0
02TC003,MANICOUAGAN (RIVIERE) A LA CENTRALE NO.2,QC,49.334999084472656,-68.34750366210938,45600.0,,0
02TC004,MANICOUAGAN (RIVIERE) A LA CENTRALE NO. 5,QC,50.644439697265625,-68.7249984741211,29300.0,,0
02TE001,OUTARDES (RIVIERE AUX) A LA CENTRALE DE CHUTE-AUX-OUTARDES,QC,49.15499877929688,-68.4044418334961,18900.0,,0
02TE002,OUTARDES (RIVIERE AUX) A LA CENTRALE NO. 4,QC,49.706939697265625,-68.90778350830078,17200.0,,0
02TE003,OUTARDES (RIVIERE AUX) A LA CENTRALE NO. 3,QC,49.55833053588867,-68.72083282470703,17900.0,,0
02UA001,TRINITE (RIVIERE DE LA) PRES DE SON EMBOUCHURE,QC,49.415000915527344,-67.3727798461914,505.0,,0
02UA003,"GODBOUT (RIVIERE) A 1,6 KM EN AMONT DU PONT-ROUTE 138",QC,49.33055877685547,-67.65583038330078,1570.0,,0
02UA006,ANGLAIS (RIVIERE DES) EN AVAL DU PONT-ROUTE 138,QC,49.272220611572266,-68.15693664550781,444.0,,0
02UB001,RAPIDES (RIVIERE DES),QC,50.2852783203125,-66.4527816772461,557.0,,0
02UB002,SAINTE-MARGUERITE (RIVIERE) A LA CENTRALE DE LA CIE GULF POWER,QC,50.21139144897461,-66.66056060791016,6140.0,,0
02UC002,"MOISIE (RIVIERE) A 5,1 KM EN AMONT DU PONT DU Q.N.S.L.R.",QC,50.35028076171875,-66.19027709960938,19000.0,,1
02UC003,PEKANS (RIVIERE AUX),QC,52.18888854980469,-66.89138793945312,3390.0,,0
02UC004,RATS MUSQUES (RIVIERE AUX) PRES DE LA RIVIERE MATAMEC-1,QC,50.29888916015625,-66.02388763427734,164.0,,0
02UC005,MATAMEC (RIVIERE),QC,50.34167098999024,-65.93860626220703,458.0,,0
02UC006,MATAMEC (RIVIERE) EN AVAL DE LA RIVIERE AUX RATS MUSQUES,QC,50.29333114624024,-65.96333312988281,679.0,,0
02UC007,RATS MUSQUES (RIVIERE AUX) PRES DE LA RIVIERE MATAMEC-2,QC,50.29888916015625,-66.02388763427734,164.0,,0
02VA001,TONNERRE (RIVIERE AU),QC,50.282501220703125,-64.78278350830078,684.0,,0
02VA002,TONNERRE (RIVIERE AU) PRES DE L'EMBOUCHURE,QC,50.2763900756836,-64.78221893310547,684.0,,0
02VA003,TONNERRE (RIVIERE AU) EN AMONT DU PONT-ROUTE 138,QC,50.30805969238281,-64.74722290039062,676.0,,0
02VB001,MAGPIE (RIVIERE) PRES DE L'EMBOUCHURE,QC,50.32416915893555,-64.45417022705078,7610.0,,0
02VB003,MAGPIE (RIVIERE),QC,50.37749862670898,-64.42582702636719,7590.0,,0
02VB004,MAGPIE (RIVIERE) A LA SORTIE DU LAC MAGPIE,QC,50.685829162597656,-64.5808334350586,7230.0,,0
02VC001,ROMAINE (RIVIERE) AU PONT DE LA Q.I.T.,QC,50.30778121948242,-63.622501373291016,13000.0,,0
02VC002,ROMAINE (RIVIERE) EN AVAL DE LA RIVIERE AUX SAUTERELLES,QC,51.76721954345703,-63.71833038330078,6550.0,,0
02VC003,ROMAINE (RIVIERE) BELOW LAC LAVOIE,NL,52.09611129760742,-63.70610809326172,,,0
02WA001,NABISIPI (RIVIERE) A 2.4 KM DE L'EMBOUCHURE,QC,50.25305938720703,-62.21221923828125,2060.0,,0
02WA002,AGUANUS (RIVIERE) EN AMONT DE LA RIVIERE DANY,QC,50.247501373291016,-62.11750030517578,5590.0,,0
02WA003,DANY (RIVIERE) PRES DE LA RIVIERE AGUANUS,QC,50.244171142578125,-62.13750076293945,151.0,,0
02WB001,NATASHQUAN (RIVIERE) PRES DE L'EMBOUCHURE,QC,50.19166946411133,-61.59305953979492,16000.0,,0
02WB002,NATASHQUAN (RIVIERE) EN AVAL DE LA RIVIERE NATASHQUAN EST,QC,51.14167022705078,-61.61111068725586,11600.0,,0
02WB003,"NATASHQUAN (RIVIERE) A 0,6 KM EN AVAL DE LA DECHARGE DU LAC ALIESTE",QC,50.42721939086914,-61.7136116027832,15600.0,,1
02WC001,ETAMAMIOU (RIVIERE) PRES DE L'EMBOUCHURE,QC,50.38360977172852,-59.99082946777344,2950.0,,0
02WC002,OLOMAN (RIVIERE) EN AVAL DE LA RIVIERE WABOUCHAGAMOU,QC,50.396671295166016,-60.44694137573242,5200.0,,0
02WD001,HUILE (RIVIERE A L') PRES DE L'EMBOUCHURE,QC,49.8013916015625,-63.57305908203125,179.0,,0
02WD002,VAUREAL (RIVIERE) PRES DE L'EMBOUCHURE,QC,49.55194091796875,-62.69388961791992,150.0,,0
02WD003,JUPITER (RIVIERE) AU CAMP SPORTIF JUPITER 24,QC,49.61888885498047,-63.43999862670898,604.0,,0
02XA003,LITTLE MECATINA RIVER ABOVE LAC FOURMONT,NL,52.22980880737305,-61.31694030761719,4540.0,,0
02XA004,RIVIERE JOIR NEAR PROVINCIAL BOUNDARY,NL,52.16389083862305,-60.05944061279297,2060.0,,0
02XA006,PETIT MECATINA (RIVIERE DU),QC,50.70193862915039,-59.59917068481445,19100.0,,0
02XA007,PETIT MECATINA (RIVIERE DU) EN AVAL DU LAC BRETON,QC,51.84360885620117,-60.12472152709961,12100.0,,0
02XA008,"PETIT MECATINA (RIVIERE DU) A 1,0 KM EN AMONT DE LA NETAGAMIOU",QC,50.68056106567383,-59.5888900756836,19191.0,,0
02XB001,SAINT-AUGUSTIN (RIVIERE) EN AVAL DE LA RIVIERE A LAMOUCHE,QC,51.61249923706055,-58.70249938964844,5750.0,,0
02XB002,COXIPI (RIVIERE) A LA SORTIE DU LAC COXIPI,QC,51.502220153808594,-58.39611053466797,1060.0,,0
02XC001,"SAINT-PAUL (RIVIERE) A 0,5 KM DU RUISSEAU CHANION",QC,51.772499084472656,-57.59999847412109,6630.0,,1
02XD001,BRADOR (RIVIERE) PRES DE L'EMBOUCHURE,QC,51.50917053222656,-57.2519416809082,206.0,,0
02XD002,NORTH BROOK NEAR RED BAY,NL,51.75749969482422,-56.45138931274414,35.5,,0
02YA001,STE. GENEVIEVE RIVER NEAR FORRESTERS POINT,NL,51.138328552246094,-56.79222106933594,306.0,,0
02YA002,BARTLETTS RIVER NEAR ST. ANTHONY,NL,51.44921875,-55.64125061035156,33.599998474121094,,0
02YC001,TORRENT RIVER AT BRISTOL'S POOL,NL,50.60747146606445,-57.151611328125,624.0,,1
02YD001,BEAVER BROOK NEAR RODDICKTON,NL,50.91416931152344,-56.15721893310547,237.0,,0
02YD002,NORTHEAST BROOK NEAR RODDICKTON,NL,50.92441940307617,-56.11169052124024,200.0,,0
02YE001,GREAVETT BROOK ABOVE PORTLAND CREEK POND,NL,50.16231155395508,-57.57752990722656,95.6999969482422,,0
02YF001,CAT ARM RIVER ABOVE GREAT CAT ARM,NL,50.075828552246094,-56.92277908325195,611.0,,0
02YF002,CAT ARM RESERVOIR NEAR SPILLWAY,NL,50.07561111450195,-56.91600036621094,,,0
02YG001,MAIN RIVER AT PARADISE POOL,NL,49.8106689453125,-57.15942001342773,627.0,,0
02YG002,MIDDLE ARM BROOK BELOW FLATWATER POND,NL,49.80611038208008,-56.34249877929688,224.0,,0
02YH001,BOTTOM CREEK NEAR ROCKY HARBOUR,NL,49.584999084472656,-57.90943908691406,33.400001525878906,,0
02YJ001,HARRYS RIVER BELOW HIGHWAY BRIDGE,NL,48.575828552246094,-58.362640380859375,640.0,,1
02YJ002,BLANCHE BROOK NEAR STEPHENVILLE,NL,48.54888916015625,-58.56972122192383,120.0,,0
02YJ003,PINCHGUT BROOK AT OUTLET OF PINCHGUT LAKE,NL,48.80582809448242,-58.01556015014648,119.0,,0
02YK001,HUMBER RIVER AT GRAND LAKE OUTLET,NL,49.16194152832031,-57.4244384765625,5020.0,,0
02YK002,LEWASEECHJEECH BROOK AT LITTLE GRAND LAKE,NL,48.62202835083008,-57.93310928344727,470.0,,0
02YK003,SHEFFIELD RIVER AT SHEFFIELD LAKE,NL,49.33610916137695,-56.63249969482422,362.0,,0
02YK004,HINDS BROOK NEAR GRAND LAKE,NL,49.0724983215332,-57.17943954467773,529.0,,0
02YK005,SHEFFIELD BROOK NEAR TRANS CANADA HIGHWAY,NL,49.33827972412109,-56.66788864135742,391.0,,0
02YK006,HINDS BROOK AT HINDS BROOK POWER HOUSE,NL,49.08332824707031,-57.203609466552734,651.0,,0
02YK007,GLIDE BROOK BELOW GLIDE LAKE,NL,49.1138916015625,-57.369171142578125,112.0,,0
02YK008,BOOT BROOK AT TRANS-CANADA HIGHWAY,NL,49.26667022705078,-57.104000091552734,20.399999618530277,,0
02YK009,GRAND LAKE AT MAIN DAM,NL,49.196388244628906,-57.25971984863281,,,0
02YK010,GRAND LAKE EAST OF GRAND LAKE BROOK,NL,48.66856002807617,-58.08403015136719,,,0
02YL001,UPPER HUMBER RIVER NEAR REIDVILLE,NL,49.242919921875,-57.36024856567383,2110.0,,1
02YL002,CORNER BROOK AT WATSONS BROOK POWERHOUSE,NL,48.92388916015625,-57.90306091308594,127.0,,0
02YL003,HUMBER RIVER AT HUMBER VILLAGE BRIDGE,NL,48.98286056518555,-57.76057815551758,7860.0,,0
02YL004,SOUTH BROOK AT PASADENA,NL,49.01227951049805,-57.611419677734375,58.5,,0
02YL005,RATTLER BROOK NEAR MCIVERS,NL,49.05831146240234,-58.10519027709961,17.0,,0
02YL006,DEER LAKE NEAR PASADENA,NL,49.008888244628906,-57.644718170166016,,,0
02YL007,DEER LAKE NEAR GENERATING STATION,NL,49.17013931274414,-57.43825149536133,,,0
02YL008,UPPER HUMBER RIVER ABOVE BLACK BROOK,NL,49.61825180053711,-57.29449844360352,471.0,,0
02YL009,CORNER BROOK LAKE AT LAKE OUTLET,NL,48.84886169433594,-57.85203170776367,,,0
02YL010,WEST POND BROOK NEAR CORNER BROOK LAKE,NL,48.80860900878906,-57.839168548583984,13.100000381469728,,0
02YL011,COPPER POND BROOK NEAR CORNER BROOK LAKE,NL,48.806640625,-57.78382873535156,12.899999618530272,,0
02YL012,STEADY BROOK ABOVE CONFLUENCE TO HUMBER RIVER,NL,48.95318984985352,-57.82775115966797,77.19999694824219,,0
02YM001,INDIAN BROOK AT INDIAN FALLS,NL,49.511940002441406,-56.11249923706055,974.0,,0
02YM002,INDIAN BROOK DIVERSION TO BIRCHY LAKE,NL,49.37166976928711,-56.62055969238281,,,0
02YM003,SOUTH WEST BROOK NEAR BAIE VERTE,NL,49.893531799316406,-56.22214126586914,93.1999969482422,,1
02YM004,INDIAN BROOK DIVERSION ABOVE BIRCHY LAKE,NL,49.36724853515625,-56.61518859863281,238.0,,0
02YN001,VICTORIA RIVER BELOW HIGHWAY BRIDGES,NL,48.41556167602539,-57.067501068115234,1210.0,,0
02YN002,LLOYDS RIVER BELOW KING GEORGE IV LAKE,NL,48.23981094360352,-57.82814025878906,469.0,,0
02YN003,STAR BROOK BELOW STAR LAKE,NL,48.57944107055664,-57.22806167602539,427.0,,0
02YN004,STAR BROOK ABOVE STAR LAKE,NL,48.62731170654297,-57.31135940551758,276.0,,0
02YN005,VICTORIA LAKE AT NORTHEAST CONTROL STRUCTURE,NL,48.357330322265625,-57.115081787109375,,,0
02YO001,EXPLOITS RIVER AT GRAND FALLS,NL,48.93056106567383,-55.66860961914063,8390.0,,0
02YO002,RATTLING BROOK NEAR NORRIS ARM,NL,49.06666946411133,-55.29999923706055,385.0,,0
02YO003,RATTLING BROOK AT RATTLING BROOK POWERHOUSE,NL,49.05332946777344,-55.28667068481445,378.0,,0
02YO004,SANDY BROOK AT SANDY BROOK POWERHOUSE,NL,48.888328552246094,-55.820560455322266,508.0,,0
02YO005,EXPLOITS RIVER BELOW STONY BROOK,NL,48.92417144775391,-55.65805816650391,8640.0,,0
02YO006,PETERS RIVER NEAR BOTWOOD,NL,49.10382843017578,-55.39669036865234,177.0,,0
02YO007,LEECH BROOK NEAR GRAND FALLS,NL,48.94499969482422,-55.82833099365234,88.30000305175781,,0
02YO008,GREAT RATTLING BROOK ABOVE TOTE RIVER CONFLUENCE,NL,48.8266716003418,-55.528690338134766,773.0,,0
02YO009,UNKNOWN RIVER AT LEWISPORTE,NL,49.23389053344727,-55.06610870361328,15.5,,0
02YO010,JUNCTION BROOK NEAR BADGER,NL,48.97610855102539,-56.01778030395508,61.59999847412109,,0
02YO011,EXPLOITS RIVER BELOW NOEL PAULS BROOK,NL,48.84439086914063,-56.26966857910156,6300.0,,0
02YO012,SOUTHWEST BROOK AT LEWISPORTE,NL,49.21607971191406,-55.05199813842773,58.70000076293945,,0
02YO013,EXPLOITS RIVER AT BADGER,NL,48.97494125366211,-56.03435897827149,6620.0,,0
02YO014,TRIBUTARY TO GILL'S POND BROOK,NL,48.64057922363281,-56.527828216552734,8.149999618530273,,0
02YO015,EAST POND BROOK BELOW EAST POND,NL,48.68210983276367,-56.51013946533203,52.88999938964844,,0
02YO016,EXPLOITS RIVER NEAR MILLERTOWN,NL,48.76007843017578,-56.58242034912109,4810.0,,0
02YO017,BEOTHUK LAKE AT INDIAN POINT,NL,48.79507827758789,-56.57646942138672,,,0
02YO018,EXPLOITS RIVER AT CHARLIE EDWARDS POINT,NL,48.94321823120117,-55.7923583984375,7810.0,,0
02YO019,BADGER BROOK BELOW FOOT BRIDGE,NL,48.980918884277344,-56.031829833984375,756.0,,0
02YP001,SHOAL ARM BROOK NEAR BADGER BAY,NL,49.37166976928711,-55.81222152709961,63.79999923706055,,0
02YQ001,GANDER RIVER AT BIG CHUTE,NL,49.01628112792969,-54.85066986083984,4450.0,,1
02YQ002,GANDER RIVER AT OUTLET OF GANDER LAKE,NL,48.93333053588867,-54.86666870117188,4160.0,,0
02YQ003,GANDER RIVER BELOW WEIRS BROOK,NL,49.16667175292969,-54.533329010009766,5010.0,,0
02YQ004,NORTHWEST GANDER RIVER NEAR GANDER LAKE,NL,48.76860809326172,-55.08110809326172,2200.0,,0
02YQ005,SALMON RIVER NEAR GLENWOOD,NL,49.01128005981445,-54.91688919067383,80.80000305175781,,0
02YQ006,SOUTHWEST GANDER RIVER BELOW LARSON FALLS,NL,48.65721893310547,-55.08110809326172,531.0,,0
02YR001,MIDDLE BROOK NEAR GAMBO,NL,48.80738830566406,-54.22256088256836,275.0,,1
02YR002,RAGGED HARBOUR RIVER NEAR MUSGRAVE HARBOUR,NL,49.39305877685547,-54.10694122314453,399.0,,0
02YR003,INDIAN BAY BROOK NEAR NORTHWEST ARM,NL,49.04217147827149,-53.88566970825195,554.0,,0
02YR004,TRITON BROOK ABOVE GAMBO POND,NL,48.60391998291016,-54.5860595703125,227.0,,0
02YS001,TERRA NOVA RIVER AT EIGHT MILE BRIDGES,NL,48.44166946411133,-54.372501373291016,1290.0,,0
02YS002,ROCKY POND BROOK AT ROCKY POND,NL,48.52693939208984,-53.95888900756836,2.309999942779541,,0
02YS003,SOUTHWEST BROOK AT TERRA NOVA NATIONAL PARK,NL,48.60771942138672,-53.97888946533203,36.70000076293945,,1
02YS004,PITTS BROOK NEAR PORT BLANDFORD,NL,48.31528091430664,-54.17916870117188,10.800000190734863,,0
02YS005,TERRA NOVA RIVER AT GLOVERTOWN,NL,48.66275024414063,-54.01525115966797,2000.0,,0
02YS006,NORTHWEST RIVER AT TERRA NOVA NATIONAL PARK,NL,48.39699935913086,-54.20042037963867,663.0,,0
02ZA001,LITTLE BARACHOIS BROOK NEAR ST. GEORGE'S,NL,48.445560455322266,-58.39860916137695,343.0,,0
02ZA002,HIGHLANDS RIVER AT TRANS-CANADA HIGHWAY,NL,48.10839080810547,-58.7835807800293,72.0,,0
02ZA003,LITTLE CODROY RIVER NEAR DOYLES,NL,47.82194137573242,-59.19443893432617,139.0,,0
02ZB001,ISLE AUX MORTS RIVER BELOW HIGHWAY BRIDGE,NL,47.61333084106445,-59.00978088378906,205.0,,1
02ZC001,WHITE BEAR RIVER AT WHITE BEAR LAKE,NL,48.08055877685547,-57.36832809448242,798.0,,0
02ZC002,GRANDY BROOK BELOW TOP POND BROOK,NL,47.8560791015625,-57.73318862915039,230.0,,0
02ZC003,WHITE BEAR RIVER ABOVE BIG INDIAN BROOK,NL,47.800968170166016,-57.2760009765625,716.0,,0
02ZC004,GRANITE LAKE AT EAST END,NL,48.18122100830078,-56.93161010742188,,,0
02ZD001,GREY RIVER NEAR PUDOPS LAKE,NL,48.163330078125,-56.810001373291016,982.0,,0
02ZD002,GREY RIVER NEAR GREY RIVER,NL,47.743309020996094,-56.93399810791016,1340.0,,0
02ZD003,R.R. POND NEAR GRANITE LAKE,NL,48.19657897949219,-56.7935791015625,,,0
02ZE001,SALMON RIVER AT LONG POND,NL,47.94443893432617,-55.91389083862305,2640.0,,0
02ZE002,SALMON RIVER AT ROUND POND,NL,48.12055969238281,-56.01250076293945,5080.0,,0
02ZE003,SALMON RIVER AT BAY D'ESPOIR POWERHOUSE,NL,47.98332977294922,-55.853328704833984,5910.0,,0
02ZE004,CONNE RIVER AT OUTLET OF CONNE RIVER POND,NL,48.16875076293945,-55.48281097412109,99.5,,0
02ZE005,SOUTHWEST BROOK BELOW SOUTHWEST POND,NL,47.848968505859375,-55.767860412597656,10.350000381469728,,0
02ZF001,BAY DU NORD RIVER AT BIG FALLS,NL,47.746829986572266,-55.44021987915039,1170.0,,1
02ZG001,GARNISH RIVER NEAR GARNISH,NL,47.2164192199707,-55.33000183105469,205.0,,1
02ZG002,TIDES BROOK BELOW FRESHWATER POND,NL,47.127220153808594,-55.26499938964844,166.0,,0
02ZG003,SALMONIER RIVER NEAR LAMALINE,NL,46.877811431884766,-55.77619171142578,115.0,,0
02ZG004,RATTLE BROOK NEAR BOAT HARBOUR,NL,47.45003128051758,-54.85303115844727,42.70000076293945,,0
02ZG005,LITTLE BARASWAY BROOK NEAR MOLLIERS,NL,47.09999847412109,-55.62083053588867,28.200000762939453,,0
02ZG007,OUTFLOW OF UNNAMED POND SOUTH OF LONG POND,NL,46.90388870239258,-55.44361114501953,0.8700000047683716,,0
02ZH001,PIPERS HOLE RIVER AT MOTHERS BROOK,NL,47.94667053222656,-54.28432846069336,764.0,,1
02ZH002,COME BY CHANCE RIVER NEAR GOOBIES,NL,47.91875076293945,-53.94866943359375,43.29999923706055,,1
02ZJ001,SOUTHERN BAY RIVER NEAR SOUTHERN BAY,NL,48.38066864013672,-53.6739387512207,67.4000015258789,,1
02ZJ002,SALMON COVE RIVER NEAR CHAMPNEYS,NL,48.39591979980469,-53.30160903930664,73.5999984741211,,0
02ZJ003,SHOAL HARBOUR RIVER NEAR CLARENVILLE,NL,48.22016906738281,-54.04964065551758,106.0,,0
02ZK001,ROCKY RIVER NEAR COLINET,NL,47.22711181640625,-53.56861114501953,301.0,,1
02ZK002,NORTHEAST RIVER NEAR PLACENTIA,NL,47.27397155761719,-53.83871841430664,89.5999984741211,,0
02ZK003,LITTLE BARACHOIS RIVER NEAR PLACENTIA,NL,47.18130874633789,-54.03892135620117,37.20000076293945,,0
02ZK004,LITTLE SALMONIER RIVER NEAR NORTH HARBOUR,NL,47.121829986572266,-53.731781005859375,104.0,,0
02ZK005,TROUT BROOK NEAR BELLEVUE,NL,47.60583114624024,-53.76472091674805,50.29999923706055,,0
02ZK006,RATTLING BROOK BELOW BRIDGE,NL,47.414188385009766,-53.80733108520508,32.709999084472656,,0
02ZK007,RATTLING BROOK BIG POND,NL,47.40193939208984,-53.79333114624024,,,0
02ZK008,RATTLING BROOK BELOW PLANT DISCHARGE,NL,47.41860961914063,-53.81010818481445,36.09999847412109,,0
02ZL003,SPOUT COVE BROOK NEAR SPOUT COVE,NL,47.81193923950195,-53.15417098999024,10.800000190734863,,0
02ZL004,SHEARSTOWN BROOK AT SHEARSTOWN,NL,47.58306121826172,-53.30807876586914,28.899999618530277,,0
02ZL005,BIG BROOK AT LEAD COVE,NL,48.042781829833984,-53.08211135864258,11.199999809265137,,0
02ZM001,PETTY HARBOUR RIVER AT SECOND POND,NL,47.45750045776367,-52.72972106933594,134.0,,0
02ZM002,PIERRES BROOK AT GULL POND,NL,47.29721832275391,-52.84999847412109,117.0,,0
02ZM003,MOBILE RIVER AT MOBILE FIRST POND,NL,47.24943923950195,-52.88888931274414,112.0,,0
02ZM004,HORSE CHOPS RIVER NEAR CAPE BROYLE,NL,47.09999847412109,-52.93333053588867,88.0999984741211,,0
02ZM006,NORTHEAST POND RIVER AT NORTHEAST POND,NL,47.63463973999024,-52.8365592956543,3.630000114440918,,1
02ZM007,BROAD COVE BROOK NEAR ST. PHILLIPS,NL,47.571388244628906,-52.87028121948242,,,0
02ZM008,WATERFORD RIVER AT KILBRIDE,NL,47.52906036376953,-52.745059967041016,52.70000076293945,,0
02ZM009,SEAL COVE BROOK NEAR CAPPAHAYDEN,NL,46.84627914428711,-52.97257995605469,53.59999847412109,,0
02ZM010,WATERFORD RIVER AT MOUNT PEARL,NL,47.522499084472656,-52.80889129638672,16.600000381469727,,0
02ZM011,WATERFORD RIVER NEAR DONOVANS INDUSTRIAL PARK,NL,47.52806091308594,-52.82833099365234,11.399999618530272,,0
02ZM016,SOUTH RIVER NEAR HOLYROOD,NL,47.35467147827149,-53.11722183227539,17.299999237060547,,0
02ZM017,LEARY BROOK AT ST. JOHN'S,NL,47.56193923950195,-52.7630615234375,15.300000190734863,,0
02ZM018,VIRGINIA RIVER AT PLEASANTVILLE,NL,47.58893966674805,-52.69078063964844,10.699999809265137,,0
02ZM019,VIRGINIA RIVER AT CARTWRIGHT PLACE,NL,47.60166931152344,-52.7016716003418,5.550000190734863,,0
02ZM020,LEARYS BROOK AT PRINCE PHILIP DRIVE,NL,47.56425094604492,-52.74847030639648,17.799999237060547,,0
02ZM021,SOUTH BROOK AT PEARL TOWN ROAD,NL,47.50667190551758,-52.77333068847656,9.210000038146973,,0
02ZM022,RAYMOND BROOK AT OUTLET OF BAY BULLS BIG POND,NL,47.420169830322266,-52.80064010620117,36.29999923706055,,0
02ZM023,OUTER COVE BROOK AT CLOVELLY GOLF COURSE,NL,47.62680816650391,-52.708831787109375,,,0
02ZM024,OUTER COVE BROOK BELOW AIRPORT,NL,47.61685943603516,-52.73046875,,,0
02ZN001,NORTHWEST BROOK AT NORTHWEST POND,NL,46.85221862792969,-53.30305862426758,53.29999923706055,,0
02ZN002,ST. SHOTTS RIVER NEAR TREPASSEY,NL,46.70988845825195,-53.48558044433594,15.5,,0
03AA002,CHIBOUGAMAU (RIVIERE),QC,49.75860977172852,-74.42610931396484,1170.0,,0
03AA003,DORE (LAC) A L'ILE MERRILL-1,QC,49.85805892944336,-74.35472106933594,,,0
03AA004,DORE (LAC) A L'ILE MERRILL,QC,49.85860824584961,-74.35472106933594,,,0
03AA005,DORE (LAC) DANS LA BAIE BATEMAN,QC,49.9013900756836,-74.24443817138672,,,0
03AA006,CHIBOUGAMAU (LAC) DANS LA BAIE DU COMMENCEMENT,QC,49.89944076538086,-74.24278259277344,,,0
03AA007,CHIBOUGAMAU (LAC) DANS LA BAIE QUEYLUS,QC,49.7480583190918,-74.39861297607422,1020.0,,0
03AA008,CHIBOUGAMAU (RIVIERE) AU LAC DAVID,QC,49.80194091796875,-74.50833129882812,1240.0,,0
03AB001,WASWANIPI (RIVIERE) AU LAC WASWANIPI,QC,49.6513900756836,-76.49443817138672,22500.0,,0
03AB002,WASWANIPI (RIVIERE) A LA CHUTE ROUGE,QC,49.85749816894531,-77.18721771240234,31900.0,,0
03AB003,WASWANIPI (RIVIERE) EN AVAL DE LA RIVIERE OPAWICA,QC,49.69667053222656,-75.98500061035156,18700.0,,0
03AC001,BELL (RIVIERE) A SENNETERRE-2,QC,48.35139083862305,-77.27333068847656,2010.0,,0
03AC002,MEGISCANE (RIVIERE) PRES DE MEGISCANE,QC,48.33694076538086,-77.08000183105469,8310.0,,0
03AC004,BELL (RIVIERE) EN AMONT DU LAC MATAGAMI,QC,49.75305938720703,-77.61444091796875,22200.0,,0
03AC005,BELL (RIVIERE) A SENNETERRE-1,QC,48.31888961791992,-77.30388641357422,1990.0,,0
03AC006,BELL (RIVIERE) A SENNETERRE-3,QC,48.38777923583984,-77.23082733154297,2110.0,,0
03AC007,MEGISCANE (RIVIERE) EN AMONT DU LAC PARENT,QC,48.37110900878906,-77.11860656738281,8310.0,,0
03AC008,BELL (RIVIERE) A SENNETERRE-4,QC,48.38750076293945,-77.23832702636719,2110.0,,0
03AC009,BELL (RIVIERE) A RAPIDES-DE-CEDRES,QC,49.01082992553711,-77.0633316040039,14800.0,,0
03AC010,VILLEBON (LAC),QC,48.03110885620117,-77.34139251708984,,,0
03AD001,NOTTAWAY (RIVIERE) A LA TETE DU LAC SOSCUMICA,QC,50.13444137573242,-77.42111206054688,57500.0,,0
03AD002,ALLARD (RIVIERE),QC,49.78361129760742,-77.82749938964844,,,0
03BA001,MISTASSINI (LAC),QC,50.411109924316406,-73.875,18100.0,,0
03BA003,TEMISCAMIE (RIVIERE) PRES DE LAC ALBANEL,QC,51.08332824707031,-72.87777709960938,7280.0,,0
03BB001,RUPERT (RIVIERE DE) A LA SORTIE DU LAC MISTASSINI,QC,51.04193878173828,-73.8102798461914,18100.0,,0
03BB002,RUPERT (RIVIERE DE) ET LE CHENAL CHIPASTOUC,QC,51.04193878173828,-73.8102798461914,18100.0,,0
03BB003,MARTE (RIVIERE A LA) PRES DE LA RIVIERE DE RUPERT,QC,51.317501068115234,-76.33917236328125,4490.0,,0
03BC001,NEMISCAU (LAC),QC,51.3144416809082,-76.90943908691406,40900.0,,0
03BC002,RUPERT (RIVIERE DE) EN AVAL DU LAC NEMISCAU,QC,51.4486083984375,-76.86638641357422,40900.0,,0
03BD001,BROADBACK (RIVIERE) EN AMONT DU LAC EVANG,QC,50.7872200012207,-76.72028350830078,10900.0,,0
03BD002,BROADBACK (RIVIERE) A LA SORTIE DU LAC QUENONISCA,QC,50.74583053588867,-76.38777923583984,9820.0,,0
03BE001,BROADBACK (RIVIERE) EN AVAL DE LA RIVIERE OUASOUAGAMI,QC,51.185001373291016,-77.43305969238281,17100.0,,0
03BF001,"PONTAX (RIVIERE) A 60,4 KM DE L'EMBOUCHURE",QC,51.53361129760742,-78.09667205810547,6090.0,,1
03CA001,EASTMAIN (RIVIERE) EN AMONT DE LA RIVIERE CAUOUATSTACAU,QC,52.0263900756836,-73.36055755615234,11600.0,,0
03CB001,EASTMAIN (RIVIERE) EN AVAL DE LA RIVIERE A L'EAU CLAIRE,QC,52.19721984863281,-75.991943359375,27700.0,,0
03CB002,EAU CLAIRE (RIVIERE A L') PRES DE LA RIVIERE EASTMAIN,QC,52.21221923828125,-75.8869400024414,1870.0,,0
03CB003,EAU CLAIRE (RIVIERE A L'),QC,52.21556091308594,-75.87750244140625,1870.0,,0
03CB004,EASTMAIN (RIVIERE) A LA TETE DE LA GORGE PROSPER,QC,52.17110824584961,-74.59221649169922,21400.0,,0
03CC001,EASTMAIN (RIVIERE) A LA TETE DE LA GORGE DE BASILE,QC,52.24555969238281,-78.07250213623047,44300.0,,0
03CC002,RAPIN (RUISSEAU),QC,52.34167098999024,-77.0919418334961,85.5,,0
03CD001,GIARD (RIVIERE),QC,52.77056121826172,-76.1602783203125,1970.0,,0
03CD002,OPINACA (RIVIERE) EN AMONT DE LA RIVIERE GIARD-2,QC,52.72222137451172,-75.99443817138672,3700.0,,0
03CE001,GIPOULOUX (RIVIERE),QC,52.6522216796875,-76.18611145019531,3390.0,,0
03CE002,OPINACA (RESERVOIR) A LA DIGUE OA-10,QC,52.37638854980469,-76.77361297607422,10400.0,,0
03DA001,NICHICUN (LAC),QC,53.20111083984375,-70.9000015258789,5720.0,,0
03DA002,GRANDE RIVIERE (LA) EN AVAL DU LAC PUISSEAUX,QC,53.59944152832031,-71.19332885742188,12800.0,,0
03DB001,POUTRE (RUISSEAU),QC,53.734169006347656,-76.94805908203125,154.0,,0
03DB002,KANAAUPSCOW (RIVIERE) EN AMONT DU RUISSEAU POUTRE,QC,53.75333023071289,-76.98832702636719,18600.0,,0
03DB003,KANAAUPSCOW (RIVIERE) EN AMONT DU RUISSEAU POUTRE-2,QC,53.75638961791992,-76.97750091552734,18600.0,,0
03DB004,KANAAUPSCOW (RIVIERE) EN AMONT DE LA RIVIERE GRIAULT,QC,54.244998931884766,-76.16806030273438,9320.0,,0
03DC001,GRANDE RIVIERE (LA) EN AVAL DE LA RIVIERE SAKAMI,QC,53.68193817138672,-76.79000091552734,74100.0,,0
03DC002,GRANDE RIVIERE (LA) EN AMONT DE LA RIVIERE DE PONTOIS,QC,53.62778091430664,-74.52749633789062,37000.0,,0
03DC003,LAFORGE (RIVIERE) PRES DE LA GRAND RIVIERE,QC,53.93611145019531,-73.46888732910156,10200.0,,0
03DC004,VINCELOTTE (LAC) A SON EXUTOIRE SUD,QC,54.24028015136719,-72.46666717529297,6890.0,,0
03DC005,FONTANGES (BASSIN) A LA DIGUE KD-15,QC,54.58332824707031,-71.2750015258789,38600.0,,0
03DD001,MASTA (CHENAL) EN AVAL DE LA RIVIERE DE PONTOIS,QC,53.25249862670898,-74.6291732788086,13800.0,,0
03DD002,DE PONTOIS (RIVIERE) EN AMONT DE LA RIVIERE SAKAMI,QC,53.16749954223633,-74.47306060791016,13200.0,,0
03DD003,DE PONTOIS (RIVIERE) PRES DE LA GRANDE RIVIERE,QC,53.62055969238281,-74.70527648925781,19100.0,,0
03DD004,MASTA (CHENAL) EN AVAL DE LA RIVIERE DE PONTOIS-1,QC,53.24721908569336,-74.63056182861328,13800.0,,0
03DD005,DE PONTOIS (RIVIERE) EN AVAL DE LA RIVIERE SAKAMI,QC,53.28443908691406,-74.7477798461914,13800.0,,0
03DE001,SAKAMI (RIVIERE) PRES DE LA GRANDE RIVIERE,QC,53.654441833496094,-76.64360809326172,10900.0,,0
03DE002,SAKAMI (RIVIERE) EN AMONT DU LAC SAKAMI,QC,53.43611145019531,-76.1916732788086,1860.0,,0
03DE003,SAKAMI (RIVIERE) EN AVAL DE LA RIVIERE DE PONTOIS-1,QC,53.258060455322266,-74.7941665649414,13800.0,,0
03DE004,SAKAMI (RIVIERE) EN AVAL DE LA RIVIERE DE PONTOIS-2,QC,53.258060455322266,-74.7941665649414,13800.0,,0
03DE005,SAKAMI (RIVIERE) A LA SORTIE DU LAC SAKAMI,QC,53.46805953979492,-76.67971801757812,9890.0,,0
03DE006,SAKAMI (LAC),QC,53.4113883972168,-76.72750091552734,,,0
03DE007,FREGATE (LAC DE LA),QC,53.16249847412109,-74.82083129882812,13800.0,,0
03DF001,GRANDE RIVIERE (LA) EN AVAL DE LA RIVIERE ACAZI,QC,53.72999954223633,-78.57333374023438,96600.0,,0
03DF002,GRANDE RIVIERE (LA) AU CENTRALE LG-2,QC,53.79360961914063,-77.52388763427734,95300.0,,0
03EA001,BALEINE (GRANDE RIVIERE DE LA) A LA SORTIE DU LAC BIENVILLE,QC,54.84917068481445,-73.98361206054688,21000.0,,0
03EA002,BIENVILLE (LAC),QC,55.033329010009766,-73.36666870117188,21000.0,,0
03EA004,BALEINE (GRANDE RIVIERE DE LA) A LA SORTIE DU LAC MAGNE,QC,55.2599983215332,-71.20388793945312,7720.0,,0
03EC001,DENYS (RIVIERE) PRES DE LA GRANDE RIVIERE DE LA BALEINE,QC,55.008331298828125,-77.06388854980469,4660.0,,0
03ED001,BALEINE (GRANDE RIVIERE DE LA) EN AMONT DE LA RIVIERE DENYS-1,QC,55.23749923706055,-76.98388671875,32500.0,,0
03ED002,BALEINE (GRANDE RIVIERE DE LA) PRES DE L'EMBOUCHURE,QC,55.286109924316406,-77.58721923828125,43200.0,,0
03ED003,BALEINE (GRANDE RIVIERE DE LA) EN AMONT DE LA RIVIERE DENYS,QC,55.2238883972168,-77.07917022705078,36500.0,,0
03ED004,COATS (RIVIERE) PRES DE LA GRANDE RIVIERE DE LA BALEINE,QC,55.39500045776367,-77.03582763671875,7280.0,,0
03EE001,ROGGAN (RIVIERE) PRES DE L'EMBOUCHURE,QC,54.42306137084961,-79.34610748291016,9560.0,,0
03EE003,ANISTUWACH (RIVIERE) A LA SORTIE DU LAC PISTINIKW,QC,54.415000915527344,-78.80332946777344,4370.0,,0
03FA002,NASTAPOCA (RIVIERE) PRES DE L'EMBOUCHURE,QC,56.86111068725586,-76.20832824707031,12500.0,,0
03FA003,LOUPS MARINS (LAC DES) DANS LE BASSIN VERSANT DE LA RIVIERE NASTAPOCA,QC,56.45444107055664,-74.23139190673828,8390.0,,1
03FA004,NASTAPOCA (RIVIERE) A LA SORTIE DES LACS SAINDON,QC,55.77555847167969,-73.42082977294922,10400.0,,0
03FB001,EAU CLAIRE (RIVIERE A L') A LA SORTIE DU LAC L'EAU CLAIRE,QC,56.16944122314453,-74.3883285522461,3830.0,,0
03FB002,NORD (RIVIERE DU) PRES DE L'EMBOUCHURE,QC,56.53443908691406,-76.21417236328125,1410.0,,0
03FB004,EAU CLAIRE (RIVIERE A L') EN AMONT DU LAC GUILLAUME-DELISLE,QC,56.18777847290039,-75.540283203125,4560.0,,0
03FC001,BOUTIN (RIVIERE) EN AVAL DU CHENAL QUENET,QC,55.75917053222656,-75.83193969726562,1390.0,,0
03FC002,ANCEL (CHENAL) EN AMONT DE LA PETITE RIVIERE DE LA BALEINE,QC,55.69083023071289,-74.1119384765625,141.0,,0
03FC003,BALEINE (PETITE RIVIERE DE LA),QC,55.734169006347656,-74.69444274902344,11700.0,,0
03FC005,BOUTIN (RIVIERE) EN AMONT DU CHENAL QUENET,QC,55.69472122192383,-75.50472259521484,1220.0,,0
03FC006,BOUTIN (RIVIERE) A LA SORTIE DES LACS MOLLET-1,QC,55.57500076293945,-74.5250015258789,10400.0,,0
03FC007,BOUTIN (RIVIERE) A LA SORTIE DES LAC MOLLET-2,QC,55.57971954345703,-74.522216796875,10400.0,,0
03FC008,BALEINE (PETITE RIVIERE DE LA) EN AMONT DU CHENAL ANCEL,QC,55.68416976928711,-74.33999633789062,10400.0,,0
03GB001,INNUKSUAC (RIVIERE) PRES DE L'EMBOUCHURE,QC,58.508331298828125,-77.96611022949219,11200.0,,0
03GC001,KOGALUC (RIVIERE) PRES DE L'EMBOUCHURE,QC,59.56666946411133,-77.24472045898438,11300.0,,0
03GD001,DECOUMTE (RIVIERE) EN AMONT DU LAC DE POVUNGNITUK,QC,59.87443923950195,-76.59944152832031,13300.0,,0
03GD002,POVUNGNITUK (LAC DE),QC,60.0888900756836,-76.93888854980469,28000.0,,0
03GD003,QUALLUVIARTUNG (LAC),QC,59.57500076293945,-74.6111068725586,25.899999618530277,,0
03HA001,ARNAUD (PAYNE)(RIVIERE) EN AMONT DE LA RIVIERE HAMELIN-1,QC,59.9888916015625,-71.90833282470703,26900.0,,0
03HA002,ARNAUD (PAYNE)(RIVIERE) EN AVAL DE LA RIVIERE VACHON-1,QC,60.06666946411133,-71.06111145019531,42000.0,,0
03HA003,ARNAUD (PAYNE)(RIVIERE) EN AVAL DE LA RIVIERE VACHON-2,QC,60.06666946411133,-71.13056182861328,42000.0,,0
03HA004,ARNAUD (PAYNE)(RIVIERE) EN AMONT DE LA RIVIERE HAMELIN-2,QC,60.019439697265625,-71.7750015258789,26900.0,,0
03HA007,BLUET (RIVIERE) PRES DE LA RIVIERE ARNAUD (PAYNE),QC,60.11528015136719,-70.91667175292969,3780.0,,0
03HA009,HAMELIN (RIVIERE) PRES DE LA RIVIERE ARNAUD (PAYNE)-1,QC,60.0,-71.75,4120.0,,0
03HA010,HAMELIN (RIVIERE),QC,60.01388931274414,-71.74443817138672,4140.0,,0
03HA011,HAMELIN (RIVIERE) PRES DE LA RIVIERE ARNAUD (PAYNE)-2,QC,59.81943893432617,-71.7388916015625,3760.0,,0
03HA012,HAMELIN (RIVIERE) EN AVAL DU LAC PELLETIER,QC,59.80944061279297,-71.7366714477539,3760.0,,0
03HA015,VACHON (RIVIERE),QC,60.09167098999024,-71.1916732788086,10400.0,,0
03HA016,PAYNE (LAC),QC,59.30472183227539,-73.4111099243164,8260.0,,0
03HB001,KLOTZ (LAC),QC,60.43444061279297,-73.26667022705078,4450.0,,0
03HB002,BECARD (LAC),QC,60.06555938720703,-73.6722183227539,3860.0,,0
03HB003,LEPELLE (RIVIERE),QC,59.95555877685547,-72.40556335449219,10600.0,,0
03HB004,LEPELLE (RIVIERE) EN AVAL DE LA RIVIERE GROUST-2,QC,60.19166946411133,-72.66056060791016,10200.0,,0
03HB005,LEPELLE (RIVIERE) EN AVAL DE LA RIVIERE GROUST-1,QC,60.19166946411133,-72.67500305175781,10200.0,,0
03JA001,GOUDALIE (RIVIERE) PRES DE LA RIVIERE AUX FEUILLES,QC,58.03694152832031,-73.2630615234375,3860.0,,0
03JA002,MINTO (LAC),QC,57.29639053344727,-74.75,5540.0,,0
03JB001,FEUILLES (RIVIERE AUX) EN AVAL DE LA RIVIERE PELADEAU,QC,58.640281677246094,-70.42056274414062,41700.0,,0
03JB002,FEUILLES (RIVIERE AUX),QC,58.65277862548828,-70.40556335449219,41700.0,,0
03JB004,FEUILLES (RIVIERE AUX) EN AMONT DU RUISSEAU DUFREBOY,QC,58.2841682434082,-71.28250122070312,33900.0,,0
03KA001,MELEZES (RIVIERE AUX) EN AMONT DE LA RIVIERE DU GUE,QC,57.258331298828125,-71.07971954345703,8830.0,,0
03KC002,MELEZES (RIVIERE AUX) PRES DE LA RIVIERE KOKSOAK-2,QC,57.686668395996094,-69.59166717529297,42700.0,,0
03KC003,MELEZES (RIVIERE AUX)-2,QC,57.5605583190918,-70.08499908447266,37800.0,,0
03KC004,"MELEZES (RIVIERE AUX) A 7,6 KM EN AMONT DE LA CONFLUENCE AVEC LA KOKSOAK",QC,57.68693923950195,-69.59082794189453,40400.0,,1
03KE001,HIGHFALL (RUISSEAU) PRES DE LA RIVIERE KOKSOAK,QC,58.0261116027832,-68.48528289794922,736.0,,0
03LA001,CANIAPISCAU (RIVIERE) A LA SORTIE DU LAC NOUVEAU,QC,53.855560302734375,-68.83332824707031,23600.0,,0
03LA002,CANIAPISCAU (RIVIERE) EN AMONT DE LA DECHARGE DU LAC CHASTRIER,QC,53.99166870117188,-69.08055877685547,20300.0,,0
03LB003,CANIAPISCAU (RIVIERE) A DUPLANTER,QC,54.911109924316406,-69.80000305175781,36900.0,,0
03LB005,CANIAPISCAU (RESERVOIR) A DUPLANTER,QC,54.84999847412109,-69.80000305175781,36900.0,,0
03LD004,SWAMPY BAY (RIVIERE),QC,56.64278030395508,-68.56388854980469,8990.0,,0
03LD006,SWAMPY BAY (RIVIERE) A LA SORTIE DU LAC LE MOYNE,QC,56.83332824707031,-68.95806121826172,15900.0,,0
03LE002,CANIAPISCAU (RIVIERE) A LA CHUTE AU GRANITE,QC,55.8377799987793,-68.41443634033203,50800.0,,0
03LF002,"CANIAPISCAU (RIVIERE) A 1,0 KM EN AMONT DE LA CHUTE DE LA PYRITE",QC,57.42916870117188,-69.20832824707031,47711.0,,0
03MA002,JEANNIN (LAC),QC,56.54167175292969,-66.4111099243164,8160.0,,0
03MB001,FALSE (RIVIERE),QC,57.67082977294922,-68.2699966430664,2140.0,,0
03MB002,"BALEINE (RIVIERE A LA) A 40,2 KM DE L'EMBOUCHURE",QC,57.883331298828125,-67.58332824707031,29800.0,,1
03MB003,BALEINE (RIVIERE A LA) PRES DE L'EMBOUCHURE-2,QC,57.783329010009766,-67.49166870117188,29500.0,,0
03MC001,TUNULIC (RIVIERE) PRES DE L'EMBOUCHURE,QC,57.91056060791016,-66.3727798461914,3680.0,,0
03MD001,GEORGE (RIVIERE) A LA SORTIE DU LAC DE LA HUTTE SAUVAGE,QC,56.78305816650391,-64.86805725097656,22755.0,,1
03MD002,DE PAS (RIVIERE) PRES DE LA RIVIERE GEORGE,QC,55.8619384765625,-64.87999725341797,6030.0,,0
03ME002,GEORGE (RIVIERE) AUX CHUTES HELEN,QC,58.15472030639648,-65.84361267089844,35200.0,,0
03NE001,REID BROOK AT OUTLET OF REID POND,NL,56.373138427734375,-62.16144180297852,75.69999694824219,,0
03NE002,CAMP POND BROOK BELOW CAMP POND,NL,56.34056091308594,-62.110328674316406,24.299999237060547,,0
03NE003,CAMP POND AT SOUTHWEST END,NL,56.33531188964844,-62.09307861328125,,,0
03NE004,HEADWATER STREAM ABOVE POND 55,NL,56.383888244628906,-61.984169006347656,4.880000114440918,,0
03NE005,BROOK AT OUTLET OF POND 56,NL,56.36138916015625,-61.94221878051758,17.5,,0
03NE006,BROOK DOWNSTREAM OF LEN POND,NL,56.38861083984375,-61.90361022949219,10.399999618530272,,0
03NE007,MISTASTIN RIVER BELOW MISTASTIN LAKE,NL,55.94293975830078,-63.09381103515625,1350.0,,0
03NE008,HEADWATER POND NEAR OUTLET,NL,56.32638931274414,-62.00416946411133,,,0
03NE009,THROAT BROOK 8 KILOMETERS ABOVE TIDEWATER,NL,56.3136100769043,-61.931671142578125,5.059999942779541,,0
03NE010,HEADWATER POND BROOK BELOW HEADWATER POND,NL,56.3266716003418,-62.005001068115234,3.3499999046325684,,0
03NE011,REID BROOK BELOW TRIBUTARY,NL,56.30506134033203,-62.092559814453125,158.0,,0
03NE012,TRIBUTARY TO REID BROOK,NL,56.306060791015625,-62.09431076049805,15.100000381469728,,0
03NE013,KOGALUK RIVER BELOW CABOT LAKE,NL,56.15713882446289,-61.77605819702149,5137.0,,0
03NF001,UGJOKTOK RIVER BELOW HARP LAKE,NL,55.23413848876953,-61.30168914794922,7570.0,,1
03NG001,KANAIRIKTOK RIVER BELOW SNEGAMOOK LAKE,NL,54.62361145019531,-60.97721862792969,8930.0,,0
03OA001,ASHUANIPI RIVER AT MENIHEK RAPIDS,NL,54.45500183105469,-66.625,19000.0,,0
03OA002,MENIHEK LAKE AT MENIHEK RAPIDS GENERATING STATION,NL,54.45500183105469,-66.625,,,0
03OA003,MCPHADYEN RIVER NEAR THE MOUTH,NL,54.0977783203125,-66.55889129638672,3610.0,,0
03OA004,ASHUANIPI RIVER BELOW WIGHTMAN LAKE,NL,53.22777938842773,-66.20667266845703,8310.0,,0
03OA005,WABUSH LAKE AT LAKE OUTLET,NL,53.151668548583984,-66.78543853759766,1600.0,,0
03OA006,JULIENNE LAKE BELOW WABUSH LAKE,NL,53.16389083862305,-66.7638931274414,,,0
03OA007,SHABOGAMO RIVER BELOW SHABOGAMO LAKE,NL,53.21556091308594,-66.33110809326172,,,0
03OA008,SHABOGAMO LAKE ON EAST END,NL,53.21638870239258,-66.47193908691406,,,0
03OA009,HARRIE RIVER AT OUTLET OF HARRIE LAKE,NL,52.93193817138672,-66.92971801757812,,,0
03OA010,FLORA CREEK BELOW FLORA LAKE,NL,52.97174835205078,-66.83489227294922,,,0
03OA011,LUCE BROOK BELOW LUCE LAKE,NL,53.021278381347656,-66.9195327758789,,,0
03OA012,LUCE BROOK BELOW TINTO POND,NL,52.98772048950195,-66.87702941894531,43.400001525878906,,0
03OA013,WHITE RIVER AT OUTLET OF WHITE LAKE,NL,53.00278091430664,-66.96639251708984,,,0
03OA014,WABUSH LAKE AT DOLOMITE ROAD,NL,52.9668083190918,-66.85922241210938,8.149999618530273,,0
03OA015,FLORA CREEK BELOW TRANS LABRADOR HIGHWAY,NL,52.96335983276367,-66.83672332763672,139.0,,0
03OA016,DUMBELL STREAM ABOVE DUMBELL LAKE,NL,52.98611068725586,-66.92011260986328,2.0899999141693115,,0
03OA017,PUMPHOUSE STREAM ABOVE DRUM LAKE,NL,52.97930908203125,-66.95713806152344,1.1399999856948853,,0
03OB002,CHURCHILL RIVER AT FLOUR LAKE,NL,53.744998931884766,-64.63999938964844,33900.0,,0
03OB003,MCKENZIE RIVER BELOW ANDRE LAKE,NL,54.54721832275391,-65.5522232055664,1040.0,,0
03OB004,JAMES CREEK ABOVE BRIDGE,NL,54.77513885498047,-66.81993865966797,,,0
03OB005,UNNAMED TRIBUTARY BELOW SETTLING POND,NL,54.76877975463867,-66.81986236572266,,,0
03OB006,GOODREAM CREEK 2KM NORTHWEST OF TIMMINS 6,NL,54.91753005981445,-67.1240005493164,4.769999980926514,,0
03OB007,ELROSS CREEK BELOW PINETTE LAKE INFLOW,NL,54.87775039672852,-67.09971618652344,11.899999618530272,,0
03OB008,HOUSTON CREEK ABOVE ROAD CULVERT,NL,54.67607879638672,-66.6163101196289,,,0
03OB009,JOAN BROOK BELOW OUTLET OF JOAN LAKE,NL,55.05928039550781,-67.29991912841797,10.100000381469728,,0
03OC002,ATIKONAK RIVER AT ATIKONAK RAPIDS,NL,53.82638931274414,-65.29360961914062,19900.0,,0
03OC003,ATIKONAK RIVER ABOVE PANCHIA LAKE,NL,52.96844100952149,-64.66161346435547,15100.0,,1
03OC004,KEPIMITS RIVER BELOW KEPIMITS LAKE,NL,52.6533317565918,-64.84583282470703,7070.0,,0
03OC005,ATIKONAK RIVER ABOVE ATIKONAK LAKE,NL,52.285831451416016,-64.3258285522461,3680.0,,0
03OC006,ATIKONAK RIVER AT GABBRO LAKE,NL,53.772220611572266,-65.39639282226562,21400.0,,0
03OC007,ATIKONAK LAKE WEST SIDE,NL,52.68777847290039,-64.68943786621094,,,0
03OD001,CHURCHILL RIVER NEAR CHURCHILL FALLS,NL,53.44332885742188,-63.686668395996094,57500.0,,0
03OD002,UNKNOWN (ATIKONAK) RIVER AT TWIN FALLS,NL,53.5,-64.5352783203125,22800.0,,0
03OD003,UNKNOWN (ATIKONAK) RIVER AT LAKE 51,NL,53.44667053222656,-64.76000213623047,19900.0,,0
03OD004,METCHIN RIVER (EAST BRANCH) NEAR WINOKAPAU LAKE,NL,53.4233283996582,-63.23332977294922,1090.0,,0
03OD005,CHURCHILL RIVER AT CHURCHILL FALLS POWERHOUSE,NL,53.536109924316406,-63.964168548583984,69200.0,,0
03OD006,ATIKONAK RIVER AT OSSAKMANUAN LAKE CONTROL STRUCTURE,NL,53.44805908203125,-64.76917266845703,,,0
03OD007,EAST METCHIN RIVER,NL,53.43482971191406,-63.233829498291016,1750.0,,0
03OD008,CHURCHILL RIVER ABOVE CHURCHILL FALLS TAILRACE,NL,53.52463912963867,-64.11502838134766,89200.0,,0
03OD009,CHURCHILL RIVER BELOW METCHIN RIVER,NL,53.239559173583984,-63.28491973876953,75500.0,,0
03OD010,CHURCHILL RIVER BELOW CHURCHILL FALLS TAILRACE,NL,53.50410842895508,-63.94541931152344,72110.0,,0
03OE001,CHURCHILL RIVER ABOVE UPPER MUSKRAT FALLS,NL,53.24510955810547,-60.782108306884766,92500.0,,0
03OE002,MINIPI RIVER NEAR MINIPI LAKE,NL,52.61582946777344,-61.181671142578125,2220.0,,0
03OE003,MINIPI RIVER BELOW MINIPI LAKE,NL,52.612579345703125,-61.18544006347656,2330.0,,0
03OE004,CHURCHILL RIVER BELOW LOWER MUSKRAT FALLS,NL,53.24610900878906,-60.7105598449707,,,0
03OE005,CHURCHILL RIVER BETWEEN UPPER AND LOWER MUSKRAT FALLS,NL,53.244171142578125,-60.77333068847656,,,0
03OE006,CHURCHILL RIVER BELOW GULL ISLAND RAPIDS,NL,52.97249984741211,-61.4375,,,0
03OE007,CHURCHILL RIVER AT FOOT OF LOWER MUSKRAT FALLS,NL,53.249168395996094,-60.768890380859375,,,0
03OE008,CHURCHILL RIVER AT GRIZZLE RAPIDS,NL,52.96889114379883,-61.43305969238281,,,0
03OE009,PETERS RIVER BELOW LINDO LAKE,NL,53.36582946777344,-60.8761100769043,,,0
03OE010,BIG POND BROOK BELOW BIG POND,NL,53.51280975341797,-60.29330825805664,71.4000015258789,,0
03OE011,PINUS RIVER,NL,53.14738845825195,-61.55855941772461,780.0,,0
03OE012,CHURCHILL RIVER BELOW GRIZZLE RAPIDS,NL,52.9647216796875,-61.41231155395508,,,0
03OE013,CHURCHILL RIVER ABOVE GRIZZLE RAPIDS,NL,52.9700813293457,-61.44538879394531,,,0
03OE014,CHURCHILL RIVER 6.15 KMS BELOW LOWER MUSKRAT FALLS,NL,53.237579345703125,-60.67525100708008,92800.0,,0
03OE015,CHURCHILL RIVER MID POOL,NL,53.243560791015625,-60.776611328125,,,0
03OE016,CHURCHILL RIVER AT HAPPY VALLEY,NL,53.2954216003418,-60.292579650878906,93100.0,,0
03OE017,MUD LAKE OUTLET TRIBUTARY AT MUD LAKE,NL,53.303829193115234,-60.167388916015625,404.0,,0
03OE018,CHURCHILL RIVER AT END OF MUD LAKE ROAD,NL,53.33483123779297,-60.188358306884766,,,0
03OE019,CHURCHILL RIVER BELOW TRAVERSPINE RIVER,NL,53.279388427734375,-60.27275085449219,,,0
03PB001,NASKAUPI RIVER AT FREMONT LAKE,NL,54.11555862426758,-63.22499847412109,8990.0,,0
03PB002,NASKAUPI RIVER BELOW NASKAUPI LAKE,NL,54.13191986083984,-61.42681121826172,4480.0,,0
03PC001,CHURCHILL RIVER ENGLISH POINT,NL,53.33700180053711,-60.17203140258789,,,0
03PD001,LAKE MELVILLE EAST OF LITTLE RIVER,NL,53.58946990966797,-59.47882843017578,,,0
03PD002,CHURCHILL RIVER OUTLET AT RABBIT ISLAND,NL,53.40216827392578,-60.149391174316406,,,0
03QC001,EAGLE RIVER ABOVE FALLS,NL,53.534278869628906,-57.49385833740234,10900.0,,1
03QC002,ALEXIS RIVER NEAR PORT HOPE SIMPSON,NL,52.64860916137695,-56.871219635009766,2310.0,,1
03QC003,ST LEWIS RIVER ABOVE ST LEWIS INLET,NL,52.44686126708984,-56.29758071899414,,,0
03QC004,GILBERT RIVER AT OUTLET OF GILBERT LAKE,NL,52.67314147949219,-56.15388870239258,,,0
04AA001,HAYES RIVER AT OUTLET OF OXFORD LAKE,MB,54.959720611572266,-95.26860809326172,8790.0,,0
04AA002,OXFORD LAKE AT OXFORD HOUSE,MB,54.93611145019531,-95.29167175292967,8790.0,,0
04AA003,BACK LAKE NEAR OXFORD HOUSE,MB,54.94485855102539,-95.24761199951172,9010.0,,0
04AA004,HAYES RIVER BELOW TROUT FALLS,MB,54.85639190673828,-95.12000274658205,9190.0,,0
04AB001,HAYES RIVER BELOW GODS RIVER,MB,56.41667175292969,-92.80917358398438,103000.0,,0
04AB719,HAYES RIVER BELOW BLACKWATER CREEK,MB,56.85079956054688,-92.65390014648438,,,0
04AC001,GODS LAKE AT GODS LAKE NARROWS,MB,54.55556106567383,-94.477783203125,26800.0,,0
04AC002,ISLAND LAKE NEAR ISLAND LAKE,MB,53.86666870117188,-94.6736068725586,14000.0,,0
04AC003,ISLAND LAKE AT HYER'S TRADING POST,MB,53.96667098999024,-94.76667022705078,14000.0,,0
04AC004,GODS LAKE AT GODS LAKE MINE,MB,54.67082977294922,-94.147216796875,26800.0,,0
04AC005,GODS RIVER BELOW ALLEN RAPIDS,MB,55.0263900756836,-93.83611297607422,27200.0,,0
04AC006,GODS LAKE AT OUTLET OF GODS LAKE,MB,54.8309211730957,-94.08522033691406,26800.0,,0
04AC007,ISLAND LAKE RIVER NEAR ISLAND LAKE,MB,54.05944061279297,-94.65943908691406,14000.0,,0
04AC008,RED SUCKER LAKE AT RED SUCKER LAKE,MB,54.15639114379883,-93.5647201538086,2330.0,,0
04AD002,GODS RIVER NEAR SHAMATTAWA,MB,55.85036087036133,-92.09485626220705,65000.0,,1
04CA001,SANDY LAKE AT SANDY LAKE,ON,53.05083084106445,-93.3375015258789,,,0
04CA002,SEVERN RIVER AT OUTLET OF MUSKRAT DAM LAKE,ON,53.48947143554688,-91.51022338867188,36500.0,,0
04CA003,ROSEBERRY RIVER ABOVE ROSEBERRY LAKES,ON,52.65536117553711,-92.51351928710938,619.0,,0
04CA004,SEVERN RIVER AT OUTLET OF DEER LAKE,ON,52.6739501953125,-93.99134063720705,,,0
04CA005,FLANAGAN RIVER AT OUTLET OF NORTH SPIRIT LAKE,ON,52.52674865722656,-93.0531997680664,,,0
04CB001,WINDIGO RIVER ABOVE MUSKRAT DAM LAKE,ON,53.350189208984375,-91.79161071777344,10800.0,,0
04CC001,SEVERN RIVER AT LIMESTONE RAPIDS,ON,55.375,-88.32499694824219,94300.0,,0
04CC002,SEVERN RIVER BELOW SACHIGO RIVER,ON,55.127559661865234,-88.87139892578125,,,0
04CD001,SACHIGO RIVER BELOW BEAVERSTONE RIVER,ON,54.99028015136719,-89.34443664550781,21100.0,,0
04CD002,SACHIGO RIVER BELOW OUTLET OF SACHIGO LAKE,ON,53.99443817138672,-92.147216796875,4270.0,,0
04CE001,BIG TROUT LAKE AT TROUT LAKE,ON,53.81666946411133,-89.9000015258789,,,0
04CE002,FAWN RIVER BELOW BIG TROUT LAKE,ON,53.76667022705078,-89.55000305175781,4350.0,,0
04DA001,PIPESTONE RIVER AT KARL LAKE,ON,52.58058166503906,-90.18669128417967,5960.0,,1
04DA002,WINISK RIVER AT KANUCHUAN RAPIDS,ON,52.9597282409668,-87.68946075439453,19000.0,,0
04DA003,WINISK LAKE AT WEBEQUI,ON,52.98611068725586,-87.352783203125,,,0
04DA004,WUNNUMMIN LAKE AT WUNNUMMIN LAKE SETTLEMENT,ON,52.93888854980469,-89.2750015258789,,,0
04DB001,ASHEWEIG RIVER AT STRAIGHT LAKE,ON,53.71175003051758,-87.9533920288086,7950.0,,0
04DB002,ASHEWEIG RIVER ABOVE LONG DOG LAKE,ON,53.52777862548828,-89.29444122314453,3240.0,,0
04DB003,KASABONIKA LAKE AT KASABONIKA,ON,53.52777862548828,-88.60832977294922,,,0
04DC001,WINISK RIVER BELOW ASHEWEIG RIVER TRIBUTARY,ON,54.499610900878906,-87.22769165039062,50000.0,,0
04DC002,SHAMATTAWA RIVER AT OUTLET OF SHAMATTAWA LAKE,ON,54.28974914550781,-85.65152740478516,4710.0,,1
04EA001,EKWAN RIVER BELOW NORTH WASHAGAMI RIVER,ON,53.80611038208008,-84.91808319091797,10400.0,,1
04ED001,SUTTON RIVER NEAR THE MOUTH,ON,55.19921875,-83.72679138183594,,,0
04FA001,OTOSKWIN RIVER BELOW BADESDAWA LAKE,ON,51.82324981689453,-89.60214233398438,9010.0,,0
04FA002,KAWINOGANS RIVER NEAR PICKLE CROW,ON,51.64831161499024,-89.88691711425781,1540.0,,0
04FA003,PINEIMUTA RIVER AT EYES LAKE,ON,52.30828094482422,-88.76033020019531,4900.0,,0
04FB001,ATTAWAPISKAT RIVER BELOW ATTAWAPISKAT LAKE,ON,52.08578109741211,-87.05638885498047,24200.0,,0
04FB002,ATTAWAPISKAT LAKE AT LANSDOWNE HOUSE,ON,52.21944046020508,-87.8861083984375,,,0
04FC001,ATTAWAPISKAT RIVER BELOW MUKETEI RIVER,ON,53.09130859375,-85.07225036621094,36000.0,,1
04FC002,ATTAWAPISKAT RIVER ABOVE LAWASHI CHANNEL,ON,52.9322509765625,-83.36763763427734,,,0
04FC003,MUKETEI RIVER NEAR OTOSKWIN-ATTAWAPISKAT RIVER PROVINCIAL PARK,ON,52.86666870117188,-86.24056243896484,2310.0,,0
04GA001,LAKE ST. JOSEPH OUTFLOW TO ALBANY RIVER,ON,51.133331298828125,-90.1999969482422,,,0
04GA002,CAT RIVER BELOW WESLEYAN LAKE,ON,51.17377853393555,-91.5945816040039,5390.0,,1
04GA003,PASHKOKOGAN RIVER AT OUTLET OF PASHKOKOGAN LAKE,ON,51.03739929199219,-90.19795989990234,2230.0,,0
04GA004,LAKE ST. JOSEPH ABOVE RAT RAPIDS DAM,ON,51.19443893432617,-90.22222137451172,,,0
04GB001,OGOKI RIVER AT WABOOSE FALLS DAM,ON,50.75556182861328,-87.99443817138672,13600.0,,0
04GB002,WABOOSE LAKE RESERVOIR AT WABOOSE DAM,ON,50.75556182861328,-87.99443817138672,,,0
04GB003,MOJIKIT LAKE RESERVOIR AT MOJIKIT LAKE,ON,50.63750076293945,-88.20832824707031,,,0
04GB004,OGOKI RIVER ABOVE WHITECLAY LAKE,ON,50.8684196472168,-88.93161010742188,11200.0,,1
04GB005,BRIGHTSAND RIVER AT MOBERLEY,ON,49.61130905151367,-90.580810546875,1140.0,,0
04GC001,EABAMET LAKE AT FORT HOPE,ON,51.55556106567383,-87.98332977294922,,,0
04GC002,ALBANY RIVER BELOW ACHAPI LAKE,ON,51.366580963134766,-89.42227935791016,16300.0,,0
04GD001,ALBANY RIVER ABOVE NOTTIK ISLAND,ON,51.64152908325195,-86.39099884033203,32400.0,,0
04GD002,OPICHUAN RIVER AT KELLOW LAKE,ON,51.161109924316406,-87.84443664550781,1170.0,,0
04GF001,MUSWABIK RIVER AT OUTLET OF MUSWABIK LAKE,ON,51.52555847167969,-85.07028198242188,1890.0,,0
04HA001,ALBANY RIVER NEAR HAT ISLAND,ON,51.33055877685547,-83.83332824707031,118000.0,87500.0,0
04HA002,ALBANY RIVER ABOVE FISHING CREEK ISLAND,ON,51.85380935668945,-82.97541809082031,,,0
04HA003,STOOPING RIVER ABOVE THE MOUTH,ON,51.93056106567383,-82.01553344726562,,,0
04JA001,KABINAKAGAMI RIVER NEAR KABINA,ON,49.783329010009766,-84.0999984741211,3780.0,,0
04JA002,KABINAKAGAMI RIVER AT HIGHWAY NO. 11,ON,49.744171142578125,-84.10360717773438,3780.0,,0
04JC001,NAGAGAMI RIVER NEAR AMESON,ON,49.79721832275391,-84.52082824707031,2410.0,,0
04JC002,NAGAGAMI RIVER AT HIGHWAY NO. 11,ON,49.77288818359375,-84.53694152832031,2180.0,,1
04JC003,SHEKAK RIVER AT HIGHWAY NO. 11,ON,49.75556182861328,-84.40666961669922,3290.0,,0
04JD001,LONG LAKE AT LONGLAC,ON,49.769439697265625,-86.5513916015625,,,0
04JD002,KENOGAMI RIVER AT KENOGAMI DAM,ON,49.918060302734375,-86.4880599975586,4270.0,,0
04JD003,LONG LAKE DIVERSION TO LAKE SUPERIOR,ON,49.067779541015625,-87.06916809082031,,,0
04JD005,PAGWACHUAN RIVER AT HIGHWAY NO. 11,ON,49.764190673828125,-85.22618865966797,2120.0,,0
04JD006,KENOGAMISIS LAKE NEAR GERALDTON,ON,49.692081451416016,-86.8812484741211,,,0
04JF001,LITTLE CURRENT RIVER AT PERCY LAKE,ON,50.66119003295898,-86.53624725341797,5300.0,,0
04JG001,KENOGAMI RIVER NEAR MAMMAMATTAWA,ON,50.42285919189453,-84.38153076171875,26200.0,,0
04KA001,KWETABOHIGAN RIVER NEAR THE MOUTH,ON,51.160831451416016,-80.86393737792969,4250.0,,1
04KA002,HALFWAY CREEK AT MOOSONEE,ON,51.25444030761719,-80.65389251708984,133.0,,0
04LA001,MATTAGAMI RIVER AT TIMMINS,ON,48.47917175292969,-81.35417175292969,6140.0,,0
04LA002,MATTAGAMI RIVER NEAR TIMMINS,ON,48.4043083190918,-81.44835662841797,5570.0,,0
04LA003,TATACHIKAPIKA RIVER NEAR TIMMINS,ON,48.32971954345703,-81.58016967773438,872.0,,0
04LA004,MOUNTJOY RIVER NEAR TIMMINS,ON,48.34505844116211,-81.3326416015625,325.0,,0
04LA005,MINISINAKWA RIVER NEAR GOGAMA,ON,47.71519088745117,-81.61260986328125,1490.0,,0
04LA006,MOLLIE RIVER AT HIGHWAY NO. 144,ON,47.49610900878906,-81.8487777709961,92.5,,0
04LB001,MATTAGAMI RIVER AT SMOOTH ROCK FALLS,ON,49.26778030395508,-81.64167022705078,10000.0,,0
04LB002,KAMISKOTIA RIVER ABOVE ENID CREEK,ON,48.62664031982422,-81.63033294677734,926.0,,0
04LC001,GROUNDHOG RIVER AT HORWOOD LAKE,ON,48.11666870117188,-82.2750015258789,3370.0,,0
04LC002,IVANHOE LAKE NEAR FOLEYET,ON,48.1827507019043,-82.50110626220703,,,0
04LC003,IVANHOE RIVER AT FOLEYET,ON,48.25020980834961,-82.44380950927734,1640.0,,0
04LD001,GROUNDHOG RIVER AT FAUQUIER,ON,49.31084060668945,-82.04142761230469,12400.0,,0
04LE002,NEMEGOSENDA RIVER NEAR CHAPLEAU,ON,47.93817138671875,-83.0606918334961,432.0,,0
04LF001,KAPUSKASING RIVER AT KAPUSKASING,ON,49.41442108154297,-82.43994140625,6760.0,,0
04LG001,MATTAGAMI RIVER AT SMOKY FALLS,ON,50.06417083740234,-82.15556335449219,34700.0,,0
04LG002,MOOSE RIVER AT MOOSE RIVER,ON,50.81388854980469,-81.29444122314453,60100.0,,0
04LG003,MATTAGAMI RIVER AT LITTLE LONG RAPIDS,ON,50.00416946411133,-82.16667175292969,34700.0,,0
04LG004,MOOSE RIVER ABOVE MOOSE RIVER,ON,50.75157928466797,-81.4513931274414,60100.0,,0
04LG005,MATTAGAMI RIVER AT ADAM CREEK,ON,50.24666976928711,-82.09388732910156,34900.0,,0
04LJ001,MISSINAIBI RIVER AT MATTICE,ON,49.61108016967773,-83.26777648925781,8570.0,,1
04LK001,MATTAWISHKWIA RIVER AT HEARST,ON,49.68281173706055,-83.65679931640625,1170.0,,0
04LM001,MISSINAIBI RIVER BELOW WABOOSE RIVER,ON,50.58544158935547,-82.09100341796875,22900.0,,0
04MA001,MACAMIC (LAC) A MACAMIC,QC,48.77777862548828,-79.01249694824219,1220.0,,0
04MA003,LA SARRE (RIVIERE) PRES DE LA SARRE,QC,48.80638885498047,-79.22638702392578,,,0
04MA004,ABITIBI (LAC) A MANCEBOURG,QC,48.75,-79.227783203125,1840.0,,0
04MA005,DESVAUX (LAC),QC,48.18611145019531,-79.35305786132812,17.200000762939453,,0
04MA006,ROBERTSON (LAC),QC,48.65999984741211,-78.679443359375,,,0
04MA007,TASCHEREAU (LAC),QC,48.66360855102539,-78.6833267211914,,,0
04MB002,DRIFTWOOD RIVER AT MONTEITH,ON,48.644569396972656,-80.67466735839844,537.0,,0
04MB003,WATABEAG RIVER AT WATABEAG LAKE DAM,ON,48.292781829833984,-80.54528045654297,238.0,,0
04MB004,WATABEAG RIVER BELOW WATABEAG LAKE,ON,48.30432891845703,-80.57988739013672,301.0,,0
04MB005,WATABEAG LAKE AT WATABEAG LAKE DAM,ON,48.29288864135742,-80.54489135742188,,,0
04MC001,ABITIBI RIVER AT IROQUOIS FALLS,ON,48.7622184753418,-80.66860961914062,13300.0,,0
04MC002,ABITIBI RIVER AT TWIN FALLS,ON,48.75,-80.58332824707031,9950.0,,0
04MD001,FREDERICK HOUSE RIVER AT FREDERICKHOUSE,ON,49.0888900756836,-81.15416717529297,3260.0,,0
04MD002,FREDERICK HOUSE RIVER AT FREDERICK HOUSE LAKE DAM,ON,48.79249954223633,-81.01471710205078,2870.0,,0
04MD003,FREDERICK HOUSE RIVER AT NIGHTHAWK LAKE,ON,48.54721832275391,-80.97389221191406,2540.0,,0
04MD004,PORCUPINE RIVER AT HOYLE,ON,48.550140380859375,-81.05431365966797,408.0,,0
04MD005,PORCUPINE LAKE NEAR PORCUPINE,ON,48.47780990600586,-81.19043731689453,,,0
04ME001,ABITIBI RIVER AT ISLAND FALLS,ON,49.57500076293945,-81.3861083984375,20700.0,,0
04ME002,ABITIBI RIVER AT ABITIBI CANYON,ON,49.88193893432617,-81.5666732788086,22900.0,,0
04ME003,ABITIBI RIVER AT ONAKAWANA,ON,50.60292053222656,-81.41464233398438,27500.0,,0
04ME004,ABITIBI RIVER AT OTTER RAPIDS,ON,50.18193817138672,-81.63667297363281,23400.0,,0
04ME005,NEWPOST CREEK NEAR THE MOUTH,ON,49.97203063964844,-81.51203155517578,3010.0,,0
04MF001,NORTH FRENCH RIVER NEAR THE MOUTH,ON,51.07672119140625,-80.76407623291016,6680.0,,1
04NA001,"HARRICANA (RIVIERE) 3,1 KM EN AVAL DU PONT-ROUTE 111 A AMOS",QC,48.60055923461914,-78.10944366455078,3680.0,,1
04NA002,HARRICANA (RIVIERE) A AMOS-2,QC,48.56972122192383,-78.12332916259766,3680.0,,0
04NA003,HARRICANA (RIVIERE) EN AMONT DE LA RIVIERE TURGEON,QC,49.95555877685547,-78.7249984741211,10000.0,,0
04NA005,BOURLAMAQUE (RIVIERE) A 1.1 KM EN AMONT DE LA ROUTE 117,QC,48.08940124511719,-77.67040252685547,367.0,,0
04NB001,TURGEON (RIVIERE) EN AMONT DE LA RIVIERE HARRICANA,QC,49.98527908325195,-79.09528350830078,11200.0,,0
05AA001,OLDMAN RIVER NEAR COWLEY,AB,49.60639190673828,-114.04528045654295,1940.0,1940.0,0
05AA002,CROWSNEST RIVER NEAR LUNDBRECK,AB,49.59444046020508,-114.17082977294922,676.0,658.0,0
05AA003,CASTLE RIVER NEAR COWLEY,AB,49.533329010009766,-114.03333282470705,1120.0,1120.0,0
05AA004,PINCHER CREEK AT PINCHER CREEK,AB,49.48640060424805,-113.94769287109376,158.0,158.0,0
05AA005,COW CREEK NEAR COWLEY,AB,49.65499877929688,-114.15721893310548,82.0999984741211,82.0999984741211,0
05AA006,TODD CREEK AT ELTON'S RANCH,AB,49.65666961669922,-114.12555694580078,144.0,144.0,0
05AA007,CONNELLY CREEK NEAR LUNDBRECK,AB,49.59722137451172,-114.1374969482422,51.5,51.5,0
05AA008,CROWSNEST RIVER AT FRANK,AB,49.59732055664063,-114.41063690185548,403.0,403.0,1
05AA009,CROWSNEST RIVER NEAR COLEMAN,AB,49.63056182861328,-114.5647201538086,167.0,167.0,0
05AA010,BEAVER MINES CREEK NEAR BEAVER MINES,AB,49.47499847412109,-114.15833282470705,62.400001525878906,62.400001525878906,0
05AA011,MILL CREEK NEAR THE MOUTH,AB,49.46950912475586,-114.13423919677734,179.0,179.0,0
05AA013,MCGILLIVRAY CREEK NEAR COLEMAN,AB,49.63444137573242,-114.5199966430664,32.599998474121094,32.599998474121094,0
05AA014,ELTON DITCH BELOW TODD CREEK,AB,49.66667175292969,-114.13333129882812,,,0
05AA015,CASTLE RIVER AT MCDONALD'S RANCH,AB,49.5,-114.272216796875,757.0,757.0,0
05AA016,CARBONDALE CREEK AT EVAN'S RANCH,AB,49.47222137451172,-114.3166732788086,311.0,311.0,0
05AA021,OLDMAN RIVER AT THE GAP,AB,49.86806106567383,-114.3597183227539,1200.0,1200.0,0
05AA022,CASTLE RIVER NEAR BEAVER MINES,AB,49.4886589050293,-114.14437866210938,821.0,821.0,0
05AA023,OLDMAN RIVER NEAR WALDRON'S CORNER,AB,49.81388854980469,-114.1833267211914,1446.0999755859375,1446.0999755859375,0
05AA024,OLDMAN RIVER NEAR BROCKET,AB,49.55781173706055,-113.82272338867188,4400.0,4380.0,0
05AA025,SNOWFENCE CREEK AT PLATEAU MOUNTAIN,AB,50.209999084472656,-114.54444122314452,0.03999999910593033,0.03999999910593033,0
05AA026,DUTCH CREEK NEAR THE MOUTH,AB,49.901668548583984,-114.43028259277344,143.0,143.0,0
05AA027,RACEHORSE CREEK NEAR THE MOUTH,AB,49.83779144287109,-114.42059326171876,218.0,218.0,0
05AA028,CASTLE RIVER AT RANGER STATION,AB,49.3974494934082,-114.33989715576172,375.0,375.0,0
05AA029,CALLUM CREEK AT WALDRON'S RANCH,AB,49.82693862915039,-114.13221740722656,189.0,189.0,0
05AA030,GOLD CREEK NEAR FRANK,AB,49.60184860229492,-114.40054321289062,63.29999923706055,63.29999923706055,0
05AA032,OLDMAN RESERVOIR NEAR PINCHER CREEK,AB,49.61204147338867,-114.05328369140624,4380.0,4360.0,0
05AA033,KETTLES CREEK AT PINCHER CREEK,AB,49.4923210144043,-113.926513671875,38.400001525878906,36.900001525878906,0
05AA034,PINCHER CREEK AT FRONT RANGE ROAD,AB,49.30934143066406,-114.07510375976562,24.0,24.0,0
05AA035,OLDMAN RIVER AT RANGE ROAD NO. 13A,AB,49.72769165039063,-114.08648681640624,1830.0,1830.0,0
05AA909,TODD CREEK NEAR HIGHWAY NO.22,AB,49.76327896118164,-114.23809814453124,74.0,74.0,0
05AB002,WILLOW CREEK NEAR NOLAN,AB,49.79389190673828,-113.53694152832033,2290.0,2080.0,0
05AB005,TROUT CREEK NEAR GRANUM,AB,49.97734832763672,-113.68602752685548,441.0,441.0,1
05AB006,MEADOW CREEK AT HART'S RANCH,AB,49.93333053588867,-113.75,102.0,102.0,0
05AB007,OLDMAN RIVER NEAR FORT MACLEOD,AB,49.71667098999024,-113.4499969482422,5760.0,5680.0,0
05AB011,MUD LAKE NEAR FORT MACLEOD,AB,49.74277877807617,-113.53111267089844,,,0
05AB013,BEAVER CREEK NEAR BROCKET,AB,49.639381408691406,-113.79530334472656,256.0,256.0,0
05AB014,FIVE MILE CREEK NEAR SPRING POINT,AB,49.73221969604492,-113.85166931152344,53.09999847412109,53.09999847412109,0
05AB015,WILLOW CREEK NEAR GRANUM,AB,49.883331298828125,-113.5500030517578,2000.0,1840.0,0
05AB016,LETHBRIDGE NORTHERN IRRIGATION DISTRICT CANAL AT MENZAGHIES BRIDGE,AB,49.727500915527344,-113.5500030517578,,,0
05AB017,LETHBRIDGE NORTHERN IRRIGATION DISTRICT MUD LAKE CANAL NEAR MACLEOD,AB,49.73332977294922,-113.54556274414062,,,0
05AB018,LETHBRIDGE NORTHERN IRRIGATION DISTRICT CANAL AT SYPHON SPILLWAY,AB,49.68056106567383,-113.6138916015625,,,0
05AB019,LETHBRIDGE NORTHERN IRRIGATION DISTRICT CANAL ABOVE OLDMAN FLUME,AB,49.68706130981445,-113.57691955566406,,,0
05AB020,LETHBRIDGE NORTHERN IRRIGATION DISTRICT CANAL BELOW OLDMAN FLUME,AB,49.6986083984375,-113.5616683959961,,,0
05AB021,WILLOW CREEK NEAR CLARESHOLM,AB,50.01852035522461,-113.71484375,1180.0,1120.0,0
05AB022,WEST STREETER CREEK NEAR NANTON,AB,50.10805892944336,-114.06639099121094,1.3700000047683716,1.3700000047683716,0
05AB023,MIDDLE STREETER CREEK NEAR NANTON,AB,50.10860824584961,-114.0500030517578,0.9100000262260436,0.9100000262260436,0
05AB024,EAST STREETER CREEK NEAR NANTON,AB,50.10860824584961,-114.0494384765625,0.5199999809265137,0.5199999809265137,0
05AB025,WEST STREETER SPRING NO. 1 NEAR NANTON,AB,50.105560302734375,-114.06777954101562,,,0
05AB026,MIDDLE STREETER SPRING NO. 1 NEAR NANTON,AB,50.10889053344727,-114.05110931396484,,,0
05AB027,EAST STREETER SPRING NO. 1 NEAR NANTON,AB,50.10971832275391,-114.04888916015624,,,0
05AB028,WILLOW CREEK ABOVE CHAIN LAKES,AB,50.196388244628906,-114.21278381347656,162.0,162.0,0
05AB029,MEADOW CREEK NEAR THE MOUTH,AB,49.95412826538086,-113.66354370117188,130.0,130.0,0
05AB030,STREETER CREEK (MAIN STEM) NEAR NANTON,AB,50.123329162597656,-114.05555725097656,5.960000038146973,5.960000038146973,0
05AB031,LETHBRIDGE NORTHERN IRRIGATION DISTRICT CANAL NEAR WILLOW CREEK FLUME,AB,49.786109924316406,-113.51667022705078,,,0
05AB032,LETHBRIDGE NORTHERN IRRIGATION DISTRICT CANAL AT HEADGATES,AB,49.66667175292969,-113.5999984741211,,,0
05AB035,MIDDLE STREETER SPRING NO. 2 NEAR NANTON,AB,50.10499954223633,-114.05332946777344,,,0
05AB036,MCINTOSH SPRING NO. 1 NEAR NANTON,AB,50.109169006347656,-114.0366668701172,,,0
05AB037,CHAIN LAKES RESERVOIR NEAR NANTON,AB,50.20183944702149,-114.1900634765625,213.0,213.0,0
05AB038,KYISKAP CREEK NEAR GRANUM,AB,49.81528091430664,-113.59027862548828,191.0,180.0,0
05AB039,WILLOW CREEK BELOW LANE CREEK,AB,50.140281677246094,-113.93917083740234,727.0,727.0,0
05AB040,WILLOW CREEK AT SECONDARY NO. 532,AB,50.24177169799805,-114.3511734008789,65.30000305175781,65.30000305175781,0
05AB041,WILLOW CREEK AT OXLY RANCH,AB,50.12910079956055,-113.84662628173828,833.0,833.0,0
05AB042,PINE COULEE DIVERSION CANAL BELOW HEAD GATES,AB,50.12799835205078,-113.7871322631836,,,0
05AB044,PINE COULEE RESERVOIR NEAR STAVELY,AB,50.12166976928711,-113.7490234375,85.69999694824219,75.19999694824219,0
05AB045,PINE COULEE OUTFLOW BELOW RESERVOIR,AB,50.12017822265625,-113.75108337402344,85.69999694824219,75.19999694824219,0
05AB046,WILLOW CREEK AT HIGHWAY NO. 811,AB,49.7547607421875,-113.40725708007812,2510.0,2170.0,0
05AC001,MOSQUITO CREEK NEAR NANTON,AB,50.3761100769043,-113.82749938964844,522.0,522.0,0
05AC002,NANTON CREEK NEAR NANTON,AB,50.35971832275391,-113.82611083984376,120.0,120.0,0
05AC003,LITTLE BOW RIVER AT CARMANGAY,AB,50.12765121459961,-113.1181869506836,2780.0,1270.0,0
05AC004,BOW RIVER DEVELOPMENT MAIN CANAL,AB,50.74610900878906,-113.02139282226562,,,0
05AC005,FRANK LAKE NEAR HIGH RIVER,AB,50.577781677246094,-113.6999969482422,400.0,400.0,0
05AC006,KEHO LAKE RESERVOIR NEAR ALBION RIDGE,AB,49.95000076293945,-112.9527816772461,78.0,,0
05AC009,LETHBRIDGE NORTHERN IRRIGATION DISTRICT CANAL AT INLET TO KEHO LAKE,AB,51.64611053466797,-115.01805877685548,,,0
05AC010,LETHBRIDGE NORTHERN IRRIGATION DISTRICT - TURIN BRANCH CANAL,AB,49.95000076293945,-112.9499969482422,,,0
05AC011,LETHBRIDGE NORTHERN IRRIGATION DISTRICT - MONARCH BRANCH CANAL,AB,49.883331298828125,-113.1999969482422,,,0
05AC012,LITTLE BOW RIVER BELOW TRAVERS DAM,AB,50.171199798583984,-112.72277069091795,5340.0,2820.0,0
05AC013,BOW RIVER DEVELOPMENT WESTERN BLOCK LATERAL A NEAR HEADGATE,AB,50.19166946411133,-112.58332824707033,,,0
05AC014,BOW RIVER DEVELOPMENT WESTERN BLOCK LATERAL A2 NEAR HEADGATE,AB,50.18611145019531,-112.5722198486328,,,0
05AC015,BOW RIVER DEVELOPMENT WESTERN BLOCK LATERAL B NEAR HEADGATE,AB,50.15555953979492,-112.49722290039062,,,0
05AC016,BOW RIVER DEVELOPMENT WESTERN BLOCK LATERAL C NEAR HEADGATE,AB,50.12778091430664,-112.4111099243164,,,0
05AC017,LOMOND LATERAL NEAR HEADGATE,AB,50.21455001831055,-112.6618881225586,,,0
05AC022,LAKE MCGREGOR AT SOUTH DAM,AB,50.27861022949219,-112.8263931274414,1000.0,794.0,0
05AC023,LITTLE BOW RIVER NEAR THE MOUTH,AB,49.89987182617188,-112.50553131103516,5900.0,3280.0,0
05AC024,MCGREGOR LAKE INFLOW NEAR MILO,AB,50.5888900756836,-112.9236068725586,,,0
05AC025,MCGREGOR TRAVERS CANAL NEAR CHAMPION,AB,50.25416946411133,-112.8166732788086,,,0
05AC026,LETHBRIDGE NORTHERN IRRIGATION DISTRICT CANAL BELOW KEHO OUTFLOW,AB,49.95000076293945,-112.9375,,,0
05AC027,BOW RIVER DEVELOPMENT MAIN CANAL BELOW LITTLE BOW RESERVOIR,AB,50.20000076293945,-112.625,,,0
05AC028,L.N.I.D. - MONARCH BRANCH CANAL BELOW MONARCH HEADGATES,AB,49.883331298828125,-113.1833267211914,,,0
05AC029,LETHBRIDGE NORTHERN IRRIGATION DISTRICT CANAL BELOW MONARCH HEADGATES,AB,49.907501220703125,-113.18028259277344,,,0
05AC030,SNAKE CREEK NEAR VULCAN,AB,50.472469329833984,-112.9140167236328,350.0,346.0,0
05AC031,MOSQUITO CREEK NEAR THE MOUTH,AB,50.25185012817383,-113.55413818359376,958.0,754.0,0
05AC032,CLEAR LAKE NEAR STAVELY,AB,50.13639068603516,-113.4130630493164,348.0,132.0,0
05AC033,CLEAR BROOK NEAR STAVELY,AB,50.15694046020508,-113.45806121826172,182.0,109.0,0
05AC034,LITTLE BOW RIVER ABOVE TRAVERS RESERVOIR,AB,50.20417022705078,-112.977783203125,,,0
05AC901,CLEAR LAKE NEAR STAVELY,AB,50.133331298828125,-113.4111099243164,,,0
05AC902,BOW RIVER IRRIGATION DISTRICT MAIN CANAL AT DROP NO. 3,AB,50.15694046020508,-112.53333282470705,,,0
05AC909,WOMANS COULEE AT 690 AVE NEAR MOSQUITO CREEK,AB,50.42805862426758,-113.96582794189452,,,0
05AC911,LITTLE BOW RIVER BELOW FRANK LAKE,AB,50.46443939208984,-113.62610626220705,,,0
05AC917,SQUAW COULEE DIVERSION BELOW SQUAW COULEE DAM,AB,50.5263900756836,-113.9255599975586,,,0
05AC918,L.N.I.D.CANAL AT DROP NO. 6,AB,49.97499847412109,-113.0999984741211,,,0
05AC919,KEHO LAKE NEAR NOBLEFORD,AB,49.95555877685547,-112.95832824707033,77.5,77.5,0
05AC921,TRAVERS RESERVOIR NEAR ENCHANT,AB,50.17667007446289,-112.6875,5340.0,2820.0,0
05AC922,LITTLE BOW RESERVOIR NEAR ENCHANT,AB,50.20610809326172,-112.66722106933594,26.5,26.5,0
05AC924,MOSQUITO CREEK AT HIGHWAY NO. 534,AB,50.39778137207031,-113.98056030273438,,,0
05AC926,MOSQUITO CREEK UPSTREAM NANTON AT HWY NO. 2,AB,50.373329162597656,-113.79694366455078,,,0
05AC927,NANTON CREEK AT HIGHWAY NO. 2,AB,50.35971832275391,-113.78888702392578,,,0
05AC928,LITTLE BOW RIVER AT HIGHWAY NO. 2,AB,50.54111099243164,-113.82749938964844,,,0
05AC929,FRANK LAKE BASIN 3 OUTLET AT 594 AVE.,AB,50.51388931274414,-113.68917083740234,,,0
05AC930,LITTLE BOW RIVER AT HIGHWAY NO. 533,AB,50.35417175292969,-113.54306030273438,,,0
05AC937,MOSQUITO CREEK BELOW CLEAR LAKE DIVERSION,AB,50.23722076416016,-113.477783203125,,,0
05AC938,CLEAR LAKE DIVERSION CANAL BELOW HEADGATE,AB,50.23722076416016,-113.477783203125,,,0
05AC939,CLEAR LAKE DIVERSION HEADPOND ABOVE HEADGATE,AB,50.2369384765625,-113.48082733154295,,,0
05AC940,TWIN VALLEY RESERVOIR AT HIGHWAY NO. 529,AB,50.23332977294922,-113.40332794189452,1950.0,1050.0,0
05AC941,LITTLE BOW RIVER BELOW TWIN VALLEY RESERVOIR,AB,50.22481155395508,-113.39663696289062,1960.0,1050.0,0
05AD001,MAMI CREEK AT MOUNTAIN VIEW,AB,49.133331298828125,-113.58332824707033,56.70000076293945,56.70000076293945,0
05AD002,BELLY RIVER NEAR STAND OFF,AB,49.47777938842773,-113.3027801513672,1210.0,1130.0,0
05AD003,WATERTON RIVER NEAR WATERTON PARK,AB,49.1136589050293,-113.8394012451172,613.0,613.0,1
05AD004,CROOKED CREEK NEAR WATERTON PARK,AB,49.12916946411133,-113.81111145019533,49.0,49.0,0
05AD005,BELLY RIVER NEAR MOUNTAIN VIEW,AB,49.09960174560547,-113.69772338867188,319.0,319.0,0
05AD006,CAMERON CREEK AT WATERTON PARK,AB,49.05167007446289,-113.91583251953124,78.69999694824219,78.69999694824219,0
05AD007,OLDMAN RIVER NEAR LETHBRIDGE,AB,49.70941925048828,-112.86287689208984,17000.0,15500.0,0
05AD008,WATERTON RIVER NEAR STAND OFF,AB,49.5019416809082,-113.32611083984376,1730.0,1710.0,0
05AD010,DRYWOOD CREEK NEAR THE MOUTH,AB,49.294410705566406,-113.79424285888672,239.0,227.0,0
05AD012,COTTONWOOD CREEK NEAR TWIN BUTTE,AB,49.13888931274414,-113.852783203125,34.20000076293945,34.20000076293945,0
05AD013,UNITED IRRIGATION DISTRICT CANAL NEAR HILL SPRING,AB,49.218040466308594,-113.63323974609376,,,0
05AD014,SPRING CREEK NEAR WATERTON PARK,AB,49.119720458984375,-113.84166717529295,,,0
05AD015,WATERTON LAKE (LOWER) NEAR WATERTON PARK,AB,49.11666870117188,-113.83332824707033,614.0,614.0,0
05AD016,DRYWOOD CREEK NEAR TWIN BUTTE,AB,49.29999923706055,-114.00556182861328,29.299999237060547,29.299999237060547,0
05AD017,MOUNTAIN VIEW IRRIGATION DISTRICT CANAL,AB,49.07971954345703,-113.68888854980467,,,0
05AD018,BULLHORN COULEE NEAR CARDSTON,AB,49.24443817138672,-113.41667175292967,119.0,119.0,0
05AD019,OLDMAN RIVER NEAR MONARCH,AB,49.79027938842773,-113.12361145019533,8880.0,8130.0,0
05AD020,SIX MILE COULEE SPILLWAY NEAR LETHBRIDGE,AB,49.661109924316406,-112.8263931274414,,,0
05AD021,BELLY - ST. MARY DIVERSION CANAL,AB,49.3360710144043,-113.55406188964844,,,0
05AD022,LEAVITT - AETNA CANAL NEAR HEADGATE,AB,49.11249923706055,-113.6138916015625,,,0
05AD023,MOUNTAIN VIEW CANAL BELOW MAMI CREEK,AB,49.10749816894531,-113.62972259521484,,,0
05AD024,MAMI CREEK BELOW LEAVITT-AETNA DIVERSION,AB,49.11417007446289,-113.61666870117188,35.20000076293945,,0
05AD025,WATERTON LAKE AT WATERTON PARK,AB,49.0536003112793,-113.90705108642578,403.0,403.0,0
05AD026,WATERTON RESERVOIR,AB,49.32022857666016,-113.68415832519533,1270.0,1200.0,0
05AD027,WATERTON - BELLY DIVERSION CANAL,AB,49.327030181884766,-113.63382720947266,,,0
05AD028,WATERTON RIVER NEAR GLENWOOD,AB,49.4333610534668,-113.48477935791016,1630.0,1540.0,0
05AD029,WATERTON RIVER NEAR INTERNATIONAL BOUNDARY,MT,48.95555877685547,-113.9000015258789,160.0,160.0,0
05AD030,BOUNDARY CREEK NEAR INTERNATIONAL BOUNDARY,MT,48.99721908569336,-113.9055633544922,53.900001525878906,53.900001525878906,0
05AD031,STREET CREEK AT INTERNATIONAL BOUNDARY,MT,48.9888916015625,-113.87777709960938,14.0,14.0,0
05AD032,BELLY RIVER AT INTERNATIONAL BOUNDARY,MT,48.99721908569336,-113.68055725097656,192.0,192.0,0
05AD033,BELLY RIVER (NORTH BRANCH) AT INTERNATIONAL BOUNDARY,MT,48.9888916015625,-113.7638931274414,25.100000381469727,25.100000381469727,0
05AD034,NOLAN COULEE NEAR COALDALE,AB,49.85277938842773,-112.58611297607422,136.1999969482422,136.1999969482422,0
05AD035,PRAIRIE BLOOD COULEE NEAR LETHBRIDGE,AB,49.56628036499024,-112.95426940917967,214.0,214.0,0
05AD036,DRYWOOD CREEK BELOW SOUTH DRYWOOD CREEK,AB,49.29528045654297,-113.97222137451172,79.80000305175781,79.0,0
05AD037,PIYAMI DRAIN NEAR PICTURE BUTTE,AB,49.83061981201172,-112.7643814086914,,,0
05AD038,BATTERSEA DRAIN NEAR THE MOUTH,AB,49.87221908569336,-112.5999984741211,,,0
05AD039,LONESOME LAKE AT WATERTON PARK,AB,49.0736083984375,-113.88999938964844,3.5,3.5,0
05AD040,DRAIN L-5 NEAR DIAMOND CITY,AB,49.78889083862305,-112.85556030273438,,,0
05AD041,BELLY RIVER NEAR GLENWOOD,AB,49.35211944580078,-113.48043823242188,653.0,538.0,0
05AD042,YARROW CREEK AT SPREAD EAGLE ROAD,AB,49.23194122314453,-113.96077728271484,47.900001525878906,47.900001525878906,0
05AD901,FOOTHILLS CREEK NEAR PINCHER CREEK,AB,49.40694046020508,-113.68055725097656,134.0,,0
05AD903,COTTONWOOD CREEK NEAR TWIN BUTTE,AB,49.14305877685547,-113.84722137451172,34.20000076293945,,0
05AD904,GALWEY BROOK NEAR WATERTON PARK,AB,49.140281677246094,-113.8499984741211,20.5,,0
05AD933,UNITED IRRIGATION DISTRICT CANAL NEAR HIGHWAY NO. 800,AB,49.230560302734375,-113.625,,,0
05AD934,BELLY RIVER NEAR MOON RIVER ROAD,AB,49.72869873046875,-113.12474822998048,3580.0,3290.0,0
05AD940,PAYNE LAKE RESERVOIR NEAR MOUNTAIN VIEW,AB,49.10277938842773,-113.6361083984375,,,0
05AE002,LEE CREEK AT CARDSTON,AB,49.19971084594727,-113.29651641845705,316.0,316.0,0
05AE003,ALBERTA RAILWAY AND IRRIGATION CO. CANAL NEAR KIMBALL,AB,49.13138961791992,-113.1494369506836,,,0
05AE004,CANADIAN ST. MARY CANAL AT KIMBALL,AB,49.07527923583984,-113.2119369506836,,,0
05AE005,ROLPH CREEK NEAR KIMBALL,AB,49.1250114440918,-113.14256286621094,227.0,192.0,0
05AE006,ST. MARY RIVER NEAR LETHBRIDGE,AB,49.57345962524414,-112.84671020507812,3530.0,3310.0,0
05AE007,BOUNDARY CREEK AT HILLMER'S RANCH,AB,49.04999923706055,-113.44444274902344,60.09999847412109,60.09999847412109,0
05AE008,LEE CREEK AT LAYTON'S RANCH,AB,49.147499084472656,-113.38722229003906,230.0,230.0,0
05AE009,PINEPOUND CREEK NEAR SPRING COULEE,AB,49.33250045776367,-113.06443786621094,207.0,173.0,0
05AE010,ALBERTA RAILWAY AND IRRIGATION CO. CANAL AT SPRING COULEE,AB,49.33388900756836,-113.04499816894533,,,0
05AE011,POTHOLE CREEK NEAR MAGRATH,AB,49.37667083740234,-112.88916778564452,374.0,351.0,0
05AE012,POTHOLE CREEK NEAR MAGRATH (LOWER STATION),AB,49.44443893432617,-112.83000183105467,542.0,516.0,0
05AE014,MAGRATH IRRIGATION DISTRICT CANAL NEAR MAGRATH,AB,49.374168395996094,-112.89778137207033,,,0
05AE015,CANADIAN ST. MARY CANAL NEAR MAGRATH,AB,49.435829162597656,-112.82971954345705,,,0
05AE016,POTHOLE CREEK AT RUSSELL'S RANCH,AB,49.5655403137207,-112.82740783691406,770.0,712.0,0
05AE017,ROLPH CREEK AT VAUGHN RANCH,AB,49.00416946411133,-113.1555633544922,86.5,66.30000305175781,0
05AE020,ROLPH CREEK NEAR TAYLORVILLE,AB,49.04582977294922,-113.1138916015625,115.0,85.69999694824219,0
05AE021,MAGRATH IRRIGATION DISTRICT CANAL NEAR SPRING COULEE,AB,49.348388671875,-113.0551528930664,,,0
05AE022,RAYMOND IRRIGATION DISTRICT CANAL NEAR WELLING,AB,49.44166946411133,-112.7852783203125,,,0
05AE023,LEE CREEK NEAR BEAZER,AB,49.06388854980469,-113.51667022705078,109.0,109.0,0
05AE024,POTHOLE COULEE RESERVOIR NEAR MAGRATH,AB,49.33055877685547,-112.9000015258789,329.0,305.0,0
05AE025,ST. MARY RESERVOIR NEAR SPRING COULEE,AB,49.3630485534668,-113.11456298828124,2290.0,2170.0,0
05AE026,CANADIAN ST. MARY CANAL NEAR SPRING COULEE,AB,49.343631744384766,-113.04353332519533,,,0
05AE027,ST. MARY RIVER AT INTERNATIONAL BOUNDARY,AB,49.01205825805664,-113.299560546875,1210.0,1160.0,0
05AE028,UNITED STATES ST. MARY CANAL AT INTAKE,MT,48.85277938842773,-113.41388702392578,,,0
05AE029,ST. MARY CANAL AT ST. MARY CROSSING,MT,48.94702911376953,-113.37521362304688,,,0
05AE030,ST. MARY CANAL AT HUDSON BAY DIVIDE,MT,48.98332977294922,-113.0666732788086,,,0
05AE031,CANYON CREEK NEAR MANY GLACIER,MT,48.79167175292969,-113.62777709960938,19.700000762939453,19.700000762939453,0
05AE032,SWIFTCURRENT CREEK AT MANY GLACIER,MT,48.80278015136719,-113.6555633544922,80.5,80.5,0
05AE033,SWIFTCURRENT CREEK AT SHERBURNE,MT,48.83028030395508,-113.51638793945312,168.0,168.0,0
05AE034,"LOWER ST. MARY LAKE NEAR BABB, MONTANA",MT,48.83277893066406,-113.41722106933594,,,0
05AE035,"UPPER ST. MARY LAKE NEAR BABB, MONTANA",MT,48.74306106567383,-113.4416732788086,,,0
05AE036,LAKE SHERBURNE,MT,48.82820892333984,-113.52194213867188,166.0,166.0,0
05AE037,LEE CREEK AT BEAZER,AB,49.11249923706055,-113.48332977294922,175.0,175.0,0
05AE038,POTHOLE TURNOUT NEAR MAGRATH,AB,49.3769416809082,-112.89778137207033,,,0
05AE039,TOUGH CREEK NEAR BEAZER,AB,49.06666946411133,-113.53333282470705,38.59999847412109,38.59999847412109,0
05AE040,LEE CREEK (EAST BRANCH) NEAR BEAZER,AB,49.01388931274414,-113.53888702392578,37.79999923706055,37.79999923706055,0
05AE041,DRY COULEE NEAR MAGRATH,AB,49.494171142578125,-112.93000030517578,54.900001525878906,,0
05AE042,NINE MILE COULEE NEAR LETHBRIDGE,AB,49.55332946777344,-112.77916717529295,157.0,,0
05AE043,ST. MARY RIVER AT HIGHWAY NO. 501,AB,49.09183883666992,-113.22088623046876,1320.0,1250.0,0
05AE904,LEE CREEK BELOW CONFLUENCE OF EAST FORK,AB,49.025001525878906,-113.54167175292967,93.8000030517578,,0
05AE912,AETNA CREEK AT HIGHWAY NO. 501,AB,49.133331298828125,-113.25,32.599998474121094,,0
05AF004,ETZIKOM COULEE NEAR STIRLING,AB,49.533329010009766,-112.5,,,0
05AF006,ETZIKOM COULEE NEAR GODDARD,AB,49.36167144775391,-111.86943817138672,2580.0,,0
05AF007,KETCHUM CREEK NEAR ORION,AB,49.33332824707031,-110.83332824707033,184.0,171.0,0
05AF008,IRRIGATION CREEK NEAR ORION,AB,49.42221832275391,-110.8388900756836,202.0,202.0,0
05AF009,CANAL CREEK NEAR MANYBERRIES,AB,49.230560302734375,-110.75,179.0,171.0,0
05AF010,MANYBERRIES CREEK AT BRODIN'S FARM,AB,49.35832977294922,-110.7249984741211,338.0,335.20001220703125,0
05AF011,ERICKSON COULEE AT E.C. BENNETT'S FARM,AB,49.36167144775391,-110.86943817138672,362.0,362.0,0
05AF015,PAKOWKI LAKE NEAR YOUNG'S RANCH,AB,49.39167022705078,-111.01667022705078,5320.0,,0
05AF020,PAKOWKI LAKE NEAR ETZIKOM,AB,49.36666870117188,-111.03333282470705,5320.0,,0
05AF021,COAL CREEK NEAR ORION,AB,49.26250076293945,-110.852783203125,130.0,124.0,0
05AF022,GRAYBACK COULEE NEAR ORION,AB,49.230560302734375,-110.87222290039062,76.69999694824219,70.69999694824219,0
05AF024,RAYMOND COULEE NEAR RAYMOND,AB,49.417781829833984,-112.67138671875,,,0
05AF026,TYRRELL LAKE NEAR WARNER,AB,49.383331298828125,-112.25,645.0,,0
05AF027,ETZIKOM COULEE NEAR NEMISCAM,AB,49.44166946411133,-111.2602767944336,3040.0,,0
05AF028,CANADIAN ST. MARY CANAL AT DROP NO. 1,AB,49.43471908569336,-112.69805908203124,,,0
05AF029,STIRLING LAKE OUTFLOW NEAR STIRLING,AB,49.53076934814453,-112.5105972290039,411.2000122070313,384.2000122070313,0
05AF030,MILK RIVER RIDGE RESERVOIR,AB,49.381290435791016,-112.59024810791016,181.0,181.0,0
05AF031,RUSH LAKE DRAIN NEAR NEW DAYTON,AB,49.4321517944336,-112.17916870117188,699.7000122070312,487.6000061035156,0
05AF032,CANADIAN ST. MARY CANAL ABOVE RAYMOND CHUTE,AB,49.40499877929688,-112.6186065673828,,,0
05AF034,MANYBERRIES CREEK AT HIGHWAY NO. 889,AB,49.3936882019043,-110.6784896850586,364.0,,0
05AF903,TYRRELL LAKE NEAR WARNER,AB,49.400001525878906,-112.30972290039062,,,0
05AF905,ETZIKOM COULEE NEAR NEMISKAM,AB,49.44443893432617,-111.26667022705078,3042.300048828125,1330.0,0
05AG001,TABER IRRIGATION DISTRICT CANAL NEAR CHIN,AB,49.77917098999024,-112.45555877685548,,,0
05AG002,NEW WEST IRRIGATION DISTRICT CANAL NEAR VAUXHALL,AB,50.13417053222656,-112.18639373779295,,,0
05AG003,EXPANSE COULEE NEAR THE MOUTH,AB,49.98870849609375,-112.08223724365234,1880.0,86.9000015258789,0
05AG004,BOW RIVER DEVELOPMENT DRAIN A NEAR HAYS,AB,49.9888916015625,-111.7249984741211,,,0
05AG005,BOW RIVER DEVELOPMENT DRAIN T NEAR HAYS,AB,49.91667175292969,-111.727783203125,,,0
05AG006,OLDMAN RIVER NEAR THE MOUTH,AB,49.91889190673828,-111.8000030517578,27500.0,20900.0,0
05AG007,LATERAL 10 SPILLWAY NEAR CHIN,AB,49.84389114379883,-112.429443359375,,,0
05AG008,BOUNTIFUL COULEE NEAR CRANFORD,AB,49.78694152832031,-112.3375015258789,813.2000122070312,621.5,0
05AG009,CHIN RESERVOIR OUTFLOW TO BOUNTIFUL COULEE,AB,49.77777862548828,-112.45832824707033,,,0
05AG011,CAMERON LATERAL SPILL TO CHIN RESERVOIR,AB,49.775001525878906,-112.46111297607422,,,0
05AG012,TABER IRRIGATION DISTRICT CANAL NEAR CRANFORD,AB,49.74583053588867,-112.35417175292967,,,0
05AG013,READYMADE MAIN INFLOW CANAL,AB,49.66167068481445,-112.44277954101562,,,0
05AG015,READYMADE MINI INFLOW B,AB,49.68999862670898,-112.44416809082033,,,0
05AG016,READYMADE DRAIN A,AB,49.70943832397461,-112.43721771240234,,,0
05AG017,READYMADE DRAIN B,AB,49.70500183105469,-112.42832946777344,,,0
05AG022,READYMADE DRAIN G,AB,49.69110870361328,-112.39305877685548,,,0
05AG023,DRAIN T-2 NEAR TABER,AB,49.80833053588867,-112.17916870117188,,,0
05AG024,NATURAL FLOW D NEAR CHIN,AB,49.85277938842773,-112.44444274902344,5.199999809265137,5.199999809265137,0
05AG025,DRAIN T-11 NEAR FINCASTLE,AB,49.88056182861328,-112.01361083984376,,,0
05AG026,BOUNTIFUL COULEE INFLOW NEAR CRANFORD,AB,49.78561019897461,-112.31609344482422,43.20000076293945,18.799999237060547,0
05AG027,DRAIN T-1 NEAR TABER,AB,49.80278015136719,-112.23110961914062,,,0
05AH001,BOXELDER CREEK NEAR WALSH,SK,49.96178817749024,-109.98937225341795,321.0,296.0,0
05AH002,MACKAY CREEK AT WALSH,AB,49.94091033935547,-110.0472183227539,437.0,428.0,0
05AH003,ROSS CREEK NEAR IRVINE,AB,49.97417068481445,-110.36666870117188,647.0,634.0,0
05AH005,SEVEN PERSONS CREEK AT MEDICINE HAT,AB,50.02365112304688,-110.68350982666016,3280.0,1760.0,0
05AH006,MACKAY CREEK AT GRANT'S RANCH,AB,49.86943817138672,-110.01943969726562,247.0,246.0,0
05AH007,MCALPINE CREEK AT SCHNELL'S RANCH,AB,49.85832977294922,-110.06111145019533,124.0,124.0,0
05AH009,GROS VENTRE CREEK AT TOTHILL'S RANCH,AB,49.75556182861328,-110.4638900756836,93.1999969482422,93.1999969482422,0
05AH010,BULLSHEAD CREEK AT CLARK'S RANCH,AB,49.73611068725586,-110.602783203125,205.0,205.0,0
05AH011,STARK AND BURTON'S DITCH NEAR MEDICINE HAT,AB,49.900001525878906,-110.63333129882812,,,0
05AH012,BULLSHEAD CREEK AT BURTON'S RANCH,AB,49.92499923706055,-110.65277862548828,411.0,406.0,0
05AH013,BULLSHEAD CREEK NEAR WOOLCHESTER,AB,49.875,-110.63333129882812,315.0,315.0,0
05AH025,ELKWATER LAKE AT ELKWATER,AB,49.66197967529297,-110.2890167236328,28.799999237060547,28.799999237060547,0
05AH032,ROSS CREEK NEAR PASHLEY,AB,49.984169006347656,-110.4694366455078,795.0,734.0,0
05AH033,SEVEN PERSONS CREEK NEAR SEVEN PERSONS,AB,49.83332824707031,-110.9000015258789,2550.0,1171.0,0
05AH036,ROSS CREEK AT KOENIG'S RANCH,AB,49.7763900756836,-110.2861099243164,89.0999984741211,89.0999984741211,0
05AH037,GROS VENTRE CREEK NEAR DUNMORE,AB,49.88777923583984,-110.50711059570312,215.0,206.0,0
05AH038,PARADISE CREEK NEAR SEVEN PERSONS,AB,49.83332824707031,-110.8499984741211,224.0,224.0,0
05AH039,SEVEN PERSONS CREEK NEAR WHITLA,AB,49.76667022705078,-111.0500030517578,2280.0,922.0,0
05AH040,MACKAY CREEK NEAR WALSH,AB,49.96667098999024,-110.0500030517578,665.0,652.0,0
05AH041,PEIGAN CREEK NEAR PAKOWKI ROAD,AB,49.58050155639648,-110.9437026977539,439.0,425.0,1
05AH042,MACKAY CREEK NEAR GRABURN GAP,AB,49.74111175537109,-110.0425033569336,75.0999984741211,75.0999984741211,0
05AH043,EAST MCALPINE CREEK NEAR ELKWATER LAKE,AB,49.79457092285156,-110.1865463256836,19.799999237060547,19.799999237060547,0
05AH044,CAVAN LAKE DIVERSION NEAR DUNMORE,AB,49.89691925048828,-110.48235321044922,,,0
05AH045,ROSS CREEK DIVERSION CANAL NEAR IRVINE,AB,49.95417022705078,-110.33999633789062,,,0
05AH046,ROSS CREEK AT OUTLET OF ELKWATER LAKE,AB,49.67832946777344,-110.29499816894533,29.0,29.0,0
05AH047,SAM LAKE TRIBUTARY NEAR SCHULER,AB,50.16347885131836,-110.2575912475586,82.30000305175781,82.30000305175781,0
05AH048,CAVAN LAKE NEAR DUNMORE,AB,49.94392013549805,-110.40067291259766,11.5,11.5,0
05AH049,ROSS CREEK AT MEDICINE HAT,AB,50.02972030639648,-110.64083099365234,1490.0,1360.0,0
05AH050,BOXELDER CREEK AT HARGRAVE'S RANCH,SK,50.01197814941406,-109.98700714111328,1050.0,1000.0,0
05AH052,ROSS CREEK AT HIGHWAY NO. 41,AB,50.00556945800781,-110.5329132080078,808.0,724.0,0
05AH053,BULLSHEAD CREEK AT BLACK AND WHITE TRAIL,AB,49.91598892211914,-110.64836120605467,348.0,329.0,0
05AH054,CYPRESS VIEW RESERVOIR NEAR ELKWATER,AB,49.80078125,-110.1288604736328,12.0,12.0,0
05AH055,MCALPINE CREEK RESERVOIR NEAR ELKWATER,AB,49.7087516784668,-110.16249084472656,2.299999952316284,2.299999952316284,0
05AH056,MACKAY CREEK RESERVOIR NEAR ELKWATER,AB,49.71533966064453,-110.12848663330078,0.800000011920929,0.800000011920929,0
05AH057,BULLSHEAD RESERVOIR NEAR ELKWATER,AB,49.67757034301758,-110.51437377929688,84.80000305175781,75.19999694824219,0
05AH058,SPRUCE COULEE RESERVOIR NEAR ELKWATER,AB,49.679290771484375,-110.18287658691406,6.599999904632568,6.599999904632568,0
05AJ001,SOUTH SASKATCHEWAN RIVER AT MEDICINE HAT,AB,50.042091369628906,-110.67754364013672,56400.0,41400.0,0
05AJ002,DRAIN S-4 NEAR GRASSY LAKE,AB,49.8980598449707,-111.66667175292967,,,0
05AJ003,DRAIN S-10 NEAR BOW ISLAND,AB,49.92778015136719,-111.41388702392578,,,0
05AJ004,DRAIN S-6 NEAR BOW ISLAND,AB,49.90250015258789,-111.47666931152344,,,0
05AK001,SOUTH SASKATCHEWAN RIVER AT HIGHWAY NO. 41,AB,50.73749923706055,-110.09583282470705,66000.0,46700.0,0
05BA001,BOW RIVER AT LAKE LOUISE,AB,51.4286003112793,-116.1889419555664,422.0,422.0,0
05BA002,PIPESTONE RIVER NEAR LAKE LOUISE,AB,51.43310928344727,-116.1749496459961,306.0,306.0,0
05BA003,BATH CREEK NEAR LAKE LOUISE,AB,51.44028091430664,-116.20832824707033,67.5999984741211,67.5999984741211,0
05BA004,LOUISE CREEK NEAR LAKE LOUISE,AB,51.41556167602539,-116.209716796875,25.100000381469727,25.100000381469727,0
05BA005,BOW RIVER ABOVE BATH CREEK,AB,51.44166946411133,-116.21056365966795,348.0,348.0,0
05BA006,JOHNSTON CREEK NEAR THE MOUTH,AB,51.24443817138672,-115.84166717529295,124.0,124.0,0
05BA007,BAKER CREEK NEAR THE MOUTH,AB,51.34722137451172,-116.06806182861328,124.0,124.0,0
05BA008,BOW RIVER BELOW HECTOR LAKE,AB,51.54167175292969,-116.29444122314452,280.0,280.0,0
05BA009,BOW GLACIER OUTFLOW,AB,51.667781829833984,-116.48332977294922,24.899999618530277,24.899999618530277,0
05BA010,BOW RIVER ABOVE HECTOR LAKE,AB,51.57722091674805,-116.3222198486328,192.0,192.0,0
05BA011,BALFOUR CREEK NEAR THE MOUTH,AB,51.59444046020508,-116.40277862548828,38.59999847412109,38.59999847412109,0
05BB001,BOW RIVER AT BANFF,AB,51.1722297668457,-115.57176971435548,2210.0,2210.0,1
05BB003,FORTY MILE CREEK NEAR BANFF,AB,51.206668853759766,-115.584716796875,133.0,133.0,0
05BB004,BREWSTER CREEK NEAR BANFF,AB,51.098609924316406,-115.665283203125,109.0,109.0,0
05BB005,REDEARTH CREEK NEAR THE MOUTH,AB,51.2227783203125,-115.81111145019533,147.0,147.0,0
05BC001,SPRAY RIVER AT BANFF,AB,51.1601791381836,-115.5544662475586,751.0,751.0,0
05BC002,SPRAY RIVER NEAR SPRAY LAKES,AB,50.883331298828125,-115.36666870117188,360.0,360.0,0
05BC003,SPRAY CREEK AT SPRAY LAKES,AB,50.883331298828125,-115.36666870117188,117.0,117.0,0
05BC004,SPRAY LAKE AT SPRAY LAKES,AB,50.883331298828125,-115.36666870117188,,,0
05BC005,SPRAY RIVER AT CANYON NEAR SPRAY LAKES,AB,50.883331298828125,-115.36666870117188,487.0,,0
05BC006,SPRAY RESERVOIR AT THREE SISTERS DAM,AB,50.98332977294922,-115.36666870117188,,,0
05BC007,SPRAY RESERVOIR SPILLWAY NEAR CANYON DAM,AB,50.890281677246094,-115.3791732788086,,,0
05BC008,GOAT CREEK AT BANFF PARK BOUNDARY,AB,51.05833053588867,-115.43055725097656,40.900001525878906,40.900001525878906,0
05BD001,DEVIL'S CREEK NEAR BANKHEAD,AB,51.25,-115.48332977294922,,,0
05BD002,CASCADE RIVER NEAR BANFF,AB,51.22777938842773,-115.51667022705078,664.0,664.0,0
05BD003,LAKE MINNEWANKA NEAR BANFF,AB,51.23611068725586,-115.4861068725586,647.0,647.0,0
05BD004,CASCADE POWER DIVERSION NEAR BANFF,AB,51.19916915893555,-115.5022201538086,,,0
05BD005,CASCADE RIVER ABOVE LAKE MINNEWANKA,AB,51.28749847412109,-115.53333282470705,454.0,454.0,0
05BE001,BOW RIVER NEAR MORLEY,AB,51.17221832275391,-114.8499984741211,5380.0,5380.0,0
05BE003,BOW RIVER NEAR KANANASKIS,AB,51.0888900756836,-115.0888900756836,4160.0,4160.0,0
05BE004,BOW RIVER NEAR SEEBE,AB,51.11943817138672,-115.03333282470705,5170.0,5170.0,0
05BE005,GHOST LAKE NEAR COCHRANE,AB,51.21667098999024,-114.71666717529295,6480.0,6480.0,0
05BE006,BOW RIVER BELOW GHOST DAM,AB,51.2138900756836,-114.6111068725586,6550.0,6550.0,0
05BE007,SPRAY POWER DIVERSION AT CANMORE,AB,51.0888900756836,-115.37361145019533,,,0
05BE008,BOW RIVER AT CANMORE,AB,51.084720611572266,-115.36416625976562,3840.0,3840.0,0
05BE009,POLICEMAN CREEK AT CANMORE,AB,51.08332824707031,-115.36666870117188,,,0
05BE999,GHOST TAILRACE,AB,51.22499847412109,-114.70832824707033,,,0
05BF001,KANANASKIS RIVER NEAR SEEBE,AB,51.04721832275391,-115.02777862548828,933.0,933.0,0
05BF002,KANANASKIS RIVER ABOVE LOWER LAKE,AB,50.62221908569336,-115.125,151.0,151.0,0
05BF003,KANANASKIS RIVER ABOVE POCATERRA CREEK,AB,50.70000076293945,-115.11805725097656,362.0,362.0,0
05BF004,POCATERRA CREEK NEAR MOUTH,AB,50.69499969482422,-115.1138916015625,63.70000076293945,63.70000076293945,0
05BF005,UPPER KANANASKIS LAKE,AB,50.61666870117188,-115.11666870117188,151.0,151.0,0
05BF008,SMITH-DORRIEN CREEK NEAR MOUTH,AB,50.685279846191406,-115.14639282226562,131.0,131.0,0
05BF009,LOWER KANANASKIS LAKE,AB,50.68888854980469,-115.125,359.0,359.0,0
05BF010,KANANASKIS RIVER AT OUTLET OF LOWER LAKE,AB,50.67499923706055,-115.1361083984375,208.0,208.0,0
05BF011,BOULTON CREEK NEAR MOUTH,AB,50.633331298828125,-115.125,28.200000762939453,28.200000762939453,0
05BF013,MUD LAKE DIVERSION CANAL,AB,50.79167175292969,-115.3000030517578,29.0,29.0,0
05BF015,MARMOT CREEK NEAR THE MOUTH,AB,50.94721984863281,-115.14167022705078,11.899999618530272,11.899999618530272,0
05BF016,MARMOT CREEK MAIN STEM NEAR SEEBE,AB,50.95053863525391,-115.15289306640624,9.100000381469728,9.100000381469728,0
05BF017,MIDDLE FORK CREEK NEAR SEEBE,AB,50.95943832397461,-115.17111206054688,2.8499999046325684,2.8499999046325684,0
05BF018,TWIN CREEK NEAR SEEBE,AB,50.959171295166016,-115.17194366455078,2.640000104904175,2.640000104904175,0
05BF019,CABIN CREEK NEAR SEEBE,AB,50.959171295166016,-115.16667175292967,2.119999885559082,2.119999885559082,0
05BF020,MIDDLE FORK CREEK IN CIRQUE NEAR SEEBE,AB,50.95832824707031,-115.19889068603516,1.1699999570846558,1.1699999570846558,0
05BF021,KANANASKIS RIVER IN CANAL BELOW UPPER DAM SITE,AB,50.61544036865234,-115.12059783935548,151.0,151.0,0
05BF022,KANANASKIS RIVER AT CANYON ABOVE LOWER FALLS,AB,50.70000076293945,-115.13333129882812,367.0,367.0,0
05BF024,BARRIER LAKE NEAR SEEBE,AB,51.03305816650391,-115.04138946533205,895.0,895.0,0
05BF025,KANANASKIS RIVER BELOW BARRIER DAM,AB,51.04167175292969,-115.0319366455078,899.0,899.0,0
05BG001,GHOST RIVER NEAR COCHRANE,AB,51.2611083984375,-114.7638931274414,911.0,911.0,0
05BG002,GHOST RIVER NEAR BLACK ROCK MOUNTAIN,AB,51.29999923706055,-115.1833267211914,211.0,211.0,0
05BG003,GHOST RIVER DIVERSION TO LAKE MINNEWANKA,AB,51.283329010009766,-115.16667175292967,,,0
05BG004,GHOST RIVER DIVERSION CANAL NEAR BLACK ROCK MOUNTAIN,AB,51.29999923706055,-115.1833267211914,,,0
05BG005,GHOST RIVER OVERFLOW NEAR BLACK ROCK MOUNTAIN,AB,51.29999923706055,-115.1833267211914,,,0
05BG006,WAIPAROUS CREEK NEAR THE MOUTH,AB,51.28281021118164,-114.83840942382812,333.0,333.0,0
05BG009,WAIPAROUS CREEK BELOW MEADOW CREEK,AB,51.36777877807617,-114.99082946777344,230.0,230.0,0
05BG010,GHOST RIVER ABOVE WAIPAROUS CREEK,AB,51.2700309753418,-114.92552947998048,485.0,485.0,0
05BH002,BOW RIVER AT CUSHING BRIDGE NEAR CALGARY,AB,51.033329010009766,-114.01667022705078,10100.0,9880.0,0
05BH003,NOSE CREEK AT CALGARY,AB,51.12221908569336,-114.04582977294922,893.0,746.0,0
05BH004,BOW RIVER AT CALGARY,AB,51.050270080566406,-114.05146026611328,7870.0,7740.0,0
05BH005,BOW RIVER NEAR COCHRANE,AB,51.17374038696289,-114.4664306640625,7410.0,7380.0,0
05BH006,JUMPINGPOUND CREEK NEAR JUMPING POUND,AB,51.06888961791992,-114.54638671875,455.0,455.0,0
05BH008,BOW RIVER BELOW BEARSPAW DAM,AB,51.09944152832031,-114.22528076171876,7770.0,7730.0,0
05BH009,JUMPINGPOUND CREEK NEAR THE MOUTH,AB,51.154441833496094,-114.52832794189452,571.0,571.0,0
05BH011,JUMPINGPOUND CREEK AT BATEMAN'S RANCH,AB,51.02278137207031,-114.61638641357422,240.0,240.0,0
05BH013,JUMPINGPOUND CREEK NEAR COX HILL,AB,51.0023307800293,-114.93814086914062,36.900001525878906,36.900001525878906,0
05BH014,NOSE CREEK ABOVE AIRDRIE,AB,51.31190872192383,-114.027587890625,247.0,178.0,0
05BH015,JUMPINGPOUND CREEK AT TOWNSHIP ROAD NO. 252,AB,51.12831115722656,-114.56749725341795,474.0,474.0,0
05BH016,WEST NOSE CREEK AT CALGARY,AB,51.19012069702149,-114.14122772216795,275.0,166.0,0
05BH901,NOSE CREEK NEAR THE MOUTH,AB,51.04999923706055,-114.01667022705078,986.0,,0
05BH904,BEDDINGTON CREEK NEAR CALGARY,AB,51.20832824707031,-114.1611099243164,247.0,,0
05BJ001,ELBOW RIVER BELOW GLENMORE DAM,AB,51.01279067993164,-114.09320068359376,1240.0,1240.0,0
05BJ003,ELBOW RIVER AT FULLERTON'S RANCH,AB,50.94527816772461,-114.57666778564452,742.0,742.0,0
05BJ004,ELBOW RIVER AT BRAGG CREEK,AB,50.948509216308594,-114.56986236572266,791.0,791.0,0
05BJ005,ELBOW RIVER ABOVE GLENMORE DAM,AB,51.0,-114.0999984741211,1220.0,1220.0,0
05BJ006,ELBOW RIVER ABOVE ELBOW FALLS,AB,50.855560302734375,-114.79360961914062,437.0,437.0,0
05BJ008,GLENMORE RESERVOIR AT CALGARY,AB,51.00056076049805,-114.09750366210938,1220.0,1220.0,0
05BJ009,LITTLE ELBOW RIVER ABOVE NIHAHI CREEK,AB,50.79499816894531,-114.91667175292967,129.0,129.0,0
05BJ010,ELBOW RIVER AT SARCEE BRIDGE,AB,50.993499755859375,-114.16989135742188,1190.0,1190.0,0
05BJ011,ELBOW RIVER AT CLEM GARDINER BRIDGE,AB,51.04167175292969,-114.46666717529295,871.0,871.0,0
05BK001,FISH CREEK NEAR PRIDDIS,AB,50.88547134399414,-114.32684326171876,261.0,261.0,0
05BK002,FISH CREEK NEAR MIDNAPORE,AB,50.92943954467773,-114.06527709960938,428.0,428.0,0
05BK003,FISH CREEK AT BOW BOTTOM TRAIL,AB,50.90694046020508,-114.01555633544922,442.0,437.0,0
05BL003,HIGHWOOD RIVER AT HIGH RIVER,AB,50.58332824707031,-113.87222290039062,1980.0,1980.0,0
05BL004,HIGHWOOD RIVER BELOW LITTLE BOW CANAL,AB,50.58562850952149,-113.8693618774414,1950.0,1950.0,0
05BL006,PEKISKO CREEK AT PEKISKO,AB,50.42778015136719,-114.2249984741211,203.0,203.0,0
05BL007,STIMSON CREEK NEAR PEKISKO,AB,50.43056106567383,-114.16516876220705,236.0,236.0,0
05BL008,HIGHWOOD RIVER AT BROWN'S RANCH,AB,50.52888870239258,-114.23722076416016,1200.0,1200.0,0
05BL009,HIGHWOOD RIVER NEAR ALDERSYDE,AB,50.699440002441406,-113.85639190673828,2311.39990234375,2311.39990234375,0
05BL012,SHEEP RIVER AT OKOTOKS,AB,50.7238883972168,-113.97347259521484,1490.0,1490.0,0
05BL013,THREEPOINT CREEK NEAR MILLARVILLE,AB,50.7711296081543,-114.27873992919922,507.0,507.0,0
05BL014,SHEEP RIVER AT BLACK DIAMOND,AB,50.68854904174805,-114.24491119384766,592.0,592.0,0
05BL015,LITTLE BOW CANAL AT HIGH RIVER,AB,50.583099365234375,-113.86994934082033,,,0
05BL016,TONGUEFLAG CREEK NEAR HIGH RIVER,AB,50.61832809448242,-113.88861083984376,268.3999938964844,268.3999938964844,0
05BL017,HIGHWOOD RIVER DIVERSION CANAL,AB,50.53971862792969,-113.96888732910156,,,0
05BL018,SHEEP RIVER AT BUCK RANCH,AB,50.62221908569336,-114.4277801513672,454.0,454.0,0
05BL019,HIGHWOOD RIVER AT DIEBEL'S RANCH,AB,50.405059814453125,-114.50071716308594,774.0,774.0,0
05BL020,SHEEP RIVER NEAR ALDERSYDE,AB,50.712501525878906,-113.88056182861328,1565.300048828125,1560.699951171875,0
05BL021,HIGHWOOD RIVER BELOW PICKLEJAR CREEK,AB,50.49861145019531,-114.81722259521484,132.0,132.0,0
05BL022,CATARACT CREEK NEAR FORESTRY ROAD,AB,50.28525924682617,-114.58870697021484,166.0,166.0,1
05BL023,PEKISKO CREEK NEAR LONGVIEW,AB,50.47409057617188,-114.2072982788086,232.0,232.0,1
05BL024,HIGHWOOD RIVER NEAR THE MOUTH,AB,50.782501220703125,-113.82266998291016,3950.0,3940.0,0
05BL025,HIGHWOOD DIVERSION CANAL NEAR HEADGATES,AB,50.55213165283203,-113.98988342285156,,,0
05BL027,TRAP CREEK NEAR LONGVIEW,AB,50.47761154174805,-114.42236328125,137.0,137.0,0
05BM002,BOW RIVER BELOW CARSELAND DAM,AB,50.82281875610352,-113.44483184814452,15700.0,14700.0,0
05BM003,WESTERN IRRIGATION DISTRICT CANAL NEAR CHESTERMERE LAKE,AB,51.01667022705078,-113.84166717529295,,,0
05BM004,BOW RIVER BELOW BASSANO DAM,AB,50.75017929077149,-112.54225158691406,20300.0,17800.0,0
05BM005,HAMMER HILL SPILLWAY NEAR GLEICHEN,AB,50.855560302734375,-113.13333129882812,,,0
05BM006,CANADA LAND AND IRRIGATION CO. CANAL NEAR INTAKE,AB,50.81666946411133,-113.4416732788086,,,0
05BM007,PARFLESH CREEK NEAR CHANCELLOR,AB,50.99449157714844,-112.8420867919922,129.0,110.0,0
05BM008,CROWFOOT CREEK NEAR CLUNY,AB,50.83462142944336,-112.76304626464844,1370.0,950.0,0
05BM009,TWELVE MILE COULEE SPILLWAY NEAR CARSELAND,AB,50.84056091308594,-113.57389068603516,,,0
05BM010,CAIRN HILL SPILLWAY NEAR STRANGMUIR,AB,50.908329010009766,-113.40833282470705,,,0
05BM011,HAMMER HILL SPILLWAY NEAR STOBART,AB,50.900001525878906,-113.1500015258789,,,0
05BM012,CAIRN HILL SPILLWAY NEAR THE MOUTH,AB,50.85832977294922,-113.35138702392578,,,0
05BM013,CLUNY SPILLWAY NEAR CLUNY,AB,50.81528091430664,-112.90499877929688,179.0,,0
05BM014,WEST ARROWWOOD CREEK NEAR ARROWWOOD,AB,50.764041900634766,-113.23631286621094,777.0,664.0,1
05BM015,WESTERN IRRIGATION DISTRICT CANAL NEAR HEADGATES,AB,51.04423141479492,-114.00935363769533,,,0
05BM016,"WESTERN IRRIGATION DISTRICT CANAL ""A"" NEAR HEADGATE",AB,51.00944137573242,-113.7925033569336,,,0
05BM017,"WESTERN IRRIGATION DISTRICT CANAL ""B"" NEAR HEADGATE",AB,51.0613899230957,-113.81722259521484,,,0
05BM018,WEST ARROWWOOD CREEK NEAR ENSIGN,AB,50.513771057128906,-113.3443603515625,29.5,29.5,0
05BM020,EASTERN IRRIGATION DISTRICT MAIN BRANCH CANAL NEAR HEADGATE,AB,50.74583053588867,-112.51667022705078,,,0
05BM021,BOW RIVER DEVELOPMENT MAIN CANAL BELOW HEADGATES,AB,50.825958251953125,-113.4312973022461,,,0
05BM904,CHESTERMERE LAKE AT SOUTH OUTLET,AB,51.01778030395508,-113.81832885742188,,,0
05BN001,EASTERN IRRIGATION DISTRICT MAIN BANTRY CANAL ABOVE AQUEDUCT,AB,50.5263900756836,-111.87027740478516,,,0
05BN002,TWELVE MILE CREEK NEAR CECIL,AB,50.14937973022461,-111.6654281616211,2800.0,124.0,0
05BN003,EASTERN IRRIGATION DISTRICT WEST BANTRY CANAL NEAR HEADGATE,AB,50.53472137451172,-111.81944274902344,,,0
05BN004,EASTERN IRRIGATION DISTRICT ROLLING HILLS CANAL NEAR HEADGATE,AB,50.37361145019531,-111.88056182861328,,,0
05BN005,EASTERN IRRIGATION DISTRICT BOW SLOPE CANAL NEAR HEADGATE,AB,50.50278091430664,-112.147216796875,,,0
05BN006,NEW WEST COULEE NEAR THE MOUTH,AB,50.21664810180664,-112.10494995117188,318.0,102.0,0
05BN007,RONALANE WASTEWAY NEAR HAYS,AB,50.04444122314453,-111.58332824707033,,,0
05BN008,BOW RIVER DEVELOPMENT DRAIN D NEAR VAUXHALL,AB,50.19540023803711,-112.0475616455078,,,0
05BN009,BOW RIVER DEVELOPMENT DRAIN K NEAR VAUXHALL,AB,50.29027938842773,-112.1811065673828,,,0
05BN010,ANTELOPE COULEE SPILLWAY,AB,50.45555877685547,-112.1611099243164,,,0
05BN011,EASTERN IRRIGATION DISTRICT EAST BRANCH CANAL ABOVE ANTELOPE CROSSING,AB,50.533329010009766,-112.18055725097656,,,0
05BN012,BOW RIVER NEAR THE MOUTH,AB,50.04727935791016,-111.5909194946289,25300.0,19200.0,0
05BN013,EASTERN IRRIGATION DISTRICT EAST BRANCH CANAL BELOW BOW SLOPE CANAL,AB,50.51361083984375,-112.14250183105467,,,0
05BN014,COAL CREEK AT BOW CITY,AB,50.43056106567383,-112.227783203125,86.80000305175781,67.5999984741211,0
05BN015,ROLLING HILLS CANAL NO. 1 SPILL,AB,50.16667175292969,-111.8166732788086,,,0
05BN016,WEST SAUKI DRAIN NEAR ROLLING HILLS,AB,50.22249984741211,-112.0088882446289,,,0
05BN017,ONETREE CREEK SPILLWAY NEAR AQUEDUCT,AB,50.5283317565918,-111.8686065673828,,,0
05BN019,ROLLING HILLS CANAL NO. 2 SPILL,AB,50.14971923828125,-111.68444061279295,,,0
05BN023,BOW RIVER DEVELOPMENT DRAIN E NEAR VAUXHALL,AB,50.19527816772461,-112.0883331298828,,,0
05BN024,NATURAL FLOW C NEAR BOW CITY,AB,50.37778091430664,-112.24443817138672,3.240000009536743,3.240000009536743,0
05CA001,RED DEER RIVER NEAR SUNDRE,AB,51.70000076293945,-114.85556030273438,2490.0,2490.0,0
05CA002,JAMES RIVER NEAR SUNDRE,AB,51.92483139038086,-114.66619110107422,821.0,821.0,0
05CA003,DEER CREEK (MAIN STEM) NEAR SUNDRE,AB,51.65694046020508,-115.13333129882812,5.440000057220459,5.440000057220459,0
05CA004,RED DEER RIVER ABOVE PANTHER RIVER,AB,51.6605110168457,-115.41056060791016,941.0,941.0,0
05CA008,RED DEER RIVER AT FORESTRY ROAD,AB,51.65666961669922,-115.26943969726562,1660.0,1660.0,0
05CA009,RED DEER RIVER BELOW BURNT TIMBER CREEK,AB,51.6462516784668,-115.01924896240234,2250.0,2250.0,1
05CA010,RED DEER RIVER AT SUNDRE,AB,51.79582977294922,-114.6347198486328,3460.0,3460.0,0
05CA011,BEARBERRY CREEK NEAR SUNDRE,AB,51.80207824707031,-114.66314697265624,238.0,238.0,0
05CA012,FALLENTIMBER CREEK NEAR SUNDRE,AB,51.73670959472656,-114.65450286865234,489.0,489.0,0
05CB001,LITTLE RED DEER RIVER NEAR THE MOUTH,AB,52.02824020385742,-114.14028930664062,2580.0,2440.0,0
05CB002,LITTLE RED DEER RIVER NEAR WATER VALLEY,AB,51.51147079467773,-114.67096710205078,451.0,451.0,0
05CB004,RAVEN RIVER NEAR RAVEN,AB,52.08927917480469,-114.47747802734376,645.0,634.0,0
05CB005,BEAVERDAM CREEK NEAR COCHRANE,AB,51.36249923706055,-114.43888854980467,45.29999923706055,45.29999923706055,0
05CB006,GLENIFFER RESERVOIR NEAR DICKSON,AB,52.04644012451172,-114.22881317138672,5590.0,5550.0,0
05CB007,DICKSON DAM TUNNEL OUTLET,AB,52.058349609375,-114.21858215332033,5590.0,5550.0,0
05CC001,BLINDMAN RIVER NEAR BLACKFALDS,AB,52.35699844360352,-113.79499816894533,1800.0,1460.0,0
05CC002,RED DEER RIVER AT RED DEER,AB,52.2705307006836,-113.82311248779295,11600.0,11100.0,0
05CC003,SYLVAN LAKE AT SYLVAN LAKE,AB,52.311370849609375,-114.1033172607422,151.0,139.0,0
05CC004,SYLVAN CREEK NEAR SYLVAN LAKE,AB,52.31666946411133,-114.0666732788086,153.0,140.0,0
05CC006,GULL LAKE AT RV HEAVEN MARINA,AB,52.610801696777344,-114.0554428100586,302.0,271.0,0
05CC007,MEDICINE RIVER NEAR ECKVILLE,AB,52.31956100463867,-114.34416961669922,1920.0,1860.0,0
05CC008,BLINDMAN RIVER NEAR BLUFFTON,AB,52.75630187988281,-114.28556060791016,353.0,353.0,0
05CC009,LLOYD CREEK NEAR BLUFFTON,AB,52.740379333496094,-114.14684295654295,239.0,239.0,0
05CC010,BLOCK CREEK NEAR LEEDALE,AB,52.57373809814453,-114.57766723632812,56.79999923706055,56.79999923706055,1
05CC011,WASKASOO CREEK AT RED DEER,AB,52.26848983764648,-113.7998504638672,487.0,250.0,0
05CC012,TINDASTOLL CREEK NEAR MARKERVILLE,AB,52.11444091796875,-114.11943817138672,142.0,138.0,0
05CC013,LASTHILL CREEK NEAR ECKVILLE,AB,52.36177062988281,-114.45773315429688,802.0,769.0,0
05CC901,CYGNET LAKE NEAR SYLVAN LAKE,AB,52.272220611572266,-113.9694366455078,227.0,,0
05CD001,UPPER CHAIN LAKE OUTLET NEAR PONOKA,AB,52.59999847412109,-113.46666717529295,76.9000015258789,49.5,0
05CD003,UPPER CHAIN LAKE NEAR PONOKA,AB,52.61666870117188,-113.46666717529295,76.69999694824219,49.20000076293945,0
05CD004,RED DEER RIVER NEAR NEVIS,AB,52.29999923706055,-113.0666732788086,15100.0,14000.0,0
05CD005,BUFFALO LAKE NEAR ERSKINE,AB,52.46306991577149,-112.88211822509766,1570.0,794.0,0
05CD006,HAYNES CREEK NEAR HAYNES,AB,52.3319091796875,-113.36296081542967,165.0,165.0,0
05CD007,PARLBY CREEK AT ALIX,AB,52.407470703125,-113.19576263427734,511.0,452.0,0
05CD902,PARLBY CREEK NEAR MIRROR,AB,52.49111175537109,-113.10417175292967,866.0,620.0,0
05CD903,SPOTTED LAKE NEAR MIRROR,AB,52.49193954467773,-113.11028289794922,856.0,610.0,0
05CD905,MIRROR BACKFLOOD AT HIGHWAY NO. 50,AB,52.462501525878906,-113.1352767944336,,,0
05CD913,HAYNES CREEK (M1) NEAR JOFFRE,AB,52.41889190673828,-113.53111267089844,24.43000030517578,24.43000030517578,0
05CE001,RED DEER RIVER AT DRUMHELLER,AB,51.46726989746094,-112.71148681640624,24900.0,19200.0,0
05CE002,KNEEHILLS CREEK NEAR DRUMHELLER,AB,51.469459533691406,-112.978271484375,2430.0,1970.0,0
05CE003,ROSEBUD RIVER AT BEYNON,AB,51.33332824707031,-112.7819366455078,3990.0,2740.0,0
05CE004,ROSEBUD RIVER NEAR CROSSFIELD,AB,51.47499847412109,-113.80416870117188,471.0,407.0,0
05CE005,ROSEBUD RIVER AT REDLAND,AB,51.29354095458984,-113.01129913330078,3570.0,2200.0,0
05CE006,ROSEBUD RIVER BELOW CARSTAIRS CREEK,AB,51.415828704833984,-113.727783203125,753.0,642.0,0
05CE007,THREEHILLS CREEK NEAR CARBON,AB,51.56446075439453,-113.07341766357422,1080.0,956.0,0
05CE008,ATUSIS CREEK NEAR REDLAND,AB,51.33055877685547,-113.05416870117188,76.9000015258789,75.0999984741211,0
05CE009,SEVERN CREEK NEAR ROSEBUD,AB,51.26860809326172,-112.94750213623048,158.0,134.0,0
05CE010,RAY CREEK NEAR INNISFAIL,AB,52.00117111206055,-113.59971618652344,44.400001525878906,44.400001525878906,0
05CE011,RENWICK CREEK NEAR THREE HILLS,AB,51.71783828735352,-113.36112213134766,58.900001525878906,58.09999847412109,0
05CE012,GHOSTPINE CREEK NEAR HUXLEY,AB,51.89590835571289,-113.24107360839844,506.0,312.0,0
05CE013,LONEPINE CREEK NEAR LINDEN,AB,51.57500076293945,-113.522216796875,895.0,801.0,0
05CE015,THREEHILLS CREEK NEAR TROCHU,AB,51.85832977294922,-113.4250030517578,458.0,388.0,0
05CE016,KNEEHILLS CREEK NEAR LINDEN,AB,51.59167098999024,-113.5138931274414,642.0,564.0,0
05CE018,THREEHILLS CREEK BELOW RAY CREEK,AB,51.99747085571289,-113.5685577392578,199.0,138.0,0
05CE019,SHEEP COULEE NEAR CARSTAIRS,AB,51.56222152709961,-114.03582763671876,38.29999923706055,37.29999923706055,0
05CE020,MICHICHI CREEK AT DRUMHELLER,AB,51.47153091430664,-112.71698760986328,1170.0,637.0,0
05CE901,BIGELOW RESERVOIR NEAR WIMBORNE,AB,51.88750076293945,-113.4638900756836,413.0,,0
05CF001,SULLIVAN LAKE NEAR SULLIVAN LAKE,AB,52.04444122314453,-111.91667175292967,2000.0,,0
05CF002,DOWLING LAKE NEAR DOWLING,AB,51.76667022705078,-111.99443817138672,1170.0,,0
05CG001,BULLPOUND CREEK NEAR HUTTON,AB,51.12221908569336,-111.9055633544922,1430.0,1030.0,0
05CG002,BULLPOUND CREEK NEAR HANNA,AB,51.650001525878906,-112.00833129882812,209.0,201.0,0
05CG003,BULLPOUND CREEK NEAR THE MOUTH,AB,51.098331451416016,-111.93167114257812,1470.0,1070.0,0
05CG004,BULLPOUND CREEK NEAR WATTS,AB,51.662109375,-112.08396911621094,200.0,169.0,0
05CG005,ATLAS MINE COULEE AT WESTERN MONARCH,AB,51.32833099365234,-112.47611236572266,52.29999923706055,52.29999923706055,0
05CG006,FISH CREEK ABOVE LITTLE FISH LAKE,AB,51.39080047607422,-112.20187377929688,118.0,103.0,0
05CG007,ALBERTA POWER LIMITED COOLING POND OUTLET,AB,51.42710876464844,-111.80139923095705,,,0
05CH001,BERRY CREEK AT FORSTER'S RANCH,AB,50.96667098999024,-111.75,2460.0,1700.0,0
05CH002,BERRY CREEK NEAR WARDLOW,AB,50.90721893310547,-111.56111145019533,2790.0,1980.0,0
05CH003,BERRY CREEK (EAST BRANCH) NEAR WARDLOW,AB,50.90888977050781,-111.55027770996094,876.0,347.0,0
05CH005,DEAD FISH CREEK NEAR HUTTON,AB,51.01667022705078,-111.8000030517578,268.0,230.0,0
05CH007,BERRY CREEK NEAR THE MOUTH,AB,50.8550910949707,-111.59060668945312,3720.0,1680.0,0
05CH008,BERRY CREEK NEAR ROSE LYNN,AB,51.416160583496094,-111.49633026123048,1540.0,781.0,0
05CH009,NATURAL FLOW A NEAR POLLOCKVILLE,AB,51.14860916137695,-111.7972183227539,3.5,3.5,0
05CH010,BERRY CREEK NEAR POLLOCKVILLE,AB,51.095829010009766,-111.68138885498048,2060.0,1390.0,0
05CH011,BERRY CREEK RESERVOIR OUTLET,AB,51.23973846435547,-111.63141632080078,1930.0,1010.0,0
05CH012,DEADFISH INFLOW CANAL NEAR CESSFORD,AB,51.01750183105469,-111.8166732788086,,,0
05CH013,FORSTER RESERVOIR NEAR CESSFORD,AB,50.98086166381836,-111.76747131347656,330.0,163.0,0
05CH014,BERRY CREEK RESERVOIR NEAR SUNNYNOOK,AB,51.25521087646485,-111.64055633544922,1900.0,1000.0,0
05CH016,BERRY CREEK BELOW DEADFISH CREEK,AB,50.935829162597656,-111.76638793945312,2480.0,1710.0,0
05CJ001,EASTERN IRRIGATION DISTRICT NORTH BRANCH CANAL NEAR BASSANO,AB,50.75,-112.41667175292967,,,0
05CJ002,C. P. R. CO. EAST BRANCH CANAL NEAR BASSANO,AB,50.75,-112.41667175292967,,,0
05CJ003,EASTERN IRRIGATION DISTRICT EAST BRANCH CANAL NEAR LATHOM,AB,50.7158317565918,-112.34249877929688,,,0
05CJ004,EASTERN IRRIGATION DISTRICT SPRINGHILL CANAL NEAR LATHOM,AB,50.72222137451172,-112.3388900756836,,,0
05CJ005,MATZHIWIN CREEK NEAR DUCHESS,AB,50.81943893432617,-111.8277816772461,2620.0,,0
05CJ006,ONETREE CREEK NEAR PATRICIA,AB,50.73392868041992,-111.68933868408205,498.0,312.0,0
05CJ007,MATZHIWIN CREEK ABOVE WARE COULEE,AB,50.84167098999024,-111.929443359375,2450.0,,0
05CJ008,WARE COULEE ABOVE MATZHIWIN CREEK,AB,50.79582977294922,-111.7819366455078,93.0,,0
05CJ009,RED DEER RIVER NEAR JENNER,AB,50.84389114379883,-111.15332794189452,41000.0,29600.0,0
05CJ010,SPRING CREEK NEAR VERGER,AB,50.95471954345703,-111.95832824707033,85.19999694824219,18.100000381469727,0
05CJ011,NATURAL FLOW B NEAR PRINCESS,AB,50.63888931274414,-111.50556182861328,1.9900000095367432,1.9900000095367432,0
05CJ012,MATZHIWIN CREEK BELOW WARE COULEE,AB,50.8209114074707,-111.8287582397461,2630.0,544.0,0
05CK001,BLOOD INDIAN CREEK NEAR THE MOUTH,AB,50.95830154418945,-111.06004333496094,699.0,384.0,0
05CK002,RED DEER RIVER NEAR EMPRESS,AB,50.9638900756836,-110.02777862548828,46800.0,32400.0,0
05CK003,BLOOD INDIAN CREEK AT HOGARTH'S RANCH,AB,51.036109924316406,-111.2361068725586,564.0,501.0,0
05CK004,RED DEER RIVER NEAR BINDLOSS,AB,50.90269088745117,-110.29949951171876,47800.0,28200.0,0
05CK005,ALKALI CREEK NEAR THE MOUTH,AB,50.89896011352539,-110.50800323486328,590.0,309.0,0
05CK006,KENNEDY COULEE NEAR ACADIA VALLEY,AB,51.09585952758789,-110.25897979736328,939.0,203.0,0
05CK007,BLOOD INDIAN CREEK NEAR CABIN LAKE,AB,51.09590911865234,-111.2399673461914,321.70001220703125,212.1000061035156,0
05DA001,WHITERABBIT CREEK NEAR WILSON'S RANCH,AB,52.09999847412109,-116.41667175292967,119.0,119.0,0
05DA002,SIFFLEUR RIVER NEAR THE MOUTH,AB,52.04417037963867,-116.3838882446289,452.0,452.0,0
05DA003,NORTH SASKATCHEWAN RIVER AT WILSON'S RANCH,AB,52.09333038330078,-116.41944122314452,2560.0,2560.0,0
05DA004,CLINE RIVER NEAR THE MOUTH,AB,52.17100143432617,-116.49199676513672,822.0,822.0,0
05DA005,MISTAYA RIVER NEAR THE MOUTH,AB,51.96667098999024,-116.71666717529295,316.0,316.0,0
05DA006,NORTH SASKATCHEWAN RIVER AT SASKATCHEWAN CROSSING,AB,51.96667098999024,-116.7249984741211,1290.0,1290.0,0
05DA007,MISTAYA RIVER NEAR SASKATCHEWAN CROSSING,AB,51.88426971435547,-116.68919372558594,248.0,248.0,1
05DA008,PEYTO CREEK AT PEYTO GLACIER,AB,51.69361114501953,-116.53556060791016,23.600000381469727,23.600000381469727,0
05DA009,NORTH SASKATCHEWAN RIVER AT WHIRLPOOL POINT,AB,52.00119018554688,-116.47093200683594,1920.0,1920.0,1
05DA010,SILVERHORN CREEK NEAR THE MOUTH,AB,51.79933166503906,-116.57936096191406,21.0,21.0,1
05DB001,CLEARWATER RIVER NEAR ROCKY MOUNTAIN HOUSE,AB,52.34444046020508,-114.93611145019533,3220.0,3210.0,0
05DB002,PRAIRIE CREEK NEAR ROCKY MOUNTAIN HOUSE,AB,52.27386093139648,-114.9291763305664,844.0,844.0,0
05DB003,CLEARWATER RIVER ABOVE LIMESTONE CREEK,AB,51.99166870117188,-115.4333267211914,1340.0,1340.0,0
05DB004,PRAIRIE CREEK NEAR RANGER STATION,AB,52.24443817138672,-115.3013916015625,95.5999984741211,95.5999984741211,0
05DB005,PRAIRIE CREEK BELOW LICK CREEK,AB,52.25457000732422,-115.28791809082033,208.0,208.0,0
05DB006,CLEARWATER RIVER NEAR DOVERCOURT,AB,52.25210189819336,-114.85581970214844,2250.0,2250.0,0
05DB007,CLEARWATER RIVER AT FORESTRY ROAD,AB,51.97055816650391,-115.2388916015625,1340.0,,0
05DC001,NORTH SASKATCHEWAN RIVER NEAR ROCKY MOUNTAIN HOUSE,AB,52.37670135498047,-114.94132232666016,11000.0,11000.0,0
05DC002,NORTH SASKATCHEWAN RIVER AT SAUNDERS,AB,52.452781677246094,-115.75556182861328,5160.0,5160.0,0
05DC003,MARTIN CREEK NEAR NORDEGG,AB,52.46667098999024,-116.0722198486328,3.0299999713897705,3.0299999713897705,0
05DC004,SHUNDA CREEK NEAR SAUNDERS,AB,52.42832946777344,-115.7805633544922,283.0,283.0,0
05DC005,BIGHORN RIVER NEAR THE MOUTH,AB,52.375,-116.29167175292967,335.0,335.0,0
05DC006,RAM RIVER NEAR THE MOUTH,AB,52.36859130859375,-115.42218017578124,1850.0,1850.0,0
05DC007,NORTH SASKATCHEWAN RIVER BELOW TERSHISHNER CREEK,AB,52.29999923706055,-116.3166732788086,3890.0,3890.0,0
05DC008,RAM RIVER AT RAM GLACIER,AB,51.85443878173828,-116.19082641601562,3.7300000190734863,3.7300000190734863,0
05DC009,LAKE ABRAHAM NEAR NORDEGG,AB,52.30778121948242,-116.32833099365234,3890.0,3890.0,0
05DC010,NORTH SASKATCHEWAN RIVER BELOW BIGHORN PLANT,AB,52.310001373291016,-116.32250213623048,3890.0,3890.0,0
05DC011,NORTH RAM RIVER AT FORESTRY ROAD,AB,52.282958984375,-115.9992904663086,347.0,347.0,0
05DC012,BAPTISTE RIVER NEAR THE MOUTH,AB,52.663818359375,-115.0757827758789,1350.0,1350.0,0
05DD001,SOUTHESK RIVER NEAR FORESTRY FORD,AB,52.66556167602539,-116.87361145019533,434.0,434.0,0
05DD002,BLACKSTONE RIVER NEAR GRASS MOUNTAIN,AB,52.769439697265625,-116.31944274902344,780.0,780.0,0
05DD003,CHUNGO CREEK NEAR THE MOUTH,AB,52.70000076293945,-116.48332977294922,189.0,189.0,0
05DD004,BROWN CREEK AT FORESTRY ROAD,AB,52.76396179199219,-116.36080932617188,219.0,219.0,1
05DD005,BRAZEAU RIVER BELOW BRAZEAU PLANT,AB,52.91249847412109,-115.3638916015625,5660.0,5660.0,0
05DD006,BRAZEAU RESERVOIR,AB,52.97055816650391,-115.5802764892578,5500.0,5500.0,0
05DD007,BRAZEAU RIVER BELOW CARDINAL RIVER,AB,52.8815803527832,-116.5562515258789,2600.0,2600.0,0
05DD008,CARDINAL RIVER NEAR THE MOUTH,AB,52.86777877807617,-116.59528350830078,495.0,495.0,0
05DD009,NORDEGG RIVER AT SUNCHILD ROAD,AB,52.819969177246094,-115.520263671875,876.0,876.0,0
05DE001,NORTH SASKATCHEWAN RIVER AT ROCKY RAPIDS,AB,53.21527862548828,-114.9311065673828,21800.0,21800.0,0
05DE002,WABAMUN LAKE AT SUNDANCE POWER STATION,AB,53.516578674316406,-114.5608901977539,357.0,341.0,0
05DE003,WABAMUN CREEK NEAR DUFFIELD,AB,53.461669921875,-114.36666870117188,513.0,464.0,0
05DE004,WABAMUN LAKE AT SEBA BEACH,AB,53.55556106567383,-114.73332977294922,355.0,339.0,0
05DE006,NORTH SASKATCHEWAN RIVER NEAR LODGEPOLE,AB,53.05245971679688,-115.211181640625,20500.0,20400.0,0
05DE007,ROSE CREEK NEAR ALDER FLATS,AB,52.929908752441406,-115.01101684570312,559.0,559.0,1
05DE008,MODESTE CREEK NEAR BRETON,AB,53.10417175292969,-114.50943756103516,374.0,371.0,0
05DE009,TOMAHAWK CREEK NEAR TOMAHAWK,AB,53.40584945678711,-114.76310729980467,94.1999969482422,94.1999969482422,0
05DE010,NORTH SASKATCHEWAN RIVER AT HIGHWAY NO. 759,AB,53.31547927856445,-114.7579574584961,22100.0,22000.0,0
05DE011,NORTH SASKATCHEWAN RIVER AT HIGHWAY NO. 22,AB,53.207061767578125,-114.93032836914062,21800.0,21800.0,0
05DE911,MODESTE CREEK NEAR LINDALE,AB,53.2480583190918,-114.70555877685548,1170.0,,0
05DF001,NORTH SASKATCHEWAN RIVER AT EDMONTON,AB,53.537208557128906,-113.4854965209961,28100.0,27100.0,0
05DF002,CONJURING CREEK NEAR WIZARD LAKE,AB,53.10694122314453,-113.8249969482422,34.20000076293945,34.20000076293945,0
05DF003,BLACKMUD CREEK NEAR ELLERSLIE,AB,53.41455078125,-113.51651000976562,643.0,374.0,0
05DF004,STRAWBERRY CREEK NEAR THE MOUTH,AB,53.31148910522461,-114.05207061767578,592.0,589.0,0
05DF006,WHITEMUD CREEK NEAR ELLERSLIE,AB,53.412628173828125,-113.59088897705078,330.0,301.0,0
05DF007,WEST WHITEMUD CREEK NEAR IRETON,AB,53.22203063964844,-113.69056701660156,65.4000015258789,53.20000076293945,0
05DF008,WEED CREEK AT THORSBY,AB,53.23379135131836,-114.05079650878906,200.0,200.0,0
05DF009,WHITEMUD CREEK AT EDMONTON,AB,53.4830207824707,-113.55455017089844,1110.0,794.0,0
05EA001,STURGEON RIVER NEAR FORT SASKATCHEWAN,AB,53.83275985717773,-113.28235626220705,3250.0,2320.0,0
05EA002,STURGEON RIVER AT ST. ALBERT,AB,53.63582992553711,-113.6272201538086,2610.0,1940.0,0
05EA003,STURGEON RIVER NEAR DARWELL,AB,53.66249847412109,-114.61750030517578,322.0,322.0,0
05EA004,STURGEON RIVER NEAR ONOWAY,AB,53.73278045654297,-114.27139282226562,738.0,666.0,0
05EA005,STURGEON RIVER NEAR VILLENEUVE,AB,53.65534973144531,-113.76246643066406,1890.0,1550.0,0
05EA006,LAC STE. ANNE AT ALBERTA BEACH,AB,53.67765045166016,-114.35700225830078,687.0,568.0,0
05EA008,ISLE LAKE AT EUREKA BEACH,AB,53.62596893310547,-114.6863784790039,276.0,276.0,0
05EA009,ATIM CREEK NEAR SPRUCE GROVE,AB,53.57221984863281,-113.9333267211914,315.0,91.6999969482422,0
05EA010,STURGEON RIVER NEAR MAGNOLIA BRIDGE,AB,53.59169006347656,-114.8611068725586,121.0,121.0,0
05EA011,CARROT CREEK NEAR THE MOUTH,AB,53.62339019775391,-113.6953125,97.0999984741211,39.20000076293945,0
05EA012,ATIM CREEK AT CENTURY ROAD,AB,53.59006118774414,-113.88530731201172,288.0,80.4000015258789,0
05EA013,KILINI CREEK AT TWP ROAD NO 543,AB,53.6721305847168,-114.135498046875,168.0,137.0,0
05EB001,HASTINGS CREEK NEAR LINDBROOK,AB,53.40861129760742,-112.82721710205078,295.0,,0
05EB002,BEAVERHILL CREEK NEAR MUNDARE,AB,53.56666946411133,-112.5,2110.0,,0
05EB003,BEAVERHILL LAKE NEAR MUNDARE,AB,53.54999923706055,-112.5,2070.0,1290.0,0
05EB004,HASTINGS LAKE NEAR NORTH COOKING LAKE,AB,53.41667175292969,-112.94444274902344,279.0,279.0,0
05EB005,SISIB LAKE NEAR NORTH COOKING LAKE,AB,53.40805816650391,-112.9638900756836,9.449999809265137,9.449999809265137,0
05EB006,COOKING LAKE CREEK NEAR NORTH COOKING LAKE,AB,53.44166946411133,-112.93888854980467,196.0,,0
05EB007,COOKING LAKE NEAR NORTH COOKING LAKE,AB,53.46805953979492,-113.0,196.0,196.0,0
05EB008,BEAVERHILL LAKE NEAR TOFIELD,AB,53.36666870117188,-112.5666732788086,2070.0,1290.0,0
05EB009,STOVE LAKE NEAR TOFIELD,AB,53.33332824707031,-112.91194152832033,155.0,,0
05EB011,HASTINGS LAKE NEAR DEVILLE,AB,53.42499923706055,-112.90055847167967,279.0,279.0,0
05EB012,COOKING LAKE AT COOKING LAKE,AB,53.41638946533203,-113.1208267211914,196.0,196.0,0
05EB013,MINISTIK LAKE NEAR NEW SAREPTA,AB,53.32971954345703,-113.05555725097656,60.29999923706055,60.29999923706055,0
05EB014,MIQUELON LAKE AT PROVINCIAL PARK,AB,53.24639129638672,-112.90666961669922,38.29999923706055,38.29999923706055,0
05EB015,BEAVERHILL CREEK NEAR THE MOUTH,AB,53.8891716003418,-112.9491729736328,2930.0,,0
05EB016,AMISK CREEK NEAR SHONTS,AB,53.30971908569336,-112.5527801513672,377.0,333.0,0
05EB902,POINTE-AUX-PINS CREEK NEAR ARDROSSAN,AB,53.59944152832031,-113.16361236572266,106.0,63.20000076293945,0
05EB909,POINTE-AUX-PINS TRIBUTARY NO. 1 NEAR ARDROSSAN,AB,53.578609466552734,-113.14666748046876,17.799999237060547,,0
05EB910,POINTE-AUX-PINS TRIBUTARY NO. 2 NEAR ARDROSSAN,AB,53.59178161621094,-113.14761352539062,8.100000381469727,8.100000381469727,0
05EB911,POINTE-AUX-PINS TRIBUTARY NO. 3 NEAR ARDROSSAN,AB,53.59555816650391,-113.14639282226562,3.549999952316284,,0
05EC001,SMOKY LAKE NEAR WARSPITE,AB,54.10472106933594,-112.58332824707033,232.0,198.0,0
05EC002,WASKATENAU CREEK NEAR WASKATENAU,AB,54.1230583190918,-112.78278350830078,313.0,207.0,0
05EC003,REDWATER RIVER NEAR REDWATER,AB,53.9486083984375,-113.0583267211914,1490.0,1060.0,0
05EC004,NAMEPI CREEK NEAR THE MOUTH,AB,54.02972030639648,-112.8455581665039,720.0,586.0,0
05EC005,REDWATER RIVER NEAR THE MOUTH,AB,53.89659881591797,-112.99601745605467,1600.0,1170.0,0
05EC006,WHITE EARTH CREEK NEAR SMOKY LAKE,AB,54.11555862426758,-112.3000030517578,1000.0,934.0,0
05EC007,REDWATER RIVER NEAR VIMY,AB,54.09416961669922,-113.56639099121094,469.0,469.0,0
05ED001,STONY CREEK NEAR SADDLE LAKE,AB,54.02444076538086,-111.69833374023438,543.0,217.0,0
05ED002,ATIMOSWE CREEK NEAR ELK POINT,AB,53.88880157470703,-110.9210968017578,368.0,312.0,0
05ED003,MOOSEHILLS CREEK NEAR ELK POINT,AB,53.934478759765625,-110.77713775634766,41.0,37.70000076293945,0
05EE001,VERMILION RIVER NEAR MANNVILLE,AB,53.375,-111.1750030517578,5740.0,2320.0,0
05EE002,VERMILION RIVER AT LEA PARK,AB,53.6510009765625,-110.34500122070312,8146.0,8146.0,0
05EE003,VERMILION RIVER NEAR VEGREVILLE,AB,53.46500015258789,-112.06443786621094,1590.0,613.0,0
05EE004,VERMILION RIVER NEAR HAZELDINE,AB,53.6269416809082,-110.4222183227539,7830.0,3570.0,0
05EE005,STRETTON CREEK NEAR MARWAYNE,AB,53.44245910644531,-110.3256607055664,74.0,56.29999923706055,0
05EE006,VERMILION RIVER TRIBUTARY NEAR BRUCE,AB,53.294090270996094,-112.0498504638672,46.400001525878906,19.899999618530277,1
05EE007,VERMILION RIVER NEAR MARWAYNE,AB,53.49161911010742,-110.3988037109375,7260.0,2000.0,0
05EE008,VERMILION PARK LAKE NEAR VERMILION,AB,53.36117172241211,-110.86055755615234,6120.0,1640.0,0
05EE009,VERMILION RIVER AT VEGREVILLE,AB,53.49118041992188,-112.03980255126952,1620.0,367.0,0
05EE010,VERMILION RIVER AT RANGE ROAD NO. 105,AB,53.61928176879883,-111.4516830444336,3860.0,1050.0,0
05EE011,VERMILION LAKES NEAR MORECAMBE,AB,53.64189147949219,-111.47576904296876,3810.0,1030.0,0
05EE913,VERMILION RIVER DRAINAGE NEAR HOLDEN,AB,53.130279541015625,-112.4088897705078,56.400001525878906,,0
05EE915,VERMILION RIVER DRAINAGE NEAR BRUCE,AB,53.17694091796875,-112.06832885742188,401.0,,0
05EE930,VERMILION RIVER NEAR BEAUVALLON,AB,53.59222030639648,-111.4022216796875,3882.800048828125,1069.300048828125,0
05EF001,NORTH SASKATCHEWAN RIVER NEAR DEER CREEK,SK,53.52318954467773,-109.61788940429688,57200.0,41600.0,0
05EF003,NORTH SASKATCHEWAN RIVER AT LEA PARK,AB,53.658329010009766,-110.3388900756836,47700.0,38200.0,0
05EF004,MONNERY RIVER NEAR PARADISE HILL,SK,53.54111099243164,-109.5272216796875,875.0,649.0,0
05EF005,BIG GULLY CREEK NEAR MAIDSTONE,SK,53.244171142578125,-109.29582977294922,1620.0,565.0,0
05EF006,ENGLISHMAN RIVER NEAR SPRUCE LAKE,SK,53.5755615234375,-109.1569366455078,393.0,347.0,0
05EG001,NORTH SASKATCHEWAN RIVER NEAR NORTH BATTLEFORD,SK,52.758888244628906,-108.3133316040039,69900.0,50600.0,0
05EG002,JACKFISH RIVER NEAR PRINCE,SK,52.92916870117188,-108.41082763671876,3460.0,2040.0,0
05EG003,JACKFISH LAKE NEAR COCHIN,SK,53.12443923950195,-108.39582824707033,3320.0,1980.0,0
05EG004,CRYSTAL CREEK NEAR IFFLEY,SK,52.97972106933594,-108.15638732910156,500.0,346.0,0
05EG005,TURTLELAKE RIVER NEAR TURTLEFORD,SK,53.3880615234375,-108.96778106689452,2310.0,1800.0,0
05EG006,BIRLING CREEK NEAR PAYNTON,SK,53.07917022705078,-108.98332977294922,426.0,253.0,0
05EG007,JACKFISH RIVER NEAR PRINCE,SK,53.02056121826172,-108.3652801513672,3320.0,1980.0,0
05EG008,PAGE CREEK NEAR IFFLEY,SK,52.94055938720703,-108.08805847167967,921.0,484.0,0
05EG009,TURTLE LAKE NEAR GLASLYN,SK,53.61333084106445,-108.586669921875,579.0,555.0,0
05EG010,BRIGHTSAND LAKE NEAR ST. WALBURG,SK,53.64332962036133,-108.84610748291016,196.0,196.0,0
05FA001,BATTLE RIVER NEAR PONOKA,AB,52.66324996948242,-113.58141326904295,1820.0,1550.0,0
05FA002,PIGEON LAKE CREEK NEAR WESTEROSE,AB,52.95832824707031,-113.9694366455078,284.0,284.0,0
05FA003,BITTERN LAKE AT BITTERN LAKE,AB,53.01667022705078,-113.03333282470705,386.0,,0
05FA004,BIG HAY LAKE NEAR MILLET,AB,53.150001525878906,-113.16667175292967,174.0,,0
05FA006,DRIEDMEAT LAKE NEAR EDBERG,AB,52.84999847412109,-112.75,7240.0,3860.0,0
05FA007,PIPESTONE CREEK NEAR MILLET,AB,53.08000183105469,-113.46527862548828,299.0,219.0,0
05FA008,BIGSTONE CREEK NEAR BIGSTONE,AB,53.038330078125,-113.43556213378906,663.0,573.0,0
05FA009,PIGEON LAKE NEAR WESTEROSE,AB,52.95832824707031,-113.9694366455078,284.0,284.0,0
05FA010,CAMROSE CREEK AT CAMROSE,AB,53.01667022705078,-112.83332824707033,496.0,71.19999694824219,0
05FA011,BATTLE RIVER AT DUHAMEL,AB,52.94858932495117,-112.96466827392578,5010.0,2920.0,0
05FA012,PIPESTONE CREEK NEAR WETASKIWIN,AB,53.03680038452149,-113.3231430053711,1030.0,733.0,0
05FA013,PIGEON LAKE AT PIGEON LAKE PROVINCIAL PARK,AB,53.02378082275391,-114.12650299072266,283.0,283.0,0
05FA014,MASKWA CREEK NO. 1 ABOVE BEARHILLS LAKE,AB,52.78509140014648,-113.62908935546876,79.0999984741211,61.20000076293945,0
05FA015,MASKWA CREEK NO. 2 ABOVE BEARHILLS LAKE,AB,52.81388854980469,-113.61666870117188,109.0,95.8000030517578,0
05FA016,COAL LAKE RESERVOIR NEAR WETASKIWIN,AB,53.00310134887695,-113.21913146972656,176.0,65.4000015258789,0
05FA017,PIGEON LAKE CREEK NEAR THE MOUTH,AB,52.85139083862305,-113.89582824707033,383.0,382.0,0
05FA018,DRIEDMEAT CREEK NEAR THE MOUTH,AB,52.88138961791992,-112.6388931274414,1150.0,158.0,0
05FA019,PIGEON LAKE CREEK NEAR USONA,AB,52.86943817138672,-113.89639282226562,377.0,376.0,0
05FA020,DRIEDMEAT LAKE AT OUTFLOW,AB,52.78499984741211,-112.7161102294922,7230.0,3300.0,0
05FA021,BATTLE RIVER BELOW PIPESTONE CREEK,AB,52.96805953979492,-113.0722198486328,4870.0,3270.0,0
05FA022,PIPESTONE CREEK BELOW BIGSTONE CREEK,AB,53.04027938842773,-113.36499786376952,1020.0,843.0,0
05FA023,BATTLE RIVER ABOVE PIPESTONE CREEK,AB,52.95861053466797,-113.1722183227539,2800.0,2140.0,0
05FA024,WEILLER CREEK NEAR WETASKIWIN,AB,52.95915985107422,-113.27995300292967,236.0,90.0999984741211,0
05FA025,CAMROSE CREEK NEAR CAMROSE,AB,53.04146957397461,-112.82994842529295,460.0,31.700000762939453,0
05FA026,WOLF CREEK AT TOWNSHIP ROAD NO. 410,AB,52.49208831787109,-113.69463348388672,76.30000305175781,67.80000305175781,0
05FA912,MUSKEG CREEK NEAR WESTEROSE,AB,52.86832809448242,-113.9574966430664,91.6999969482422,87.69999694824219,0
05FB001,THOMAS LAKE NEAR VIKING,AB,53.09999847412109,-111.71666717529295,127.0,127.0,0
05FB002,IRON CREEK NEAR HARDISTY,AB,52.70800018310547,-111.31038665771484,3500.0,815.0,1
05FB003,IRON CREEK NEAR VIKING,AB,53.016109466552734,-111.90193939208984,121.0,68.9000015258789,0
05FC001,BATTLE RIVER NEAR FORESTBURG,AB,52.57405853271485,-112.3416519165039,7680.0,3620.0,0
05FC002,BIGKNIFE CREEK NEAR GADSBY,AB,52.51737976074219,-112.35595703125,281.0,194.0,0
05FC003,MEETING CREEK NEAR THE MOUTH,AB,52.55278015136719,-112.4111099243164,1500.0,595.0,0
05FC004,PAINTEARTH CREEK NEAR HALKIRK,AB,52.38555145263672,-112.13807678222656,191.0,171.0,0
05FC005,REDWILLOW CREEK NEAR RED WILLOW,AB,52.521671295166016,-112.3869400024414,825.0,325.0,0
05FC006,MEETING CREEK NEAR DONALDA,AB,52.58000183105469,-112.53250122070312,472.0,203.0,0
05FC007,YOUNG CREEK NEAR CASTOR,AB,52.25918960571289,-111.7301025390625,76.5,72.9000015258789,0
05FC008,BATTLE RIVER AT HIGHWAY NO. 872,AB,52.40182113647461,-111.4114227294922,11700.0,6010.0,0
05FC904,REDWILLOW CREEK NEAR RED WILLOW,AB,52.51667022705078,-112.38333129882812,825.0,,0
05FD001,RIBSTONE CREEK NEAR EDGERTON,AB,52.75534057617188,-110.48346710205078,2790.0,985.0,0
05FD002,RIBSTONE LAKE NEAR HEATH,AB,52.76667022705078,-110.63333129882812,2660.0,894.0,0
05FD003,RIBSTONE CREEK NEAR RIBSTONE,AB,52.72222137451172,-110.26667022705078,3610.0,1160.0,0
05FD005,RIBSTONE CREEK NEAR CZAR,AB,52.488059997558594,-110.7375030517578,1830.0,697.0,0
05FD006,COPPER CREEK NEAR CORONATION,AB,52.17972183227539,-111.2375030517578,331.0,,0
05FD007,SHORNCLIFFE LAKE NEAR CZAR,AB,52.47235870361328,-110.86360931396484,276.0,104.0,0
05FE001,BATTLE RIVER NEAR UNWIN,SK,52.94028091430664,-109.87361145019533,25600.0,11200.0,0
05FE002,BUFFALO CREEK AT HIGHWAY NO. 41,AB,53.00722885131836,-110.86734008789062,714.0,147.0,0
05FE003,BATTLE RIVER AT HIGHWAY NO. 41,AB,52.99583053588867,-110.85417175292967,17800.0,8230.0,0
05FE004,BATTLE RIVER NEAR THE SASKATCHEWAN BOUNDARY,AB,52.856441497802734,-110.01934051513672,25100.0,9860.0,0
05FE005,BLACKFOOT CREEK NEAR THE SASKATCHEWAN BOUNDARY,AB,52.95555877685547,-110.0097198486328,705.0,221.0,0
05FF001,BATTLE RIVER AT BATTLEFORD,SK,52.73527908325195,-108.33583068847656,29700.0,13700.0,0
05FF003,CUT KNIFE CREEK NEAR CUT KNIFE,SK,52.755001068115234,-108.78111267089844,403.0,334.0,0
05GA001,EYEHILL CREEK NEAR YONKER,SK,52.633888244628906,-109.65943908691406,10700.0,,0
05GA002,MANITO LAKE NEAR YONKER,SK,52.67916870117188,-109.64193725585938,,,0
05GA003,MONITOR CREEK NEAR MONITOR,AB,51.96955108642578,-110.57634735107422,1430.0,227.0,0
05GA004,SOUNDING LAKE NEAR MONITOR,AB,52.150001525878906,-110.5666732788086,8220.0,,0
05GA005,GOOSEBERRY LAKE NEAR CONSORT,AB,52.11666870117188,-110.76667022705078,74.5999984741211,74.5999984741211,0
05GA006,MANITO LAKE NEAR MARSDEN,SK,52.79249954223633,-109.78721618652344,13000.0,,0
05GA007,EYEHILL CREEK NEAR MACKLIN,SK,52.31888961791992,-109.92806243896484,10100.0,,0
05GA008,SOUNDING CREEK NEAR OYEN,AB,51.5666618347168,-110.47360229492188,2990.0,580.0,0
05GA009,KIRKPATRICK LAKE TRIBUTARY NEAR SPONDIN,AB,51.973331451416016,-111.47972106933594,222.0,211.0,0
05GA010,KILLARNEY LAKE TRIBUTARY NEAR CHAUVIN,AB,52.56523132324219,-110.14839935302734,1010.0,120.0,0
05GA011,MONITOR CREEK NEAR CONSORT,AB,51.87512969970703,-110.7606430053711,900.7999877929688,42.59999847412109,0
05GA012,SOUNDING CREEK NEAR CHINOOK,AB,51.54767990112305,-110.9197769165039,2300.0,378.0,0
05GA013,LOYALIST CREEK NEAR CONSORT,AB,52.0011100769043,-110.76499938964844,260.0,124.0,0
05GB001,KIYIU LAKE NEAR NETHERHILL,SK,51.59167098999024,-108.88278198242188,,321.0,0
05GB003,MUDDY LAKE INFLOW NEAR UNITY,SK,52.28110885620117,-109.0875015258789,311.0,107.0,0
05GB004,MUDDY LAKE INFLOW NEAR REVENUE,SK,52.230560302734375,-109.0361099243164,252.0,58.29999923706055,0
05GC002,EAGLE CREEK NEAR ANGLIA,SK,51.56193923950195,-108.18277740478516,5730.0,1050.0,0
05GC003,EAGLE CREEK NEAR KINLEY,SK,52.05611038208008,-107.35832977294922,7230.0,1720.0,0
05GC004,EAGLE CREEK NEAR TESSIER,SK,51.86943817138672,-107.44444274902344,6970.0,1610.0,0
05GC005,EAGLE CREEK NEAR ROSETOWN,SK,51.61111068725586,-108.04444122314452,6130.0,1220.0,0
05GC006,EAGLE CREEK NEAR ENVIRON,SK,52.230560302734375,-107.37777709960938,11900.0,2090.0,0
05GC007,OPUNTIA LAKE WEST INFLOW,SK,51.78749847412109,-108.625,94.5,56.20000076293945,1
05GD001,NORTH SASKATCHEWAN RIVER NEAR BORDEN,SK,52.37221908569336,-107.14800262451172,119000.0,68000.0,0
05GD002,OSCAR CREEK NEAR KRYDOR,SK,52.774169921875,-107.12805938720705,240.0,109.0,1
05GD003,REDBERRY LAKE NEAR KRYDOR,SK,52.711669921875,-107.21639251708984,1120.0,,0
05GE001,RADOUGA CREEK NEAR BLAINE LAKE,SK,52.69361114501953,-106.87444305419922,1150.0,,0
05GF001,SHELL BROOK NEAR SHELLBROOK,SK,53.25278091430664,-106.38583374023438,2560.0,760.0,0
05GF002,STURGEON RIVER NEAR PRINCE ALBERT,SK,53.21305847167969,-105.88500213623048,5100.0,2560.0,0
05GF003,STURGEON LAKE NEAR PRINCE ALBERT,SK,53.421669006347656,-106.15750122070312,1490.0,1240.0,0
05GF004,SHELL LAKE NEAR SHELL LAKE,SK,53.223609924316406,-107.17138671875,233.0,133.0,0
05GG001,NORTH SASKATCHEWAN RIVER AT PRINCE ALBERT,SK,53.203460693359375,-105.77249908447266,131000.0,72300.0,0
05GG002,SPRUCE (LITTLE RED) RIVER NEAR PRINCE ALBERT,SK,53.22138977050781,-105.72083282470705,1670.0,1240.0,0
05GG003,SPRUCE RIVER NEAR OUTLET FROM ANGLIN LAKE,SK,53.584720611572266,-106.04750061035156,792.0,729.0,0
05GG004,EMMA LAKE AT OKEMA BEACH,SK,53.61111068725586,-105.93888854980467,,52.79999923706055,0
05GG005,ANGLIN LAKE RESERVOIR,SK,53.66389083862305,-106.00833129882812,669.0,615.0,0
05GG006,SPRUCE RIVER DIVERSION TO EMMA LAKE,SK,53.67221832275391,-106.0,,,0
05GG007,SPRUCE RIVER BELOW ANGLIN LAKE RESERVOIR,SK,53.66389083862305,-106.00833129882812,670.0,615.0,0
05GG008,EMMA LAKE NEAR TWEEDSMUIR,SK,53.56888961791992,-105.88916778564452,161.0,52.79999923706055,0
05GG009,CHRISTOPHER LAKE NEAR CHRISTOPHER LAKE,SK,53.54750061035156,-105.8116683959961,24.600000381469727,24.600000381469727,0
05GG010,GARDEN RIVER NEAR HENRIBOURG,SK,53.393890380859375,-105.61083221435548,903.0,372.0,1
05HA001,BRIDGE CREEK NEAR SKULL CREEK,SK,49.9011116027832,-108.88333129882812,33.900001525878906,33.20000076293945,0
05HA002,SKULL CREEK NEAR SKULL CREEK,SK,49.9013900756836,-108.93193817138672,102.0,93.5,0
05HA003,BEAR CREEK NEAR PIAPOT,SK,49.89942169189453,-109.10619354248048,253.0,253.0,0
05HA004,SHUARD CREEK AT JOHNSON'S RANCH,SK,49.83055877685547,-109.06111145019533,63.5,63.5,0
05HA005,BEAR CREEK AT BERTRAM'S RANCH,SK,49.8638916015625,-109.0944366455078,95.5999984741211,95.5999984741211,0
05HA007,HAY CREEK AT FAQUIER'S RANCH,SK,49.85277938842773,-109.37389373779295,54.59999847412109,54.59999847412109,0
05HA008,MAPLE CREEK ABOVE JUNCTION RESERVOIR,SK,49.91194152832031,-109.48722076416016,453.0,203.0,0
05HA009,GAP CREEK AT SMALL'S RANCH,SK,49.79111099243164,-109.59333038330078,404.0,386.0,0
05HA010,MCSHANE CREEK AT SMALL'S RANCH,SK,49.786109924316406,-109.59500122070312,46.59999847412109,46.59999847412109,0
05HA011,MAPLE CREEK NEAR MAPLE CREEK,SK,49.93360900878906,-109.48500061035156,458.0,209.0,0
05HA012,GAP CREEK NEAR MAPLE CREEK,SK,49.94139099121094,-109.53028106689452,712.0,646.0,0
05HA013,BRIDGE CREEK AT RAYMOND'S RANCH,SK,49.859169006347656,-108.91999816894533,11.399999618530272,11.399999618530272,0
05HA014,FEARON AND MOORHEAD BRIDGE CREEK DITCH NEAR SKULL CREEK,SK,49.86777877807617,-108.92028045654295,,,0
05HA015,BRIDGE CREEK AT GULL LAKE,SK,50.09333038330078,-108.49388885498048,379.0,319.0,0
05HA016,SKULL CREEK AT DOYLE'S RANCH,SK,49.85667037963867,-108.94361114501952,82.0999984741211,73.30000305175781,0
05HA017,NEEDHAM DITCH NEAR PIAPOT,SK,49.931671142578125,-109.1380615234375,,,0
05HA018,FAUQUIERS DITCH NEAR MAPLE CREEK,SK,49.84611129760742,-109.36943817138672,,,0
05HA019,MAPLE CREEK AT MENELEY'S FARM,SK,49.959999084472656,-109.51000213623048,1230.0,911.0,0
05HA020,BEVERIDGE WEST DITCH NEAR SKIBEREEN,SK,49.821388244628906,-109.24639129638672,,,0
05HA021,HAY CREEK AT HAY CREEK SCHOOL,SK,49.84389114379883,-109.36666870117188,52.09999847412109,52.09999847412109,0
05HA023,FEARON AND MOORHEAD SKULL CREEK DITCH,SK,49.85805892944336,-108.9419403076172,,,0
05HA024,FEARON AND MOORHEAD MAIN DITCH NEAR SKULL CREEK,SK,49.86777877807617,-108.92527770996094,,,0
05HA025,MOOREHEAD DITCH ON PIAPOT CREEK,SK,49.84999847412109,-109.26667022705078,,,0
05HA026,SMALL DITCH NEAR CYPRESS,SK,49.74943923950195,-109.57472229003906,,,0
05HA027,ADAMS NORTH DITCH NEAR CYPRESS,SK,49.7247200012207,-109.5911102294922,,,0
05HA028,ADAMS SOUTH DITCH FROM CYPRESS CREEK,SK,49.71667098999024,-109.58332824707033,,,0
05HA029,SPRING NO. 1 NEAR GULL LAKE,SK,50.043060302734375,-108.43193817138672,,,0
05HA030,SPRING NO. 2 NEAR GULL LAKE,SK,50.03166961669922,-108.5088882446289,,,0
05HA031,MANN DITCH NEAR SKULL CREEK,SK,49.87083053588867,-108.96111297607422,,,0
05HA032,MCCARTHY BERTRAM AND SALT WEST DITCH NEAR PIAPOT,SK,49.94166946411133,-109.1138916015625,,,0
05HA033,MCCARTHY BERTRAM AND SALT EAST DITCH NEAR PIAPOT,SK,49.94166946411133,-109.1152801513672,,,0
05HA034,CUMBERLAND DITCH NEAR PIAPOT,SK,49.90555953979492,-109.2402801513672,,,0
05HA035,BEVERIDGE EAST DITCH NEAR MAPLE CREEK,SK,49.81111145019531,-109.2361068725586,,,0
05HA036,BIGSTICK LAKE NEAR MAPLE CREEK,SK,50.26667022705078,-109.36666870117188,,1300.0,0
05HA037,BLAIR DITCH NEAR MAPLE CREEK,SK,50.125,-109.5374984741211,,,0
05HA038,BRANIFF DITCH NEAR PIAPOT,SK,49.93806076049805,-109.1291732788086,,,0
05HA041,DIXON DITCH NEAR MAPLE CREEK,SK,49.99111175537109,-109.51471710205078,,,0
05HA042,FEARON DITCH NEAR CARDELL,SK,49.873329162597656,-109.27278137207033,,,0
05HA043,GORDON IRONSIDE AND FARES DITCH NEAR CRANE LAKE,SK,49.98389053344727,-109.00611114501952,,,0
05HA044,HAMMOND EAST DITCH NEAR MAPLE CREEK,SK,49.81694030761719,-109.3369369506836,,,0
05HA045,HAMMOND WEST DITCH NEAR MAPLE CREEK,SK,49.81694030761719,-109.3388900756836,,,0
05HA050,POLLOCK EAST DITCH NEAR CYPRESS,SK,49.73389053344727,-109.63056182861328,,,0
05HA051,POLLOCK WEST DITCH FROM CYPRESS CREEK,SK,49.73389053344727,-109.63194274902344,,,0
05HA061,BITTER LAKE NEAR HATTON,SK,50.13056182861328,-109.83332824707033,,238.0,0
05HA062,PIAPOT CREEK NEAR PIAPOT,SK,49.91249847412109,-109.2611083984375,123.0,123.0,0
05HA063,JUNCTION RESERVOIR NEAR MAPLE CREEK,SK,49.96944046020508,-109.51805877685548,1230.0,915.0,0
05HA064,DOWNIE LAKE RESERVOIR NEAR MAPLE CREEK,SK,49.78361129760742,-109.68028259277344,25.100000381469727,25.100000381469727,0
05HA065,TENAILLE RESERVOIR NEAR MAPLE CREEK,SK,50.11666870117188,-109.5,,26.899999618530277,0
05HA066,MCDOUGALD RESERVOIR NEAR MAPLE CREEK,SK,49.81666946411133,-109.4416732788086,,1.8899999856948853,0
05HA067,MAPLE CREEK ABOVE TENAILLE LAKE RESERVOIR,SK,50.08639144897461,-109.52999877929688,1560.0,959.0,0
05HA068,MAPLE CREEK ABOVE BIGSTICK LAKE,SK,50.18611145019531,-109.4527816772461,3190.0,1030.0,0
05HA069,GAP CREEK BELOW DOWNIE LAKE DIVERSION,SK,49.77027893066406,-109.6374969482422,235.0,217.0,0
05HA070,DOWNIE LAKE INFLOW CANAL,SK,49.769168853759766,-109.65306091308594,,,0
05HA071,DOWNIE LAKE OUTFLOW CANAL,SK,49.78277969360352,-109.67971801757812,,,0
05HA072,GAP CREEK ABOVE JUNCTION RESERVOIR,SK,49.9022216796875,-109.57805633544922,562.0,530.0,0
05HA073,DOWNIE CREEK BELOW DOWNIE LAKE,SK,49.77444076538086,-109.65277862548828,155.0,155.0,0
05HA074,HARRIS RESERVOIR NEAR MAPLE CREEK,SK,49.817501068115234,-109.50694274902344,14.199999809265137,14.199999809265137,0
05HA075,SKULL CREEK NEAR PIAPOT,SK,49.89167022705078,-108.94027709960938,127.0,93.5,0
05HA076,MAPLE CREEK BELOW JUNCTION RESERVOIR,SK,49.980281829833984,-109.52249908447266,1240.0,920.0,0
05HB001,SOUTH SASKATCHEWAN RIVER NEAR LEMSFORD,SK,51.022220611572266,-109.125,119000.0,80100.0,0
05HB002,HAPPYLAND CREEK NEAR FOX VALLEY,SK,50.73249816894531,-109.54083251953124,54.59999847412109,31.600000381469727,0
05HC001,SOUTH SASKATCHEWAN RIVER AT SASKATCHEWAN LANDING,SK,50.65277862548828,-107.97222137451172,126000.0,81900.0,0
05HC002,SNIPE LAKE NEAR ESTON,SK,51.21833038330078,-108.85193634033205,414.0,118.0,0
05HC003,SNIPE LAKE NORTH INFLOW,SK,51.35499954223633,-108.86277770996094,44.0,38.79999923706055,0
05HC004,LAKE DIEFENBAKER AT SASKATCHEWAN LANDING,SK,50.65583038330078,-107.96888732910156,136000.0,86900.0,0
05HC005,ANTELOPE CREEK NEAR CABRI,SK,50.66196823120117,-108.38150024414062,244.0,105.0,0
05HD001,SWIFT CURRENT CREEK AT POLLOCK'S RANCH,SK,49.57221984863281,-108.772216796875,57.20000076293945,44.79999923706055,0
05HD002,JONES CREEK AT READ'S RANCH,SK,49.61943817138672,-108.6722183227539,136.0,101.0,0
05HD003,BONE CREEK AT LEWIS  RANCH,SK,49.69499969482422,-108.915283203125,39.900001525878906,39.900001525878906,0
05HD004,SWIFT CURRENT CREEK AT SINCLAIR'S RANCH (UPPER STATION),SK,49.81555938720703,-108.55388641357422,372.0,325.0,0
05HD005,SWIFT CURRENT CREEK AT SINCLAIR'S RANCH (LOWER STATION),SK,49.81721878051758,-108.5536117553711,815.0,704.0,0
05HD006,SWIFT CURRENT CREEK NEAR SWIFT CURRENT (LOWER STATION),SK,50.26388931274414,-107.7874984741211,3230.0,2320.0,0
05HD007,SWIFT CURRENT CREEK AT SWIFT CURRENT,SK,50.28055953979492,-107.77777862548828,3280.0,2370.0,0
05HD008,AXTON WEST DITCH NEAR SOUTH FORK,SK,49.58000183105469,-108.74082946777344,,,0
05HD009,JONES CREEK AT STEARNS' RANCH,SK,49.65277862548828,-108.6750030517578,87.30000305175781,59.29999923706055,0
05HD012,POLLOCK EAST DITCH NEAR SOUTH FORK,SK,49.57638931274414,-108.774169921875,,,0
05HD013,LEWIS DITCH AT KLINTONEL,SK,49.69499969482422,-108.91471862792967,,,0
05HD015,AXTON EAST DITCH NEAR SOUTH FORK,SK,49.58000183105469,-108.7388916015625,,,0
05HD020,SINCLAIR SOUTH DITCH NEAR LEITCHVILLE,SK,49.820831298828125,-108.56443786621094,,,0
05HD028,LAC PELLETIER NEAR VESPER,SK,50.00971984863281,-107.9333267211914,111.0,101.0,0
05HD029,PELLETIER CREEK NEAR DUNCAIRN,SK,50.105560302734375,-107.95555877685548,190.0,175.0,0
05HD030,SWIFT CURRENT CREEK BELOW PELLETIER CREEK,SK,50.16471862792969,-107.89639282226562,2910.0,2090.0,0
05HD031,SWIFT CURRENT CREEK ABOVE DUNCAIRN RESERVOIR,SK,49.95832824707031,-108.1833267211914,1920.0,1480.0,0
05HD033,REID LAKE NEAR DUNCAIRN,SK,50.0736083984375,-108.04638671875,2470.0,1740.0,0
05HD034,SWIFT CURRENT CANAL AT SWIFT CURRENT,SK,50.26750183105469,-107.7786102294922,,,0
05HD036,SWIFT CURRENT CREEK BELOW ROCK CREEK,SK,49.84444046020508,-108.47943878173828,1430.0,1090.0,1
05HD037,SWIFT CURRENT CREEK NEAR THE MOUTH,SK,50.60166931152344,-107.7227783203125,3910.0,2640.0,0
05HD038,SWIFT CURRENT CREEK NEAR SWIFT CURRENT,SK,50.24166870117188,-107.8000030517578,3160.0,2270.0,0
05HD039,SWIFT CURRENT CREEK NEAR LEINAN,SK,50.49388885498047,-107.65860748291016,3730.0,2600.0,0
05HD041,SWIFT CURRENT CREEK BELOW REID LAKE,SK,50.08082962036133,-108.04444122314452,2470.0,1740.0,0
05HD042,ILLERBRUN CREEK NEAR SIMMIE,SK,49.93191909790039,-108.25897216796876,,,0
05HE001,SNAKEBITE CREEK NEAR BEECHY,SK,50.80167007446289,-107.27528381347656,861.0,208.0,1
05HF001,SOUTH SASKATCHEWAN RIVER NEAR OUTLOOK,SK,51.473609924316406,-107.0777816772461,136000.0,87300.0,0
05HF003,LAKE DIEFENBAKER AT GARDINER DAM,SK,51.280250549316406,-106.83918762207033,136000.0,86900.0,0
05HF004,SOUTH SASKATCHEWAN RIVER BELOW GARDINER DAM,SK,51.32221984863281,-106.9552764892578,136000.0,87000.0,0
05HF005,MACDONALD CREEK NEAR BOUNTY,SK,51.53221893310547,-107.41221618652344,2550.0,,0
05HF006,BRODERICK IRRIGATION PROJECT MAIN CANAL ABOVE BRODERICK RESERVOIR,SK,51.462501525878906,-106.91667175292967,,,0
05HF007,BRODERICK IRRIGATION PROJECT MAIN CANAL BELOW PUMPING STATION,SK,51.2852783203125,-106.83611297607422,,,0
05HF008,BRODERICK RESERVOIR AT EAST OUTLET,SK,51.47610855102539,-106.88555908203124,,,0
05HF010,WHITE RESERVOIR NEAR FISKE,SK,51.41944122314453,-108.37972259521484,,2.25,0
05HF011,WHITE TRIBUTARY NEAR FISKE,SK,51.42082977294922,-108.3813934326172,0.5400000214576721,0.5400000214576721,0
05HF012,MACLEOD TRIBUTARY NEAR BICKLEIGH,SK,51.32889175415039,-108.4013900756836,18.399999618530277,3.809999942779541,0
05HF013,RIDALLS TRIBUTARY BELOW GREENLEIGH RESERVOIR,SK,51.29750061035156,-108.45361328125,25.100000381469727,23.299999237060547,0
05HF014,CREIGHTON TRIBUTARY NEAR TOTNES,SK,51.3355598449707,-108.4508285522461,13.199999809265137,12.199999809265137,0
05HF015,MCDONALD TRIBUTARY NEAR TOTNES,SK,51.33443832397461,-108.44889068603516,46.09999847412109,35.5,0
05HF016,GREENLEIGH RESERVOIR NEAR BICKLEIGH,SK,51.29750061035156,-108.45361328125,25.100000381469727,23.299999237060547,0
05HF017,BRODERICK RESERVOIR AT WEST EMBANKMENT,SK,51.46527862548828,-106.92166900634766,,,0
05HF018,SMITH TRIBUTARY NEAR FISKE,SK,51.41860961914063,-108.46582794189452,0.7799999713897705,0.699999988079071,0
05HF019,ARNOLD TRIBUTARY NEAR FISKE,SK,51.41889190673828,-108.46443939208984,24.299999237060547,18.600000381469727,0
05HF020,WHITE RESERVOIR OUTFLOW,SK,51.41944122314453,-108.37972259521484,,2.25,0
05HF021,BAD LAKE,SK,51.3861083984375,-108.43055725097656,,157.0,0
05HF022,UNNAMED CREEK NEAR CUTBANK,SK,51.35778045654297,-106.8708267211914,169.0,51.29999923706055,0
05HG001,SOUTH SASKATCHEWAN RIVER AT SASKATOON,SK,52.14067077636719,-106.6443099975586,141000.0,88100.0,0
05HG002,BRIGHTWATER CREEK NEAR KENASTON,SK,51.56230926513672,-106.5008316040039,900.0,282.0,0
05HG003,PIKE LAKE NEAR SASKATOON,SK,51.88888931274414,-106.80555725097656,168.0,25.899999618530277,0
05HG004,SASKATOON S.E. PROJECT EAST MAIN CANAL BELOW BRIGHTWATER RESERVOIR,SK,51.62028121948242,-106.54306030273438,,,0
05HG005,SASKATOON S.E. PROJECT MAIN CANAL ABOVE BLACKSTRAP RESERVOIR,SK,51.68056106567383,-106.4263916015625,,,0
05HG006,BRIGHTWATER RESERVOIR AT RIPARIAN OUTLET,SK,51.6127815246582,-106.53778076171876,1540.0,506.0,0
05HG007,SASKATOON S.E. PROJECT MAIN CANAL ABOVE BRIGHTWATER RESERVOIR,SK,51.587501525878906,-106.50833129882812,,,0
05HG008,SASKATOON S.E. PROJECT EAST MAIN CANAL BELOW BLACKSTRAP RESERVOIR,SK,51.85472106933594,-106.3550033569336,,,0
05HG009,SASKATOON S.E. PROJECT EAST MAIN CANAL BELOW ZELMA RESERVOIR,SK,51.804569244384766,-105.7561264038086,,,0
05HG010,BRADWELL INLET CANAL ABOVE BRADWELL RESERVOIR,SK,51.90999984741211,-106.2316665649414,,,0
05HG011,SASKATOON S.E. PROJECT MAIN CANAL ABOVE ZELMA RESERVOIR,SK,51.84000015258789,-105.85610961914062,,,0
05HG012,ZELMA RESERVOIR AT PUMP STATION,SK,51.8388900756836,-105.8388900756836,,,0
05HG013,BRADWELL RESERVOIR AT PUMP STATION,SK,51.93333053588867,-106.1777801513672,,,0
05HG014,BLACKSTRAP RESERVOIR AT SOUTH SIDE OF CAUSEWAY,SK,51.79721832275391,-106.40833282470705,,,0
05HG015,BLACKSTRAP RESERVOIR AT NORTH DAM,SK,51.84167098999024,-106.37777709960938,,,0
05HG016,BRIGHTWATER CREEK BELOW BRIGHTWATER RESERVOIR,SK,51.61888885498047,-106.54499816894533,1530.0,507.0,0
05HG017,MOON LAKE CREEK NEAR SASKATOON,SK,52.02444076538086,-106.81194305419922,146.0,34.20000076293945,0
05HG018,UNNAMED CREEK NEAR GLENSIDE,SK,51.445560455322266,-106.81832885742188,31.600000381469727,16.600000381469727,0
05HG019,SASKATOON S.E. PROJECT EAST MAIN CANAL BELOW BRODERICK RESERVOIR,SK,51.48360824584961,-106.84806060791016,,,0
05HG020,BRIGHTWATER CREEK NEAR PROCTOR LAKE,SK,51.7136116027832,-106.59388732910156,1750.0,570.0,0
05HG021,INVERNESS CREEK NEAR BRODERICK,SK,51.50408172607422,-106.82089233398438,63.900001525878906,38.59999847412109,0
05HH001,SOUTH SASKATCHEWAN RIVER AT ST. LOUIS,SK,52.92361068725586,-105.80555725097656,148000.0,89200.0,0
05HH002,CROMARTY CREEK NEAR BIRCH HILLS,SK,52.95888900756836,-105.47110748291016,71.69999694824219,70.4000015258789,0
05HH003,KOHLESCHMIDT CREEK NEAR ROSTHERN,SK,52.74721908569336,-106.36805725097656,360.0,196.0,0
05JA001,WOOD RIVER NEAR GRAVELBOURG,SK,49.82638931274414,-106.54444122314452,5610.0,3920.0,0
05JA002,WOOD RIVER NEAR LAFLECHE,SK,49.66860961914063,-106.69416046142578,4730.0,3760.0,0
05JA003,MCDONALD CREEK NEAR MCCORD,SK,49.437801361083984,-106.83583068847656,259.0,258.0,0
05JA004,PINTO CREEK NEAR WOODROW,SK,49.66471862792969,-106.7249984741211,1870.0,1620.0,0
05JA005,WOOD RIVER NEAR MCCORD,SK,49.49478149414063,-106.78678131103516,966.0,966.0,0
05JA006,SIX MILE CREEK NEAR GLENTWORTH,SK,49.49602890014648,-106.75489044189452,314.0,314.0,0
05JB001,NOTUKEU CREEK NEAR VANGUARD,SK,49.9174690246582,-107.18633270263672,3540.0,2980.0,0
05JB002,RUSSELL CREEK NEAR VANGUARD,SK,49.90499877929688,-107.37110900878906,313.0,289.0,0
05JB003,NOTUKEU CREEK NEAR GRAVELBOURG,SK,49.93056106567383,-106.5500030517578,4230.0,3270.0,0
05JB004,NOTUKEU CREEK ABOVE ADMIRAL RESERVOIR,SK,49.70909881591797,-108.12657928466795,454.0,328.0,1
05JB005,MOSQUITO CREEK NEAR VANGUARD,SK,49.93082809448242,-107.34722137451172,250.0,212.0,0
05JB006,RUSSELL CREEK RESERVOIR,SK,49.89889144897461,-107.5111083984375,185.0,160.0,0
05JB007,MOSQUITO CREEK NEAR PAMBRUN,SK,49.97713851928711,-107.43657684326172,125.0,87.30000305175781,0
05JC001,WIWA CREEK NEAR GRAVELBOURG,SK,50.0372200012207,-106.5494384765625,1560.0,996.0,0
05JC002,CHAPLIN LAKE NEAR CHAPLIN,SK,50.45000076293945,-106.63333129882812,,,0
05JC003,RUSH LAKE NEAR RUSH LAKE,SK,50.41416931152344,-107.33000183105467,,,0
05JC004,RUSHLAKE CREEK ABOVE HIGHFIELD RESERVOIR,SK,50.25297164916992,-107.46981048583984,325.0,249.0,0
05JC005,WOOD RIVER DIVERSION TO CHAPLIN LAKE,SK,50.16278076171875,-106.35861206054688,,,0
05JC006,WIWA CREEK NEAR ST. BOSWELLS,SK,50.06806182861328,-106.75499725341795,1360.0,941.0,0
05JC007,FLOWING WELL WEST INFLOW NEAR FLOWING WELL,SK,50.2511100769043,-106.94611358642578,91.9000015258789,89.0999984741211,0
05JD001,OLD WIVES LAKE NEAR EXPANSE,SK,50.008331298828125,-105.8249969482422,,9010.0,0
05JD002,OLD WIVES LAKE NEAR OLD WIVES,SK,50.15555953979492,-106.00833129882812,,9010.0,0
05JD003,WILLOWS COULEE NEAR ASSINIBOIA,SK,49.60860824584961,-105.84722137451172,47.900001525878906,45.09999847412109,0
05JD004,LAKE OF THE RIVERS WEST INFLOW,SK,49.74028015136719,-105.77806091308594,64.19999694824219,61.09999847412109,0
05JD005,WILLOWS COULEE RESERVOIR,SK,49.60889053344727,-105.84388732910156,47.900001525878906,45.09999847412109,0
05JE001,MOOSE JAW RIVER ABOVE THUNDER CREEK,SK,50.34611129760742,-105.53028106689452,5250.0,2830.0,0
05JE002,MOOSE JAW RIVER NEAR LANG,SK,49.93082809448242,-104.48249816894533,875.0,383.0,0
05JE003,MOOSE JAW RIVER AT CHEVRIER'S FARM,SK,50.25917053222656,-105.350830078125,4170.0,2340.0,0
05JE004,MOOSE JAW RIVER NEAR ROULEAU,SK,50.19139099121094,-104.98555755615234,2990.0,1600.0,0
05JE005,AVONLEA CREEK NEAR ROULEAU,SK,50.04721832275391,-104.99082946777344,955.0,521.0,0
05JE006,MOOSE JAW RIVER NEAR BURDICK,SK,50.40032958984375,-105.39785766601562,9230.0,3470.0,0
05JE007,AVONLEA RESERVOIR NEAR AVONLEA,SK,49.9869384765625,-105.0063934326172,908.0,476.0,0
05JE008,WILCOX MAIN DITCH NEAR WILCOX,SK,50.0613899230957,-104.78138732910156,270.0,,0
05JE009,BROKENSHELL CREEK NEAR TROSSACHS,SK,49.64860916137695,-104.21861267089844,153.0,138.0,0
05JE010,AVONLEA INDEX RESERVOIR,SK,49.93056106567383,-105.10832977294922,0.5699999928474426,0.5699999928474426,0
05JF001,QU'APPELLE RIVER NEAR LUMSDEN,SK,50.65047073364258,-104.86678314208984,17500.0,6950.0,0
05JF002,WASCANA LAKE BELOW BROAD STREET WEIR,SK,50.42943954467773,-104.61277770996094,,1290.0,0
05JF003,WASCANA CREEK AT REGINA,SK,50.45000076293945,-104.66667175292967,3780.0,1320.0,0
05JF004,WASCANA CREEK NEAR SEDLEY,SK,50.1361083984375,-104.0305633544922,1620.0,238.0,0
05JF005,WASCANA CREEK NEAR LUMSDEN,SK,50.63555908203125,-104.90978240966795,3850.0,1740.0,0
05JF006,BOGGY CREEK NEAR LUMSDEN,SK,50.59955978393555,-104.81812286376952,401.0,312.0,0
05JF007,MANYBONE CREEK NEAR KRONAU,SK,50.28361129760742,-104.24639129638672,197.0,91.6999969482422,0
05JF008,FAHLMAN CREEK NEAR DAVIN,SK,50.36883163452149,-104.1922836303711,15.300000190734863,15.300000190734863,0
05JF009,WASCANA CREEK NEAR RICHARDSON,SK,50.397499084472656,-104.4869384765625,3130.0,1110.0,0
05JF010,WASCANA LAKE ABOVE BROAD STREET WEIR,SK,50.43138885498047,-104.59361267089844,,1290.0,0
05JF011,COTTONWOOD CREEK NEAR LUMSDEN,SK,50.59056091308594,-104.90860748291016,615.0,224.0,0
05JF012,WASCANA CREEK BELOW KRONAU MARSH,SK,50.3519401550293,-104.43417358398438,2980.0,966.0,0
05JF013,LUMSDEN INDEX RESERVOIR,SK,50.54193878173828,-104.84361267089844,1.190000057220459,1.190000057220459,0
05JF014,HUNTER CREEK NEAR RICHARDSON,SK,50.38777923583984,-104.46083068847656,135.0,116.0,0
05JF015,WASCANA LAKE AT THE MARINA,SK,50.43056106567383,-104.60472106933594,3360.0,1290.0,0
05JF901,WASCANA CREEK 1.2 KM ABOVE TREATMENT PLANT,SK,50.4769401550293,-104.70722198486328,,,0
05JG001,SANDY CREEK NEAR CARON,SK,50.45249938964844,-106.02916717529295,679.0,88.80000305175781,0
05JG002,"WILSON CREEK NEAR KILOMETRE 21, CARON",SK,50.43611145019531,-105.81777954101562,37.29999923706055,21.5,0
05JG003,THUNDER CREEK AT MOOSE JAW,SK,50.38666915893555,-105.6258316040039,3550.0,493.0,0
05JG004,QU'APPELLE RIVER ABOVE BUFFALO POUND LAKE,SK,50.783329010009766,-105.84014129638672,2630.0,862.0,0
05JG005,BUFFALO POUND LAKE NEAR TUXFORD,SK,50.57221984863281,-105.33055877685548,,1200.0,0
05JG006,ELBOW DIVERSION CANAL AT DROP STRUCTURE,SK,50.978641510009766,-106.39846801757812,,,0
05JG007,QU'APPELLE RIVER BELOW MOOSE JAW RIVER,SK,50.577781677246094,-105.26667022705078,12800.0,4800.0,0
05JG009,BUFFALO POUND LAKE AT PUMPING STATION,SK,50.58332824707031,-105.3861083984375,3310.0,1200.0,0
05JG010,QU'APPELLE RIVER ABOVE EYEBROW LAKE,SK,50.97996139526367,-106.29070281982422,544.0,233.0,0
05JG011,QU'APPELLE RIVER BELOW EYEBROW LAKE,SK,50.908329010009766,-106.13333129882812,1550.0,365.0,0
05JG012,THUNDER CREEK NEAR DARMODY,SK,50.6591682434082,-106.27916717529295,988.0,175.0,0
05JG013,RIDGE CREEK NEAR BRIDGEFORD,SK,50.95132827758789,-106.32949829101562,460.0,188.0,0
05JG014,ISKWAO CREEK NEAR CRAIK,SK,50.97888946533203,-105.95944213867188,361.0,95.0999984741211,0
05JG015,KNOX COULEE NEAR TUXFORD,SK,50.69472122192383,-105.60138702392578,24.100000381469727,8.210000038146973,0
05JG901,QU'APPELLE RIVER NEAR EYEBROW LAKE,SK,50.980560302734375,-106.23722076416016,,,0
05JH001,ARM RIVER NEAR BETHUNE,SK,50.73768997192383,-105.19368743896484,1910.0,601.0,0
05JH002,LAST MOUNTAIN LAKE AT REGINA BEACH,SK,50.796669006347656,-104.98528289794922,,2800.0,0
05JH004,LAST MOUNTAIN LAKE AT ROWAN'S RAVINE,SK,50.99563980102539,-105.1838607788086,14600.0,2800.0,0
05JH005,LEWIS CREEK NEAR IMPERIAL,SK,51.300559997558594,-105.38111114501952,572.0,130.0,0
05JH006,LAST MOUNTAIN CREEK NEAR CRAVEN,SK,50.706390380859375,-104.80972290039062,,2870.0,0
05JH007,SILTON INDEX RESERVOIR,SK,50.7994384765625,-104.90306091308594,19.700000762939453,16.100000381469727,0
05JJ001,LITTLE MANITOU LAKE AT MANITOU BEACH,SK,51.712501525878906,-105.39389038085938,,219.0,0
05JJ002,LANIGAN CREEK NEAR HATFIELD,SK,51.44985961914063,-105.17507934570312,7610.0,424.0,0
05JJ003,LANIGAN CREEK ABOVE BOULDER LAKE,SK,51.64986038208008,-105.23811340332033,2283.0,429.7000122070313,0
05JJ004,LANIGAN CREEK DIVERSION TO LITTLE MANITOU LAKE,SK,51.65555953979492,-105.26499938964844,,,0
05JJ005,SASKATOON S.E. PROJECT MAIN CANAL AT OUTLET OF MANITOU PUMPING STATION,SK,51.75582885742188,-105.64888763427734,,,0
05JJ006,SASKATOON S.E. PROJECT DIVERSION TO LITTLE MANITOU LAKE,SK,51.75582885742188,-105.64888763427734,,,0
05JJ007,SASKATOON S.E. PROJECT MAIN CANAL AT INLET TO DELLWOOD RESERVOIR,SK,51.80278015136719,-105.34388732910156,,,0
05JJ008,DELLWOOD RESERVOIR AT PUMP STATION,SK,51.79193878173828,-105.3244400024414,,,0
05JJ009,SALINE CREEK NEAR NOKOMIS,SK,51.41611099243164,-105.10305786132812,950.0,74.0999984741211,0
05JJ010,LANIGAN CREEK NEAR LANIGAN,SK,51.8377799987793,-104.98110961914062,588.0,93.0,0
05JK002,QU'APPELLE RIVER BELOW CRAVEN DAM,SK,50.7065315246582,-104.79792022705078,32900.0,10400.0,0
05JK003,QU'APPELLE RIVER AT CRAVEN DAM,SK,50.706668853759766,-104.8013916015625,33700.0,10400.0,0
05JK004,JUMPING DEER CREEK NEAR LIPTON,SK,50.91596984863281,-103.90155792236328,1680.0,170.0,0
05JK005,ECHO LAKE AT FISH HATCHERY,SK,50.792781829833984,-103.86416625976562,38900.0,12000.0,0
05JK006,LOON CREEK NEAR MARKINCH,SK,50.883331298828125,-104.3083267211914,2040.0,135.0,0
05JK007,QU'APPELLE RIVER BELOW LOON CREEK,SK,50.78781127929688,-104.28272247314452,36500.0,11100.0,0
05JK008,ECHO CREEK AT FORT QU'APPELLE,SK,50.76055908203125,-103.7972183227539,634.0,366.0,0
05JL001,QU'APPELLE RIVER BELOW KATEPWA LAKE,SK,50.6613883972168,-103.6005630493164,40600.0,12400.0,0
05JL002,INDIANHEAD CREEK NEAR INDIAN HEAD,SK,50.64500045776367,-103.60388946533205,327.0,188.0,0
05JL003,PHEASANT CREEK NEAR BLACKWOOD,SK,50.58332824707031,-103.46666717529295,1400.0,476.0,0
05JL004,KATEPWA LAKE AT KATEPWA BEACH,SK,50.692779541015625,-103.6208267211914,39800.0,12400.0,0
05JL005,PHEASANT CREEK NEAR ABERNETHY,SK,50.734169006347656,-103.3280029296875,1150.0,345.0,0
05JL006,LEBRET LAKE AT LEBRET,SK,50.75,-103.6999969482422,,12100.0,0
05JL007,KATEPWA LAKE AT KATEPWA LAKE WEIR,SK,50.658329010009766,-103.5999984741211,,12400.0,0
05JM001,QU'APPELLE RIVER NEAR WELBY,SK,50.49127960205078,-101.55856323242188,50900.0,17100.0,0
05JM003,QU'APPELLE RIVER AT TANTALLON,SK,50.53277969360352,-101.84166717529295,49200.0,16100.0,0
05JM005,KAPOSVAR CREEK NEAR TANTALLON,SK,50.52861022949219,-101.91667175292967,1810.0,367.0,0
05JM006,CROOKED LAKE NEAR GRAYSON,SK,50.60778045654297,-102.66777801513672,44400.0,14500.0,0
05JM007,ROUND LAKE NEAR WHITEWOOD,SK,50.54861068725586,-102.35944366455078,45900.0,15300.0,0
05JM008,QU'APPELLE RIVER BELOW ROUND LAKE,SK,50.508331298828125,-102.25861358642578,47100.0,15500.0,0
05JM009,EKAPO CREEK NEAR BROADVIEW,SK,50.3880615234375,-102.6611099243164,308.0,116.0,0
05JM010,EKAPO CREEK NEAR MARIEVAL,SK,50.53139114379883,-102.7100601196289,1100.0,441.0,0
05JM011,QU'APPELLE RIVER AT MARIEVAL,SK,50.58055877685547,-102.64443969726562,45100.0,14600.0,0
05JM012,KAPOSVAR CREEK NEAR ESTERHAZY,SK,50.649169921875,-102.03888702392578,1700.0,288.0,0
05JM013,QU'APPELLE RIVER AT HYDE,SK,50.64139175415039,-102.9175033569336,44100.0,14100.0,0
05JM015,CUTARM CREEK NEAR SPY HILL,SK,50.59041976928711,-101.74285888671876,766.0,398.0,0
05JM018,ESTERHAZY INDEX RESERVOIR,SK,50.73667144775391,-102.22222137451172,,181.0,0
05JM019,STOCKHOLM INDEX RESERVOIR,SK,50.752220153808594,-102.28083038330078,0.8299999833106995,0.18000000715255737,0
05KA001,CARROT RIVER NEAR KINISTINO,SK,52.9486083984375,-105.00499725341795,1170.0,432.0,0
05KA002,WATERHEN LAKE AT YOUNG'S FARM,SK,52.93333053588867,-105.0999984741211,,,0
05KA003,CARROT RIVER AT BEAULIEU'S FARM,SK,52.84999847412109,-105.1833267211914,546.0,138.0,0
05KA004,DEAD RIVER NEAR KINISTINO,SK,52.81666946411133,-105.08332824707033,321.0,105.0,0
05KA005,MULLNER CREEK NEAR VERNDALE,SK,52.56666946411133,-105.11666870117188,648.0,,0
05KA006,LENORE LAKE NEAR DAYLESFORD,SK,52.50278091430664,-104.9277801513672,,552.0,0
05KA007,WATERHEN MARSH CANAL NEAR KINISTINO,SK,52.87778091430664,-105.0374984741211,,190.0,0
05KA008,WATERHEN LAKE CANAL NEAR KINISTINO,SK,52.90417098999024,-105.0374984741211,,200.0,0
05KA009,GOOSEHUNTING CREEK NEAR BEATTY,SK,52.90777969360352,-104.8383331298828,510.0,333.0,0
05KA010,WALDSEA LAKE NEAR HUMBOLDT,SK,52.269718170166016,-105.18917083740234,214.0,53.59999847412109,0
05KA011,LENORE LAKE NEAR MIDDLE LAKE,SK,52.49250030517578,-105.01444244384766,2220.0,552.0,0
05KA012,WAKAW LAKE NEAR WAKAW,SK,52.644718170166016,-105.62693786621094,233.0,150.0,0
05KB001,MELFORT CREEK NEAR MELFORT,SK,52.84138870239258,-104.54055786132812,417.0,304.0,0
05KB002,DOGHIDE RIVER NEAR TISDALE,SK,52.81666946411133,-104.03333282470705,363.0,356.0,0
05KB003,CARROT RIVER NEAR ARMLEY,SK,53.13639068603516,-104.02082824707033,4400.0,2450.0,0
05KB004,CARROT RIVER NEAR MYRHEIM'S FARM,SK,53.06666946411133,-104.71666717529295,1980.0,867.0,0
05KB005,BURNTOUT BROOK NEAR ARBORFIELD,SK,53.10443878173828,-103.67916870117188,305.0,285.0,0
05KB006,LEATHER RIVER NEAR STAR CITY,SK,52.84222030639648,-104.23999786376952,165.0,122.0,0
05KB007,MELFORT RESERVOIR OUTLET,SK,52.8125,-104.56749725341795,381.0,278.0,0
05KB008,LITTLE BRIDGE CREEK NEAR ARMLEY,SK,53.15777969360352,-104.17138671875,87.0,87.0,0
05KB009,DOGHIDE RIVER BELOW TISDALE,SK,52.8730583190918,-104.0380630493164,396.0,392.0,0
05KB010,LEATHER RIVER BELOW PRESBYTERIAN RIVER,SK,53.04056167602539,-104.0258331298828,1340.0,1220.0,0
05KB011,DOGHIDE RIVER NEAR RUNCIMAN,SK,52.970829010009766,-104.08193969726562,440.0,434.0,0
05KB012,SWEETWATER CREEK NEAR STAR CITY,SK,52.84167098999024,-104.37194061279295,,51.5,0
05KB013,PRESBYTERIAN RIVER ABOVE LEATHER RIVER,SK,53.01667022705078,-104.0199966430664,,185.0,0
05KC001,CARROT RIVER NEAR SMOKY BURN,SK,53.41667175292969,-103.14167022705078,9250.0,7120.0,0
05KC002,CONNELL CREEK NEAR CONNELL CREEK,SK,53.22027969360352,-103.4250030517578,354.0,354.0,0
05KD001,SASKATCHEWAN RIVER AT NIPAWIN,SK,53.36666870117188,-104.03888702392578,287000.0,166000.0,0
05KD002,PETAIGAN RIVER BELOW PETAIGAN SCHOOL,SK,53.51667022705078,-103.53333282470705,466.0,465.0,0
05KD003,SASKATCHEWAN RIVER BELOW TOBIN LAKE,SK,53.7071418762207,-103.29872131347656,289000.0,168000.0,0
05KD004,TOBIN LAKE AT THE SPILLWAY,SK,53.657188415527344,-103.3956069946289,288000.0,168000.0,0
05KD005,SASKATCHEWAN RIVER ABOVE SIPANOK CHANNEL,SK,53.7138900756836,-103.26667022705078,287000.0,168000.0,0
05KD006,CODETTE RESERVOIR ABOVE THE SPILLWAY,SK,53.31972122192383,-104.04193878173828,287000.0,166000.0,0
05KD007,SASKATCHEWAN RIVER BELOW THE FORKS,SK,53.24610900878906,-105.06832885742188,321000.0,,0
05KE001,WHITE FOX RIVER NEAR WHITE FOX,SK,53.45306015014648,-104.1072235107422,2330.0,2070.0,0
05KE002,TORCH RIVER NEAR LOVE,SK,53.52027893066406,-104.16693878173828,4650.0,4650.0,0
05KE004,MOSSY RIVER NEAR CUMBERLAND HOUSE,SK,54.14944076538086,-103.0305633544922,3680.0,3680.0,0
05KE005,WHITE FOX RIVER NEAR GARRICK,SK,53.42221832275391,-104.34166717529295,1870.0,1750.0,0
05KE006,BISSET CREEK NEAR CHOICELAND,SK,53.45306015014648,-104.56861114501952,539.0,538.0,0
05KE007,KELSEY CREEK NEAR GARRICK,SK,53.48139190673828,-104.3258285522461,156.0,118.0,0
05KE008,CANDLE LAKE AT CANDLE LAKE,SK,53.769439697265625,-105.30388641357422,1690.0,1690.0,0
05KE009,LOWER FISHING LAKE ON THE HANSON LAKE ROAD,SK,54.0363883972168,-104.61416625976562,358.0,358.0,0
05KE010,WHITE GULL CREEK AT HIGHWAY NO. 106,SK,53.86497116088867,-104.61963653564452,629.0,629.0,0
05KF001,BALLANTYNE RIVER ABOVE BALLANTYNE BAY,SK,54.56111145019531,-103.9416732788086,1870.0,1870.0,0
05KF002,LITTLE BEAR LAKE ON THE HANSON LAKE ROAD,SK,54.29417037963867,-104.6758270263672,140.0,140.0,0
05KF003,DESCHAMBAULT LAKE ON THE HANSON LAKE ROAD,SK,54.66667175292969,-103.4055633544922,8410.0,8410.0,0
05KF004,BIG SANDY LAKE ON THE HANSON LAKE ROAD,SK,54.46221923828125,-104.1772232055664,434.0,434.0,0
05KG001,STURGEON-WEIR RIVER AT PELICAN NARROWS,SK,55.16667175292969,-102.9333267211914,10700.0,10700.0,0
05KG002,STURGEON-WEIR RIVER AT OUTLET OF AMISK LAKE,SK,54.43888854980469,-102.1750030517578,14600.0,14600.0,0
05KG003,AMISK LAKE NEAR FLIN FLON,SK,54.668060302734375,-102.08416748046876,14600.0,14600.0,0
05KG004,SCHIST LAKE NEAR CHANNING,MB,54.75556182861328,-101.8249969482422,505.0,,0
05KG005,ATHAPAPUSKOW LAKE AT CRANBERRY PORTAGE,MB,54.58332824707031,-101.38333129882812,1990.0,,0
05KG006,BIG ISLAND LAKE NEAR FLIN FLON,MB,54.71667098999024,-101.76667022705078,221.0,,0
05KG007,STURGEON-WEIR RIVER AT LEAF RAPIDS,SK,54.827781677246094,-102.63555908203124,12600.0,12600.0,0
05KG009,PELICAN LAKE AT PELICAN NARROWS,SK,55.165828704833984,-102.94110870361328,10700.0,10700.0,0
05KG010,JAN LAKE NEAR THE HANSON LAKE ROAD,SK,54.89332962036133,-102.82694244384766,438.0,438.0,0
05KH002,CUMBERLAND LAKE NEAR CUMBERLAND HOUSE,SK,53.95832824707031,-102.29611206054688,327000.0,206000.0,0
05KH003,BIRCH RIVER ABOVE BRACKEN DAM NEAR THE PAS,MB,53.82500076293945,-101.3249969482422,2360.0,,0
05KH004,BIRCH RIVER BELOW BRACKEN DAM NEAR THE PAS,MB,53.82500076293945,-101.3249969482422,2360.0,,0
05KH006,ROCKY LAKE NEAR WANLESS,MB,54.17578125,-101.3905792236328,906.0,,0
05KH007,CARROT RIVER NEAR TURNBERRY,SK,53.61368942260742,-102.1037826538086,12600.0,,0
05KH008,SASKATCHEWAN RIVER NEAR MANITOBA BOUNDARY,SK,53.8861083984375,-101.8277816772461,,,0
05KH009,SASKATCHEWAN RIVER OLD CHANNEL,SK,53.83435821533203,-102.9442367553711,328000.0,,0
05KH010,SASKATCHEWAN RIVER BELOW CUMBERLAND HOUSE,SK,53.883331298828125,-101.9333267211914,328000.0,206000.0,0
05KH011,DRAGLINE CHANNEL NEAR SQUAW RAPIDS,SK,53.83332824707031,-102.94027709960938,,,0
05KH012,TEARING RIVER NEAR CUMBERLAND HOUSE,SK,53.95000076293945,-102.1833267211914,,,0
05KH013,BIRCH RIVER NEAR MANITOBA BOUNDARY,SK,53.83332824707031,-101.95639038085938,1340.0,1340.0,0
05KH014,BIRCH RIVER MARSH NEAR CUMBERLAND HOUSE,SK,53.83332824707031,-101.95639038085938,,1340.0,0
05KH015,CARROT RIVER NEAR THE PAS,MB,53.805999755859375,-101.37486267089844,15700.0,,0
05KH701,SASKATCHEWAN RIVER 14.8 KM ABOVE THE PAS,MB,53.89971923828125,-101.4463882446289,,,0
05KJ001,SASKATCHEWAN RIVER AT THE PAS,MB,53.83805847167969,-101.2087173461914,389000.0,,0
05KJ014,PASQUIA RIVER AT HIGHWAY NO. 9,SK,53.25667190551758,-102.1119384765625,74.30000305175781,74.30000305175781,1
05KJ704,SASKATCHEWAN RIVER AT KELSEY LAKE,MB,53.67861175537109,-100.99555206298828,,,0
05KJ705,CEDAR LAKE AT PINE BLUFF,MB,53.510250091552734,-100.65086364746094,,,0
05KJ824,GRACE LAKE NEAR THE PAS,MB,53.81666946411133,-101.1999969482422,28.799999237060547,,0
05KK001,SOUTH MOOSE LAKE AT MOOSE LAKE,MB,53.70610809326172,-100.30667114257812,9180.0,,0
05KK002,CORMORANT LAKE AT CORMORANT,MB,54.22330856323242,-100.6038589477539,2740.0,,0
05KK003,CLEARWATER LAKE NEAR THE PAS,MB,53.98332977294922,-101.16667175292967,672.0,,0
05KK005,NORTH MOOSE LAKE AT MOOSE LAKE NARROWS CONTROL STRUCTURE,MB,53.938289642333984,-100.14666748046876,6340.0,6340.0,0
05KK006,SOUTH MOOSE LAKE AT MOOSE LAKE NARROWS CONTROL STRUCTURE,MB,53.93820190429688,-100.1457977294922,9180.0,9180.0,0
05KK007,MOOSE RIVER NEAR MOOSE LAKE,MB,53.63972091674805,-100.32305908203124,9200.0,9200.0,0
05KK009,CLEARWATER LAKE AT GUY HILL,MB,53.98431015014648,-101.0842514038086,672.0,,0
05KK708,CLEARWATER LAKE AT GUY HILL (MB HYDRO),MB,53.98606872558594,-101.17211151123048,,,0
05KK710,SOUTH MOOSE LAKE AT THE COMMUNITY,MB,53.70750045776367,-100.30750274658205,,,0
05KK711,SHIRLEY LAKE,MB,53.9056282043457,-100.54527282714844,,,0
05KK712,ROSEBUD CREEK BELOW PROVINCIAL ROAD 384,MB,53.75257110595703,-100.7125015258789,,,0
05KL001,SASKATCHEWAN RIVER AT GRAND RAPIDS,MB,53.16389083862305,-99.34889221191406,406000.0,,0
05KL005,CEDAR LAKE NEAR OLESON POINT,MB,53.31956100463867,-100.2794418334961,406000.0,,0
05KL009,CEDAR LAKE AT EASTERVILLE,MB,53.10839080810547,-99.82296752929688,406000.0,,0
05KL701,CEDAR LAKE NEAR OLESON POINT (MB HYDRO),MB,53.31938171386719,-100.27987670898438,,,0
05LA001,BARRIER RIVER OVERFLOW,SK,52.63138961791992,-104.52471923828124,,,0
05LA002,BARRIER RIVER NEAR MCKAGUE,SK,52.571388244628906,-104.02916717529295,1090.0,556.0,0
05LA003,DUCK CREEK NEAR KELVINGTON,SK,52.144439697265625,-103.62610626220705,210.0,171.0,0
05LA004,PIPESTONE CREEK NEAR ROSE VALLEY,SK,52.28916931152344,-103.6722183227539,843.0,550.0,0
05LA005,RED DEER RIVER NEAR ARCHERWILL,SK,52.435001373291016,-103.69693756103516,1870.0,1130.0,0
05LA006,BARRIER RIVER BELOW BARRIER LAKE,SK,52.5494384765625,-103.68611145019533,1340.0,763.0,0
05LA007,KIPABISKAU LAKE NEAR MCKAGUE,SK,52.57110977172852,-104.18444061279295,1040.0,531.0,0
05LB001,ETOMAMI RIVER NEAR RESERVE,SK,52.480560302734375,-102.6449966430664,1100.0,989.0,0
05LB002,ETOMAMI RIVER NEAR BERTWELL,SK,52.59222030639648,-102.56500244140624,2050.0,1850.0,0
05LB003,FIR RIVER NEAR HUDSON BAY,SK,52.85694122314453,-102.41999816894533,500.0,499.0,0
05LB004,LOISELLE CREEK NEAR HUDSON BAY,SK,52.79750061035156,-102.3705596923828,181.0,82.5999984741211,0
05LB005,RED DEER RIVER NEAR STEEN,SK,52.654441833496094,-103.51555633544922,3800.0,2300.0,0
05LB006,SHAND CREEK NEAR DILLABOUGH,SK,52.61832809448242,-102.75138854980467,660.0,572.0,0
05LB007,FIR RIVER NEAR HUDSON BAY,SK,52.83306121826172,-102.39556121826172,511.0,511.0,0
05LB008,MACNAB CREEK NEAR SOMME,SK,52.60805892944336,-102.96582794189452,87.5,76.9000015258789,0
05LB009,GREENWATER CREEK NEAR CHELAN,SK,52.60832977294922,-103.3861083984375,219.0,150.0,0
05LB010,PRAIRIE RIVER NEAR PRAIRIE RIVER,SK,52.81694030761719,-102.99694061279295,355.0,344.0,0
05LB011,GREENWATER LAKE NEAR CHELAN,SK,52.494998931884766,-103.5330581665039,157.0,103.0,0
05LB012,MAREAN LAKE NEAR CHELAN,SK,52.51443862915039,-103.5944366455078,42.70000076293945,28.200000762939453,0
05LC001,RED DEER RIVER NEAR ERWOOD,SK,52.85947036743164,-102.19506072998048,11000.0,8550.0,0
05LC002,RED DEER RIVER NEAR HUDSON BAY,SK,52.81806182861328,-102.3686065673828,10900.0,8410.0,0
05LC003,RED DEER LAKE NEAR BARROWS,MB,52.894439697265625,-101.4638900756836,14200.0,,0
05LC004,RED DEER RIVER NEAR THE MOUTH,MB,52.87628173828125,-101.04939270019533,14500.0,,0
05LC005,LITTLE WOODY RIVER NEAR BARROWS,MB,52.82997131347656,-101.57341766357422,73.0,,0
05LD001,OVERFLOWING RIVER AT OVERFLOWING RIVER,MB,53.14294052124024,-101.10250091552734,3350.0,,1
05LD002,LAKE WINNIPEGOSIS AT DAWSON BAY,MB,52.97452926635742,-100.97897338867188,53500.0,,0
05LD003,OVERFLOWING RIVER NEAR HUDSON BAY,SK,53.03083038330078,-102.31610870361328,350.0,349.0,1
05LE001,SWAN RIVER AT SWAN RIVER,MB,52.12071990966797,-101.25167083740234,4060.0,,0
05LE002,WOODY RIVER AT BOWSMAN,MB,52.21667098999024,-101.21666717529295,1660.0,,0
05LE003,BIRCH RIVER AT BIRCH RIVER,MB,52.38167190551758,-101.1005630493164,133.0,,0
05LE004,WOODY RIVER NEAR BOWSMAN,MB,52.25968933105469,-101.14160919189452,2110.0,,0
05LE005,ROARING RIVER NEAR MINITONAS,MB,52.15098190307617,-101.06085968017578,840.0,,0
05LE006,SWAN RIVER NEAR MINITONAS,MB,52.19599914550781,-101.06082916259766,4230.0,,0
05LE007,SWAN LAKE NEAR NOVRA,MB,52.53805923461914,-100.85610961914062,10100.0,,0
05LE008,SWAN RIVER NEAR NORQUAY,SK,51.997779846191406,-102.07389068603516,1920.0,1780.0,0
05LE009,SINCLAIR RIVER NEAR MINITONAS,MB,52.171329498291016,-100.94188690185548,299.0,,0
05LE010,BIRCH RIVER NEAR BIRCH RIVER,MB,52.3708610534668,-101.08635711669922,138.0,,0
05LE011,MALONECK CREEK NEAR PELLY,SK,51.96889114379883,-101.91388702392578,180.0,171.0,1
05LE012,MADGE LAKE NEAR KAMSACK,SK,51.64083099365234,-101.6630630493164,73.0,39.09999847412109,0
05LF001,STEEPROCK RIVER NEAR MAFEKING,MB,52.72777938842773,-101.1125030517578,300.0,,0
05LF002,BELL RIVER NEAR BELLSITE,MB,52.60422134399414,-101.0389175415039,170.0,,0
05LF801,BELL LAKE NEAR NOVRA,MB,52.54027938842773,-101.2411117553711,58.29999923706055,,0
05LF802,NORTH STEEPROCK LAKE NEAR BELLSITE,MB,52.61471939086914,-101.36811065673828,101.0,,0
05LG001,NORTH PINE RIVER NEAR PINE RIVER,MB,51.81666946411133,-100.53333282470705,210.0,210.0,0
05LG002,GARLAND RIVER NEAR PULP RIVER,MB,51.80556106567383,-100.304443359375,398.0,,0
05LG003,GARLAND RIVER NEAR GARLAND,MB,51.667388916015625,-100.48960876464844,103.0,,0
05LG004,NORTH DUCK RIVER AT COWAN,MB,52.03133010864258,-100.64994049072266,228.0,228.0,1
05LG005,SCLATER RIVER NEAR CAMPERVILLE,MB,51.99721908569336,-100.23056030273438,391.0,,0
05LG006,GARLAND RIVER NEAR DUCK RIVER,MB,51.85274887084961,-100.25052642822266,435.0,,0
05LG801,BEAVER LAKE NEAR PINE RIVER,MB,51.800559997558594,-100.83583068847656,8.600000381469727,,0
05LH001,LAKE WINNIPEGOSIS AT WINNIPEGOSIS,MB,51.64699935913086,-99.9234390258789,53500.0,,0
05LH002,WATERHEN RIVER AT BERNARDIN'S FARM,MB,51.81388854980469,-99.53333282470705,55100.0,,0
05LH004,WATERHEN RIVER AT MCCREERY'S FARM,MB,51.83332824707031,-99.5500030517578,55100.0,,0
05LH005,WATERHEN RIVER NEAR WATERHEN,MB,51.8484992980957,-99.54617309570312,55100.0,,1
05LH006,LAKE WINNIPEGOSIS NEAR MEADOW PORTAGE,MB,51.61943817138672,-99.6125030517578,53500.0,,0
05LH008,WATERHEN LAKE AT SKOWNAN,MB,51.97222137451172,-99.5888900756836,55000.0,,0
05LJ001,MOSSY RIVER AT LACY'S FARM BELOW FISHING RIVER,MB,51.46110916137695,-99.9888916015625,9030.0,,0
05LJ002,MOSSY RIVER AT WILSON'S FARM BELOW FORK RIVER,MB,51.52777862548828,-99.99166870117188,9540.0,,0
05LJ004,VALLEY RIVER AT VALLEY RIVER,MB,51.25278091430664,-100.14443969726562,2750.0,,0
05LJ005,OCHRE RIVER AT OCHRE RIVER,MB,51.05149841308594,-99.78807830810548,348.0,,1
05LJ007,TURTLE RIVER NEAR LAURIER,MB,50.94881057739258,-99.52674865722656,955.0,,0
05LJ009,DAUPHIN LAKE AT OUTLET,MB,51.439918518066406,-99.9503936767578,8740.0,,0
05LJ010,VALLEY RIVER NEAR DAUPHIN,MB,51.282470703125,-100.01653289794922,2880.0,,0
05LJ011,WILSON RIVER NEAR DAUPHIN,MB,51.21002960205078,-100.01638793945312,925.0,,0
05LJ012,VERMILION RIVER NEAR DAUPHIN,MB,51.18746948242188,-100.01611328125,676.0,,0
05LJ013,TURTLE RIVER NEAR STE. ROSE DU LAC,MB,51.05971908569336,-99.5305633544922,1130.0,,0
05LJ014,MOSSY RIVER ABOVE FORK RIVER,MB,51.50360870361328,-99.9958267211914,9060.0,,0
05LJ015,FISHING RIVER NEAR FORK RIVER,MB,51.44916915893555,-100.04055786132812,262.0,,0
05LJ016,FORK RIVER NEAR ETHELBERT,MB,51.522220611572266,-100.36943817138672,266.0,263.0,0
05LJ017,DRIFTING RIVER NEAR ASHVILLE,MB,51.31943893432617,-100.36666870117188,261.0,,0
05LJ018,VALLEY RIVER WEST OF GRANDVIEW,MB,51.18471908569336,-100.85221862792967,1240.0,,0
05LJ019,MINK CREEK NEAR ETHELBERT,MB,51.41413879394531,-100.35427856445312,135.0,,0
05LJ020,EDWARDS CREEK NEAR DAUPHIN AIRPORT,MB,51.10971832275391,-100.0625,139.0,,0
05LJ021,VALLEY RIVER NEAR GRANDVIEW,MB,51.18611145019531,-100.69444274902344,1740.0,1080.0,0
05LJ022,EDWARDS CREEK NEAR DAUPHIN,MB,51.12403106689453,-100.03968811035156,143.0,,0
05LJ024,VALLEY RIVER AT TIMBERTON,MB,51.23191833496094,-100.95111083984376,796.0,,0
05LJ025,MOSSY RIVER BELOW OUTLET OF DAUPHIN LAKE,MB,51.4503288269043,-99.97107696533205,8740.0,,0
05LJ026,SCOTT CREEK NEAR LAURIER,MB,50.84489059448242,-99.55519104003906,75.69999694824219,,0
05LJ027,MCKINNON CREEK NEAR MCCREARY,MB,50.80149841308594,-99.4853286743164,70.0,,0
05LJ029,EDWARDS CREEK ABOVE DAUPHIN RESERVOIRS,MB,51.022499084472656,-100.08167266845705,51.70000076293945,,0
05LJ030,EDWARDS CREEK NEAR OUTLET OF EDWARDS LAKE,MB,50.92499923706055,-100.04444122314452,14.199999809265137,,0
05LJ031,PLEASANT VALLEY CREEK NEAR GRANDVIEW,MB,51.10443878173828,-100.88249969482422,259.0,,0
05LJ032,EASTERN TRIBUTARY TO EDWARDS CREEK,MB,50.986419677734375,-100.06600189208984,13.899999618530272,,0
05LJ034,PACKHORSE CREEK NEAR MCCREARY,MB,50.71667098999024,-99.58332824707033,9.699999809265137,,0
05LJ035,WILSON RIVER NEAR GILBERT PLAINS,MB,51.12638854980469,-100.47222137451172,641.0,,0
05LJ040,SILVER CREEK NEAR GRANDVIEW,MB,51.20777893066406,-100.69499969482422,150.0,108.0,0
05LJ045,WILSON RIVER NEAR ASHVILLE,MB,51.1561393737793,-100.3324966430664,662.0,,0
05LJ046,VERMILION RESERVOIR NEAR DAUPHIN,MB,51.0176887512207,-100.15875244140624,367.0,,0
05LJ047,EDWARDS CREEK DRAIN BELOW JACKFISH CREEK,MB,51.14167022705078,-99.9222183227539,313.0,,0
05LJ048,MINK CREEK NEAR SIFTON,MB,51.43193817138672,-100.01667022705078,259.0,,0
05LJ801,WILSON CREEK NEAR MCCREARY,MB,50.72943878173828,-99.55416870117188,23.5,,0
05LJ803,BALD HILL RESERVOIR NEAR MCCREARY,MB,50.71221923828125,-99.65471649169922,2.5,,0
05LJ805,BALD HILL CREEK NEAR MCCREARY,MB,50.70444107055664,-99.66667175292967,2.5,,0
05LJ807,JACKFISH LAKE NEAR GRANDVIEW,MB,51.39611053466797,-100.79833221435548,31.299999237060547,26.600000381469727,0
05LJ808,PLEASANT VALLEY RESERVOIR NEAR PETLURA,MB,51.05527877807617,-100.94750213623048,230.0,,0
05LJ810,STE. ROSE RESERVOIR NEAR STE. ROSE DU LAC,MB,51.04999923706055,-99.5294418334961,1120.0,1120.0,0
05LJ811,BURROWS RESERVOIR NEAR MERRIDALE,MB,51.40277862548828,-101.0330581665039,550.0,,0
05LJ812,VALLEY RIVER ABOVE GILBERT PLAINS DAM,MB,51.1502799987793,-100.4958267211914,2090.0,,0
05LJ816,DAUPHIN LAKE AT OCHRE BEACH,MB,51.1269416809082,-99.78943634033205,8740.0,,0
05LK001,LAKE MANITOBA NEAR MEADOW PORTAGE,MB,51.62083053588867,-99.5749969482422,79800.0,,0
05LK002,LAKE MANITOBA AT STEEP ROCK,MB,51.443809509277344,-98.80264282226562,79800.0,,0
05LK003,LAKE MANITOBA AT THE NARROWS,MB,51.08055877685547,-98.7805633544922,79800.0,,0
05LK004,LAKE MANITOBA NEAR TOUTES AIDES,MB,51.521671295166016,-99.53971862792967,79800.0,,0
05LL001,WEST SQUIRREL CREEK NEAR AUSTIN,MB,49.96667098999024,-98.9472198486328,132.0,,0
05LL002,WHITEMUD RIVER AT WESTBOURNE,MB,50.13494110107422,-98.58406066894533,6360.0,,0
05LL003,LAKE MANITOBA AT DELTA,MB,50.1875,-98.3166732788086,79800.0,,0
05LL004,WHITEMUD RIVER NEAR GLADSTONE,MB,50.21805953979492,-98.92388916015624,2010.0,,0
05LL005,WHITEMUD RIVER NEAR KEYES,MB,50.185279846191406,-99.10997009277344,1820.0,,0
05LL006,WHITEMUD RIVER NEAR WOODSIDE,MB,50.154441833496094,-98.69750213623048,6240.0,,0
05LL007,PINE CREEK NEAR PINE CREEK STATION,MB,50.06111145019531,-98.94693756103516,620.0,,0
05LL008,JORDAN CREEK DRAIN NEAR PLUMAS,MB,50.39046859741211,-99.05461120605467,177.0,,0
05LL009,STONY CREEK NEAR NEEPAWA,MB,50.23278045654297,-99.5666732788086,171.0,,0
05LL011,BOGGY CREEK NEAR NEEPAWA,MB,50.22624969482422,-99.45574951171876,833.0,371.0,0
05LL012,LAKE MANITOBA NEAR WESTBOURNE,MB,50.25141906738281,-98.5876235961914,79800.0,,0
05LL013,BOGGY CREEK ABOVE LAKE IRWIN,MB,50.18156051635742,-99.399169921875,470.0,202.0,0
05LL014,PINE CREEK NEAR MELBOURNE,MB,49.90092086791992,-99.21439361572266,225.0,,0
05LL015,BIG GRASS RIVER NEAR GLENELLA,MB,50.50569152832031,-98.97028350830078,1070.0,,0
05LL017,NORTH SNAKE CREEK NEAR BIRNIE,MB,50.44721984863281,-99.4499969482422,61.70000076293945,,0
05LL018,PORTAGE DIVERSION NEAR OAKLAND,MB,50.10832977294922,-98.38056182861328,,,0
05LL019,PORTAGE DIVERSION NEAR PORTAGE LA PRAIRIE,MB,49.96556091308594,-98.38027954101562,161000.0,,0
05LL021,RAT CREEK NEAR MACDONALD,MB,49.98411178588867,-98.46871948242188,292.0,,0
05LL022,BEAVER CREEK NEAR BEAVER,MB,50.060279846191406,-98.69583129882812,174.0,,0
05LL023,DEAD LAKE DRAIN NEAR GLADSTONE,MB,50.18743896484375,-98.95057678222656,,,0
05LL024,GOPHER CREEK NEAR GLADSTONE,MB,50.22589111328125,-98.9782485961914,29.0,,0
05LL026,BIG GRASS RIVER ANGLE DITCH NEAR GLENELLA,MB,50.560279846191406,-99.15638732910156,461.0,461.0,0
05LL027,PELICAN CREEK SOUTH TRIBUTARY NEAR BIRNIE,MB,50.4769287109375,-99.47727966308594,9.199999809265137,,1
05LL028,BEAVER CREEK EAST OF BEAVER,MB,50.063419342041016,-98.62928009033205,292.0,,0
05LL802,JACKSON LAKE NEAR SIDNEY,MB,49.873329162597656,-99.0319366455078,55.79999923706055,,0
05LL809,LAKE IRWIN NEAR NEEPAWA,MB,50.21332931518555,-99.44361114501952,830.0,,0
05LL810,WHITEMUD RIVER ABOVE GLADSTONE DAM,MB,50.22499847412109,-98.92888641357422,2010.0,,0
05LL820,BEARCAT CREEK NEAR ARDEN(PR NO. 352),MB,50.20000076293945,-99.2361068725586,26.5,,0
05LL821,BIG GRASS RIVER ABOVE JACKFISH LAKE DAM (D.U. DAM),MB,50.306671142578125,-98.86888885498048,1710.0,,0
05LL822,BIG GRASS RIVER NEAR LANGRUTH (PR NO. 265),MB,50.38777923583984,-98.86943817138672,2030.0,,0
05LL823,BIG GRASS RIVER NEAR GLADSTONE,MB,50.269718170166016,-98.86360931396484,2640.0,,0
05LL824,PINE CREEK NEAR FIRDALE (PR NO. 352),MB,50.008888244628906,-99.11028289794922,364.0,,0
05LM001,FAIRFORD RIVER NEAR FAIRFORD,MB,51.58732986450195,-98.71180725097656,79800.0,,0
05LM002,PARTRIDGE CREEK NEAR ST. MARTIN,MB,51.70832824707031,-98.65833282470705,139.0,,0
05LM003,LAKE ST. MARTIN AT SANDY BAY,MB,51.70000076293945,-98.5500030517578,82200.0,,0
05LM005,LAKE ST. MARTIN NEAR HILBRE,MB,51.50883102416992,-98.52889251708984,82200.0,,0
05LM006,DAUPHIN RIVER NEAR DAUPHIN RIVER,MB,52.001949310302734,-98.32978057861328,82300.0,,0
05LM801,LAKE PINEIMUTA NEAR ST. MARTIN,MB,51.71139144897461,-98.65638732910156,80200.0,,0
05LN002,BURNT LAKE DRAIN NEAR DEERHORN,MB,50.76082992553711,-98.04083251953124,420.0,,0
05LN003,SWAN CREEK NEAR LUNDAR,MB,50.72138977050781,-98.08999633789062,725.0,,0
05LN004,NORTH SHOAL LAKE NEAR INWOOD,MB,50.447059631347656,-97.59700012207033,1280.0,,0
05LN005,DOG LAKE NEAR VOGAR,MB,51.04111099243164,-98.61222076416016,993.0,,0
05LN006,BURNT LAKE DRAIN NORTHWEST OF LUNDAR,MB,50.72077941894531,-98.07566833496094,420.0,,0
05LN805,LAKE FRANCIS NEAR ST. LAURENT,MB,50.35721969604492,-97.94471740722656,374.0,,0
05MA001,SPRING CREEK NEAR WYNYARD,SK,51.77333068847656,-104.11499786376952,57.5,31.600000381469727,0
05MA002,LITTLE QUILL LAKE NEAR WYNYARD,SK,51.87430953979492,-104.1326675415039,4490.0,1840.0,0
05MA003,BIG QUILL LAKE NEAR QUILL LAKE,SK,51.95389175415039,-104.26416778564452,,3370.0,0
05MA004,RANCH LAKE NEAR LENORE LAKE,SK,52.47138977050781,-104.7880630493164,,164.0,0
05MA005,BIG QUILL LAKE NEAR WYNYARD,SK,51.81972122192383,-104.23332977294922,,3370.0,0
05MA007,PONASS LAKE NEAR PONASS LAKE,SK,52.23556137084961,-103.98999786376952,,116.0,0
05MA008,PONASS CREEK NEAR PONASS LAKE,SK,52.18833160400391,-103.98638916015624,250.0,116.0,0
05MA010,BIG QUILL LAKE NEAR KANDAHAR,SK,51.781368255615234,-104.32447814941406,8760.0,3370.0,0
05MA011,BIRCH CREEK NEAR ELFROS,SK,51.7464714050293,-103.87449645996094,692.0,305.0,0
05MA012,IRONSPRING CREEK NEAR WATSON,SK,52.05683135986328,-104.49983215332033,588.0,217.0,0
05MA013,RANCH CREEK NEAR ANNAHEIM,SK,52.31806182861328,-104.8324966430664,40.400001525878906,17.600000381469727,0
05MA014,RANCH CREEK NEAR ANNAHEIM,SK,52.345829010009766,-104.81111145019533,69.69999694824219,40.70000076293945,0
05MA015,WYNYARD CREEK NEAR THE MOUTH,SK,51.79582977294922,-104.2227783203125,62.20000076293945,48.400001525878906,0
05MA016,ROMANCE CREEK NEAR WATSON,SK,51.99396896362305,-104.55391693115234,506.0,80.80000305175781,0
05MA017,WYNYARD CREEK NEAR WYNYARD,SK,51.72138977050781,-104.1897201538086,26.399999618530277,13.199999809265137,0
05MA018,DAFOE BROOK NEAR DAFOE,SK,51.75083160400391,-104.5130615234375,106.0,58.79999923706055,0
05MA019,WIMMER BROOK NEAR WIMMER,SK,52.05611038208008,-104.39582824707033,152.0,67.9000015258789,0
05MA020,QUILL CREEK NEAR QUILL LAKE,SK,52.013671875,-104.2503890991211,273.0,89.5999984741211,0
05MA021,MAGNUSSON CREEK NEAR WYNYARD,SK,51.8142204284668,-104.20530700683594,121.0,86.0,1
05MA022,BECKETT BROOK NEAR FOAM LAKE,SK,51.658329010009766,-103.60333251953124,632.0,116.0,0
05MA023,MILLIGAN CREEK NEAR WADENA,SK,51.85694122314453,-103.77693939208984,1430.0,465.0,0
05MA024,RANCH LAKE NEAR ST. JAMES,SK,52.47806167602539,-104.76721954345705,,164.0,0
05MA025,RANCH CREEK ABOVE RANCH LAKE,SK,52.4055290222168,-104.78925323486328,170.0,87.0,0
05MB001,YORKTON CREEK NEAR EBENEZER,SK,51.38050079345703,-102.50472259521484,2320.0,410.0,0
05MB002,WHITESAND RIVER NEAR KAMSACK,SK,51.56388854980469,-101.9250030517578,9660.0,2340.0,0
05MB003,WHITESAND RIVER NEAR CANORA,SK,51.6362190246582,-102.36981201171876,8740.0,2000.0,0
05MB004,WHITESAND RIVER NEAR SHEHO,SK,51.59278106689453,-103.04389190673828,1840.0,270.0,0
05MB005,WILLOW BROOK AT WILLOWBROOK,SK,51.20555877685547,-102.8013916015625,402.0,95.3000030517578,0
05MB006,CROOKED HILL CREEK NEAR CANORA,SK,51.663330078125,-102.42806243896484,582.0,104.0,0
05MB007,SPIRIT CREEK NEAR BUCHANAN,SK,51.709999084472656,-102.80583190917967,259.0,104.0,0
05MB008,WHITESAND RIVER NEAR SPRINGSIDE,SK,51.397220611572266,-102.7366714477539,2650.0,656.0,0
05MB009,THEODORE RESERVOIR NEAR THEODORE,SK,51.44221878051758,-102.8388900756836,2440.0,546.0,0
05MB010,GOOD SPIRIT LAKE NEAR CANORA,SK,51.5019416809082,-102.6536102294922,820.0,405.0,0
05MB011,VAN PATTENS CREEK NEAR KUROKI,SK,51.86750030517578,-103.58638763427734,113.0,85.0,0
05MB012,LAWRIE CREEK NEAR INSINGER,SK,51.488059997558594,-103.01943969726562,190.0,109.0,0
05MB013,FISHING LAKE NEAR WADENA,SK,51.84749984741211,-103.51555633544922,634.0,407.0,0
05MB014,YORK LAKE NEAR YORKTON,SK,51.16638946533203,-102.49694061279295,546.0,145.0,0
05MC001,ASSINIBOINE RIVER AT STURGIS,SK,51.939720153808594,-102.54694366455078,1930.0,1140.0,0
05MC002,STONY CREEK NEAR STENEN,SK,51.88277816772461,-102.33000183105467,254.0,153.0,0
05MC003,LILIAN RIVER NEAR LADY LAKE,SK,52.02278137207031,-102.625,229.0,153.0,0
05MC004,CONJURING CREEK NEAR PREECEVILLE,SK,51.94166946411133,-102.71666717529295,255.0,143.0,0
05MD001,SHELL RIVER AT ASESSIPPI,MB,50.94721984863281,-101.3166732788086,1980.0,,0
05MD002,SHELL RIVER NEAR DUCK LAKE,MB,51.16944122314453,-101.3277816772461,1650.0,,0
05MD004,ASSINIBOINE RIVER AT KAMSACK,SK,51.56489181518555,-101.91655731201172,13000.0,4320.0,0
05MD005,SHELL RIVER NEAR INGLIS,MB,50.963340759277344,-101.31877136230467,1970.0,,0
05MD006,LITTLE BOGGY CREEK NEAR COTE,SK,51.51721954345703,-101.78250122070312,248.0,127.0,0
05MD007,SHELL RIVER NEAR ROBLIN,MB,51.36191940307617,-101.25621795654295,1320.0,,0
05MD009,LAKE OF THE PRAIRIES NEAR SHELLMOUTH,MB,50.96038055419922,-101.41242980957033,17900.0,,0
05MD010,STONY CREEK NEAR KAMSACK,SK,51.38896942138672,-101.8389663696289,461.0,116.0,0
05MD011,LAKE OF THE PRAIRIES NEAR ROBLIN,MB,51.230690002441406,-101.52468872070312,15279.900390625,,0
05MD012,LAKE OF THE PRAIRIES NEAR TOGO,SK,51.29658126831055,-101.59130859375,17890.0,,0
05MD801,ASSINIBOINE RIVER AT SHELLMOUTH BRIDGE,MB,50.932498931884766,-101.48388671875,18300.0,,0
05MD802,WEST BLUE LAKE AT WEST BLUE LAKE,MB,51.60694122314453,-100.91944122314452,17.899999618530273,,0
05MD804,CHILDS LAKE NEAR BOGGY CREEK,MB,51.5766716003418,-101.1163101196289,67.30000305175781,,0
05ME001,ASSINIBOINE RIVER NEAR RUSSELL,MB,50.81005096435547,-101.43536376953124,19400.0,,0
05ME002,BIRDTAIL CREEK AT BIRTLE,MB,50.42082977294922,-101.04444122314452,1390.0,,0
05ME003,BIRDTAIL CREEK NEAR BIRTLE,MB,50.53472900390625,-100.9524917602539,1100.0,,0
05ME005,CONJURING CREEK NEAR RUSSELL,MB,50.79513931274414,-101.29923248291016,70.4000015258789,,0
05ME006,ASSINIBOINE RIVER NEAR MINIOTA,MB,50.11061096191406,-101.0379409790039,84200.0,,0
05ME007,SMITH CREEK NEAR MARCHWELL,SK,50.83282852172852,-101.57875061035156,435.0,57.79999923706055,0
05ME008,MINNEWASTA CREEK NEAR BEULAH,MB,50.275001525878906,-101.0152816772461,452.0,,0
05ME009,SCISSOR CREEK NEAR MCAULEY,MB,50.26966857910156,-101.38424682617188,205.0,,0
05ME010,SILVER CREEK NEAR BINSCARTH,MB,50.62294006347656,-101.25641632080078,457.0,,0
05ME011,ASSINIBOINE RIVER SOUTHWEST OF ST. LAZARE,MB,50.44221878051758,-101.31861114501952,80100.0,,0
05ME012,ASSINIBOINE RIVER WEST OF RUSSELL,MB,50.766361236572266,-101.43724822998048,19400.0,,0
05ME802,ASSINIBOINE RIVER NEAR ST. LAZARE,MB,50.44361114501953,-101.3133316040039,80100.0,,0
05ME803,SPEAR LAKE NEAR RUSSELL,MB,50.79972076416016,-101.3258285522461,77.4000015258789,,0
05MF001,LITTLE SASKATCHEWAN RIVER NEAR MINNEDOSA,MB,50.35881042480469,-99.90753173828124,2610.0,,0
05MF003,LITTLE SASKATCHEWAN RIVER AT RIVERDALE,MB,50.19028091430664,-99.96666717529295,3160.0,,0
05MF004,LITTLE SASKATCHEWAN RIVER AT MIDDLETON BRIDGE,MB,50.69443893432617,-100.2458267211914,657.0,,0
05MF005,LITTLE SASKATCHEWAN RIVER AT ELPHINSTONE,MB,50.53194046020508,-100.29444122314452,1160.0,,0
05MF006,CLEAR CREEK NEAR THE MOUTH,MB,50.68333053588867,-100.1999969482422,268.0,,0
05MF007,ROLLING RIVER NEAR DANVERS,MB,50.55556106567383,-99.90277862548828,406.0,,0
05MF008,ROLLING RIVER NEAR ERICKSON,MB,50.52331161499024,-99.94613647460938,749.0,,0
05MF009,WHIRLPOOL RIVER AT DANVERS,MB,50.56388854980469,-99.89167022705078,214.0,,0
05MF018,LITTLE SASKATCHEWAN RIVER NEAR RIVERS,MB,50.02360916137695,-100.20774841308594,3888.0,,0
05MF019,CLEAR LAKE AT WASAGAMING,MB,50.66527938842773,-99.97638702392578,146.0,109.0,0
05MF020,LAKE WAHTOPANAH NEAR RIVERS,MB,50.02965927124024,-100.20336151123048,3890.0,,0
05MF021,LITTLE SASKATCHEWAN RIVER NEAR RAPID CITY,MB,50.10832977294922,-100.11666870117188,3460.0,,0
05MF022,JACKFISH CREEK AT OUTLET OF MOON LAKE,MB,50.87221908569336,-100.04666900634766,17.0,,0
05MF023,MOON LAKE NEAR WASAGAMING,MB,50.87361145019531,-100.0494384765625,17.0,,0
05MF024,LITTLE SASKATCHEWAN RIVER NEAR HOROD,MB,50.68999862670898,-100.24893951416016,994.0,,0
05MF025,CLEAR CREEK BELOW OUTLET FROM CLEAR LAKE,MB,50.67916870117188,-100.0633316040039,,,0
05MF026,BOGEY CREEK AT THE WISHING WELL,MB,50.67499923706055,-99.913330078125,,,0
05MF801,LITTLE SASKATCHEWAN RIVER ABOVE RAPID CITY DAM,MB,50.12194061279297,-100.04167175292967,3230.0,,0
05MF803,RIVERS RESERVOIR NEAR RIVERS,MB,50.022220611572266,-100.20027923583984,3890.0,,0
05MF804,NORTH THOMAS LAKE NEAR SANDY LAKE,MB,50.598609924316406,-100.23916625976562,40.70000076293945,16.299999237060547,0
05MG001,ARROW RIVER NEAR ARROW RIVER,MB,50.09288024902344,-100.9556884765625,606.0,,0
05MG002,BOSSHILL CREEK NEAR VIRDEN,MB,49.84278106689453,-100.96721649169922,187.0,,0
05MG003,GOPHER CREEK NEAR VIRDEN,MB,49.78343963623047,-100.96639251708984,301.0,,0
05MG004,OAK RIVER NEAR RIVERS,MB,50.02577972412109,-100.39427185058594,1170.0,,0
05MG005,HAMIOTA CREEK NEAR HAMIOTA,MB,50.18056106567383,-100.5583267211914,51.59999847412109,,0
05MG006,KENTON CREEK AT KENTON,MB,49.9900016784668,-100.61083221435548,42.59999847412109,,0
05MG007,SHOAL LAKE AT SHOAL LAKE,MB,50.43389129638672,-100.5986099243164,409.0,,0
05MG008,OAK RIVER AT SHOAL LAKE,MB,50.442501068115234,-100.58778381347656,362.0,,0
05MG009,ARROW RIVER NEAR KELLOE,MB,50.418060302734375,-100.81722259521484,6.900000095367432,1.7000000476837158,0
05MG010,OAK RIVER NEAR BRADWARDINE,MB,49.92499923706055,-100.46278381347656,1860.0,,0
05MG011,HALES CREEK NEAR HARDING,MB,49.91278076171875,-100.50721740722656,125.0,,0
05MG012,OAK RIVER NEAR OUTLET OF RAVEN LAKE,MB,50.32638931274414,-100.5999984741211,445.0,,0
05MG013,ASSINIBOINE RIVER NORTH OF GRISWOLD,MB,49.84305953979492,-100.46278381347656,89200.0,,0
05MG014,ASSINIBOINE RIVER EAST OF VIRDEN,MB,49.87527847290039,-100.84889221191406,86604.0,,0
05MG015,BAILEYS CREEK NEAR OAK LAKE,MB,49.86061096191406,-100.66764068603516,85.80000305175781,,0
05MG801,ASSINIBOINE RIVER NEAR GRISWOLD,MB,49.84333038330078,-100.45999908447266,89200.0,,0
05MG802,ASSINIBOINE RIVER NEAR VIRDEN,MB,49.84111022949219,-100.81582641601562,86604.0,,0
05MG803,KENTON RESERVOIR NEAR KENTON,MB,49.97555923461914,-100.60778045654295,117.0,,0
05MH001,ASSINIBOINE RIVER AT BRANDON,MB,49.8614387512207,-99.96157836914062,93800.0,,0
05MH002,CYPRESS RIVER AT CYPRESS RIVER,MB,49.54999923706055,-99.0749969482422,377.0,,0
05MH004,CYPRESS RIVER NEAR CYPRESS RIVER,MB,49.591941833496094,-99.03333282470705,632.0,,0
05MH005,ASSINIBOINE RIVER NEAR HOLLAND,MB,49.698638916015625,-98.88955688476562,160000.0,,0
05MH006,LITTLE SOURIS RIVER NEAR BRANDON,MB,49.73217010498047,-99.84886169433594,644.0,,0
05MH007,EPINETTE CREEK NEAR CARBERRY,MB,49.74182891845703,-99.3249969482422,382.0,,0
05MH008,CYPRESS RIVER NEAR BRUXELLES,MB,49.446388244628906,-98.90799713134766,276.0,,0
05MH011,WILLOW CREEK NEAR CHATER,MB,49.85889053344727,-99.82611083984376,666.0,,0
05MH013,ASSINIBOINE RIVER NEAR BRANDON,MB,49.87057876586914,-100.10002899169922,93700.0,,0
05MJ001,ASSINIBOINE RIVER AT HEADINGLEY,MB,49.86827850341797,-97.40528106689452,162000.0,,0
05MJ002,ASSINIBOINE RIVER AT ST. JAMES,MB,49.875,-97.1916732788086,163000.0,,0
05MJ003,ASSINIBOINE RIVER NEAR PORTAGE LA PRAIRIE,MB,49.93777847290039,-98.27371978759766,161000.0,,0
05MJ004,STURGEON CREEK AT ST. JAMES,MB,49.88174819946289,-97.2798309326172,556.0,,0
05MJ005,ASSINIBOINE RIVER NEAR ROSSENDALE,MB,49.758888244628906,-98.64221954345705,161000.0,,0
05MJ006,PORTAGE RESERVOIR NEAR PORTAGE LA PRAIRIE,MB,49.94441986083984,-98.336669921875,161000.0,,0
05MJ007,OMANDS CREEK NEAR METRO ROUTE 90,MB,49.91194152832031,-97.20555877685548,74.80000305175781,,0
05MJ008,OMANDS CREEK NEAR BROOKSIDE CEMETERY,MB,49.91667175292969,-97.21639251708984,70.5999984741211,70.5999984741211,0
05MJ009,TRURO CREEK AT WESTERN AIRPORT BOUNDARY,MB,49.90943908691406,-97.2638931274414,7.699999809265137,,0
05MJ010,TRURO CREEK NEAR ASSINIBOINE GOLF COURSE,MB,49.888328552246094,-97.227783203125,14.699999809265137,,0
05MJ011,STURGEON CREEK NEAR PERIMETER HIGHWAY,MB,49.91611099243164,-97.3258285522461,524.0,,0
05MJ012,ASSINIBOINE RIVER AT BAIE ST. PAUL,MB,50.01205825805664,-97.76083374023438,162000.0,,0
05MJ013,OMANDS CREEK NEAR EMPRESS STREET EAST,MB,49.884239196777344,-97.19473266601562,79.80000305175781,,0
05MJ802,GRANTS LAKE ABOVE GRANTS DAM,MB,50.05860900878906,-97.5491714477539,,,0
05NA001,LONG CREEK NEAR TRIBUNE,SK,49.21805953979492,-103.8888931274414,1970.0,801.0,0
05NA002,LONG CREEK NEAR TRIBUNE,SK,49.175559997558594,-103.84388732910156,1980.0,827.0,0
05NA003,LONG CREEK AT WESTERN CROSSING OF INTERNATIONAL BOUNDARY,SK,49.00008010864258,-103.3525619506836,3210.0,1210.0,0
05NA004,LONG CREEK NEAR MAXIM,SK,49.258888244628906,-103.95610809326172,1790.0,724.0,0
05NA005,GIBSON CREEK NEAR RADVILLE,SK,49.484169006347656,-104.3375015258789,528.0,142.0,0
05NA006,LARSEN RESERVOIR NEAR RADVILLE,SK,49.47517013549805,-104.2816925048828,24.600000381469727,22.299999237060547,0
05NA007,MAXIM LAKE (RESERVOIR) NEAR MAXIM,SK,49.317501068115234,-103.96916961669922,,,0
05NA009,RADVILLE INDEX RESERVOIR,SK,49.5263900756836,-104.2805633544922,3.369999885559082,3.369999885559082,0
05NB001,LONG CREEK NEAR ESTEVAN,SK,49.102081298828125,-103.0169677734375,4840.0,1490.0,0
05NB004,BEAVERDAM CREEK NEAR WEYBURN,SK,49.59722137451172,-103.96527862548828,241.0,,0
05NB005,TATAGWA LAKE NEAR WEYBURN,SK,49.644168853759766,-103.99694061279295,,192.0,0
05NB006,SOURIS RIVER NEAR MIDALE,SK,49.37916946411133,-103.5930633544922,4010.0,2010.0,0
05NB007,SOURIS RIVER NEAR ESTEVAN,SK,49.0997200012207,-102.93721771240234,11300.0,4090.0,0
05NB008,SHORT CREEK NEAR ROCHE PERCEE,SK,49.0625,-102.81806182861328,1230.0,339.0,0
05NB009,SOURIS RIVER NEAR ROCHE PERCEE,SK,49.07611083984375,-102.76471710205078,13400.0,4520.0,0
05NB010,SOURIS RIVER NEAR MACOUN,SK,49.1986083984375,-103.2611083984375,5230.0,2430.0,0
05NB011,YELLOW GRASS DITCH NEAR YELLOW GRASS,SK,49.7863883972168,-104.0396728515625,2650.0,648.0,0
05NB012,BOUNDARY RESERVOIR NEAR ESTEVAN,SK,49.09693908691406,-103.0244369506836,4840.0,1500.0,0
05NB013,LONG CREEK AT EASTERN CROSSING OF INTERNATIONAL BOUNDARY,SK,49.01805877685547,-103.0602798461914,4510.0,1450.0,0
05NB014,JEWEL CREEK NEAR GOODWATER,SK,49.38582992553711,-103.7119369506836,211.0,192.0,0
05NB015,ROUGHBARK CREEK ABOVE ROUGHBARK RESERVOIR,SK,49.494171142578125,-103.76555633544922,156.0,111.0,0
05NB016,ROUGHBARK RESERVOIR NEAR WEYBURN,SK,49.501251220703125,-103.7197494506836,179.0,124.0,0
05NB017,SOURIS RIVER NEAR HALBRITE,SK,49.49361038208008,-103.66221618652344,3950.0,1500.0,0
05NB018,TATAGWA LAKE DRAIN NEAR WEYBURN,SK,49.59986114501953,-103.947998046875,240.0,195.0,0
05NB019,"COULEE, WEST OF BOUNDARY RESERVOIR NEAR ESTEVAN",SK,49.0855598449707,-103.07305908203124,137.0,14.0,0
05NB020,NICKLE LAKE NEAR WEYBURN,SK,49.57538986206055,-103.76927947998048,3700.0,1340.0,0
05NB021,SHORT CREEK NEAR ROCHE PERCEE,SK,49.03125,-102.849609375,1210.0,325.0,0
05NB022,DEAD LAKE RESERVOIR NEAR MIDALE,SK,49.28971862792969,-103.44444274902344,5450.0,2250.0,0
05NB023,ROUGHBARK CREEK BELOW ROUGHBARK RESERVOIR,SK,49.49361038208008,-103.70361328125,254.0,182.0,0
05NB024,WEYBURN INDEX RESERVOIR,SK,49.561668395996094,-103.6744384765625,29.5,23.600000381469727,0
05NB025,SOURIS RIVER NEAR LEWVAN,SK,49.9769401550293,-104.0758285522461,590.0,200.0,0
05NB026,LONG CREEK NEAR CROSBY,ND,48.97499847412109,-103.2677764892578,3370.0,1260.0,0
05NB027,LONG CREEK NEAR NOONAN,ND,48.98110961914063,-103.07611083984376,4460.0,1440.0,0
05NB028,SOURIS RIVER AT WEYBURN,SK,49.65694046020508,-103.8597183227539,2240.0,876.0,0
05NB029,DEAD LAKE PROJECT - SOURIS RIVER CHANNEL,SK,49.28971862792969,-103.44444274902344,5450.0,2250.0,0
05NB030,SOURIS RIVER NEAR MCTAGGART,SK,49.769439697265625,-104.01555633544922,2770.0,737.0,0
05NB031,SOURIS RIVER NEAR BECHARD,SK,49.9888916015625,-104.19000244140624,1831.0,435.0,0
05NB032,RAFFERTY RESERVOIR NEAR ESTEVAN,SK,49.14558029174805,-103.09461212158205,6190.0,2110.0,0
05NB033,MOSELEY CREEK NEAR HALBRITE,SK,49.49483108520508,-103.62957763671876,58.5,35.20000076293945,0
05NB034,ROUGHBARK CREEK NEAR GOODWATER,SK,49.43693923950195,-103.6736068725586,288.0,204.0,0
05NB035,COOKE CREEK NEAR GOODWATER,SK,49.352638244628906,-103.61402893066406,129.0,65.80000305175781,0
05NB036,SOURIS RIVER BELOW RAFFERTY RESERVOIR,SK,49.14339065551758,-103.0831069946289,6200.0,2510.0,0
05NB037,UNNAMED RESERVOIR NEAR GOODWATER,SK,49.336669921875,-103.54110717773438,5047.0,2170.0,0
05NB038,BOUNDARY RESERVOIR DIVERSION CANAL NEAR ESTEVAN,SK,49.148170471191406,-103.11213684082033,,,0
05NB039,TRIBUTARY NEAR OUTRAM,SK,49.17407989501953,-103.30130767822266,94.4000015258789,18.899999618530277,0
05NB040,SOURIS RIVER NEAR RALPH,SK,49.53121948242188,-103.67749786376952,3890.0,,0
05NB041,ROUGHBARK CREEK ABOVE RAFFERTY RESERVOIR,SK,49.464168548583984,-103.68444061279295,269.0,,0
05NC001,MOOSE MOUNTAIN CREEK BELOW MOOSE MOUNTAIN LAKE,SK,49.8730583190918,-103.01499938964844,2310.0,772.0,0
05NC002,MOOSE MOUNTAIN LAKE (RESERVOIR) NEAR CORNING,SK,49.89252853393555,-103.03044128417967,1990.0,606.0,0
05NC003,MOOSE MOUNTAIN CREEK ABOVE KISBEY IRRIGATION PROJECT,SK,49.685001373291016,-102.79611206054688,3290.0,1070.0,0
05NC004,MOOSE MOUNTAIN CREEK BELOW KISBEY IRRIGATION PROJECT,SK,49.61722183227539,-102.59249877929688,3600.0,1230.0,0
05NC005,MOOSE MOUNTAIN CREEK NEAR GLENAVON,SK,50.105560302734375,-103.1402816772461,1020.0,261.0,0
05NC006,ARCOLA INDEX RESERVOIR,SK,49.70222091674805,-102.56832885742188,1.399999976158142,1.399999976158142,0
05ND001,SOURIS RIVER NEAR GLEN EWEN,SK,49.18389129638672,-102.02832794189452,22800.0,7220.0,0
05ND003,SOURIS RIVER NEAR OXBOW,SK,49.21527862548828,-102.17056274414062,21900.0,7120.0,0
05ND004,MOOSE MOUNTAIN CREEK NEAR OXBOW,SK,49.23228073120117,-102.22794342041016,6050.0,2170.0,0
05ND006,FROBISHER INDEX RESERVOIR,SK,49.196388244628906,-102.37667083740234,5.519999980926514,1.7899999618530271,0
05ND007,SOURIS RIVER NEAR SHERWOOD,ND,48.9900016784668,-101.95777893066406,23100.0,7440.0,0
05ND008,WHITE BEAR (CARLYLE) LAKE NEAR CARLYLE,SK,49.7599983215332,-102.2794418334961,183.0,38.59999847412109,0
05ND009,KENOSEE LAKE NEAR CARLYLE,SK,49.83110809326172,-102.2925033569336,141.0,66.30000305175781,0
05ND010,MOOSE MOUNTAIN CREEK ABOVE GRANT DEVINE LAKE,SK,49.52278137207031,-102.17194366455078,4710.0,1940.0,0
05ND011,SHEPHERD CREEK NEAR ALAMEDA,SK,49.34700012207031,-102.25575256347656,175.0,60.09999847412109,0
05ND012,GRANT DEVINE LAKE NEAR ALAMEDA,SK,49.25899887084961,-102.23078155517578,6040.0,2260.0,0
05ND013,MOOSE MOUNTAIN CREEK BELOW GRANT DEVINE LAKE,SK,49.24803161621094,-102.22930908203124,6050.0,2170.0,0
05NE001,PIPESTONE CREEK NEAR MOOSOMIN,SK,50.04444122314453,-101.6758270263672,3650.0,1220.0,0
05NE002,MOOSOMIN LAKE NEAR MOOSOMIN,SK,50.050079345703125,-101.69003295898438,3640.0,1210.0,0
05NE003,PIPESTONE CREEK ABOVE MOOSOMIN LAKE,SK,50.152191162109375,-101.83702850341795,2730.0,655.0,0
05NF001,SOURIS RIVER AT MELITA,MB,49.26667022705078,-100.97708129882812,49900.0,,0
05NF002,ANTLER RIVER NEAR MELITA,MB,49.05727005004883,-101.04891967773438,3220.0,,1
05NF003,GAINSBOROUGH CREEK NEAR MELITA,MB,49.16389083862305,-101.04611206054688,1510.0,,0
05NF006,LIGHTNING CREEK NEAR CARNDUFF,SK,49.22106170654297,-101.7189712524414,748.0,393.0,1
05NF007,GAINSBOROUGH CREEK NEAR LYLETON,MB,49.09498977661133,-101.18299865722656,1150.0,,0
05NF008,GRAHAM CREEK NEAR MELITA,MB,49.26256942749024,-100.998046875,741.0,,0
05NF009,SOURIS RIVER NEAR MELITA,MB,49.17221832275391,-101.02999877929688,49000.0,,0
05NF010,ANTLER RIVER NEAR WAUCHOPE,SK,49.58391952514648,-101.8481674194336,348.0,133.0,1
05NF011,WASKADA CREEK NORTH OF CRANMER,MB,49.11832809448242,-100.68888854980467,97.6999969482422,79.5999984741211,0
05NF012,SOURIS RIVER NEAR WESTHOPE,ND,48.99639129638672,-100.95806121826172,43700.0,,0
05NF013,GAINSBOROUGH CREEK NEAR STORTHOAKS,SK,49.41416931152344,-101.52667236328124,716.0,395.0,0
05NF014,WASKADA CREEK NEAR CRANMER,MB,49.12778091430664,-100.7138900756836,109.0,,0
05NF015,JACKSON CREEK NEAR MELITA,MB,49.29999923706055,-100.9638900756836,448.0,,0
05NF016,SOURIS RIVER NEAR COULTER,MB,49.0908317565918,-100.95333099365234,43900.0,,0
05NF803,SOURIS RIVER NEAR MELITA (PTH NO. 3),MB,49.26639175415039,-100.97083282470705,49900.0,,0
05NF804,METIGOSHE LAKE NEAR METIGOSHE,MB,49.00056076049805,-100.36582946777344,166.0,,0
05NF805,SHARPE LAKE NEAR DELORAINE,MB,49.04360961914063,-100.32666778564452,21.799999237060547,,0
05NG001,SOURIS RIVER AT WAWANESA,MB,49.59693908691406,-99.67864227294922,61100.0,,0
05NG003,PIPESTONE CREEK NEAR PIPESTONE,MB,49.59603118896485,-100.96286010742188,4240.0,,0
05NG004,STONY CREEK NEAR BEDE,MB,49.45528030395508,-100.96221923828124,599.0,,0
05NG007,PLUM CREEK NEAR SOURIS,MB,49.62583160400391,-100.3034210205078,5420.0,,0
05NG010,OAK CREEK NEAR STOCKTON,MB,49.562110900878906,-99.5123291015625,1030.0,,0
05NG011,TURTLEHEAD CREEK NEAR DELORAINE,MB,49.18833160400391,-100.43417358398438,92.4000015258789,,0
05NG012,ELGIN CREEK NEAR SOURIS,MB,49.59024810791016,-100.23568725585938,530.0,,0
05NG016,TURTLEHEAD CREEK ABOVE DELORAINE RESERVOIR,MB,49.13417053222656,-100.40113830566406,75.0,,0
05NG017,TURTLEHEAD CREEK BELOW DELORAINE RESERVOIR,MB,49.16194152832031,-100.4175033569336,79.5999984741211,79.5999984741211,0
05NG019,STONY CREEK NEAR BROOMHILL,MB,49.3980712890625,-101.09886169433594,460.0,,0
05NG020,MEDORA CREEK NEAR NAPINKA,MB,49.325828552246094,-100.70368957519533,998.0,,0
05NG021,SOURIS RIVER AT SOURIS,MB,49.61968994140625,-100.24594116210938,59400.0,,0
05NG022,MAPLE LAKE NEAR PIPESTONE,MB,49.50389099121094,-100.81610870361328,1200.0,,0
05NG023,WHITEWATER LAKE NEAR BOISSEVAIN,MB,49.22264099121094,-100.26264190673828,684.0,674.0,0
05NG024,PIPESTONE CREEK NEAR THE SASKATCHEWAN BOUNDARY,MB,49.84175109863281,-101.39778137207033,3900.0,1340.0,0
05NG025,SOURIS RIVER NEAR LAUDER,MB,49.400001525878906,-100.7602767944336,53100.0,,0
05NG026,SOURIS RIVER NEAR MINTO,MB,49.50083160400391,-99.98916625976562,,,0
05NG027,OAK CREEK NEAR GLENBORO,MB,49.48944091796875,-99.17111206054688,493.0,,0
05NG028,OAK CREEK NEAR CYPRESS RIVER,MB,49.47777938842773,-99.1555633544922,429.0,,0
05NG801,PLUM LAKES ABOVE DELEAU DAM,MB,49.60778045654297,-100.6402816772461,5180.0,,0
05NG803,ELGIN RESERVOIR NEAR ELGIN,MB,49.43999862670898,-100.2436065673828,154.0,,0
05NG806,SOURIS RIVER ABOVE HARTNEY DAM,MB,49.49332809448242,-100.53221893310548,53700.0,,0
05NG807,SOURIS RIVER ABOVE NAPINKA DAM,MB,49.377220153808594,-100.79805755615234,51800.0,,0
05NG809,PLUM LAKES NEAR FINDLAY,MB,49.61000061035156,-100.71305847167967,5180.0,,0
05NG810,COATSTONE RESERVOIR NEAR DELORAINE,MB,49.1502799987793,-100.44667053222656,4.699999809265137,,0
05NG813,OAK LAKE AT OAK LAKE RESORT,MB,49.69055938720703,-100.7169418334961,4810.0,,0
05NG814,DELORAINE RESERVOIR NEAR DELORAINE,MB,49.147220611572266,-100.4111099243164,76.69999694824219,,0
05OA001,PEMBINA RIVER NORTH OF KILLARNEY,MB,49.220970153808594,-99.7205810546875,455.0,,0
05OA002,LONG RIVER ABOVE BADGER CREEK,MB,49.140281677246094,-99.54444122314452,499.0,,0
05OA005,HIDDEN ISLAND COULEE NEAR HANSBORO,ND,48.952781677246094,-99.4263916015625,,,0
05OA006,LONG RIVER NEAR HOLMFIELD,MB,49.138328552246094,-99.4811782836914,574.0,,0
05OA007,BADGER CREEK NEAR CARTWRIGHT,MB,49.12142181396485,-99.33718872070312,1520.0,,0
05OA008,PEMBINA RIVER NEAR KILLARNEY,MB,49.21139144897461,-99.74333190917967,339.0,,0
05OA009,LONG RIVER NEAR WAKOPA,MB,49.10277938842773,-99.83611297607422,147.0,120.0,0
05OA010,PEMBINA RIVER ABOVE LORNE LAKE,MB,49.26346969604492,-99.46402740478516,573.0,,0
05OA012,PEMBINA RIVER ABOVE PEMBINA RIVER DIVERSION,MB,49.269439697265625,-99.5777816772461,510.0,,0
05OA013,LONG RIVER NEAR KILLARNEY,MB,49.17221832275391,-99.6777801513672,217.0,,0
05OA014,LONG RIVER NEAR LYONSHALL,MB,49.13193893432617,-99.80110931396484,160.0,,0
05OA015,GIMBY CREEK NEAR CARTWRIGHT,MB,49.077781677246094,-99.3499984741211,192.0,,0
05OA017,TRIBUTARY CREEK NEAR NINETTE,MB,49.403751373291016,-99.64022064208984,183.0,,0
05OA019,BONE LAKE OUTLET NEAR NINETTE,MB,49.42113876342773,-99.6373062133789,407.0,407.0,0
05OA801,BOISSEVAIN RESERVOIR NEAR BOISSEVAIN,MB,49.2127799987793,-100.03138732910156,50.09999847412109,,0
05OA802,PELICAN LAKE NEAR NINETTE,MB,49.4013900756836,-99.6227798461914,444.0,,0
05OA803,KILLARNEY LAKE AT KILLARNEY,MB,49.17667007446289,-99.6722183227539,235.0,,0
05OA804,LONG RIVER ABOVE KILLARNEY DAM,MB,49.1744384765625,-99.6916732788086,235.0,,0
05OB001,PEMBINA RIVER NEAR LA RIVIERE,MB,49.232059478759766,-98.67938995361328,5330.0,,0
05OB003,PEMBINA RIVER NEAR MANITOU,MB,49.147220611572266,-98.5625,5600.0,,0
05OB006,CRYSTAL CREEK NEAR CRYSTAL CITY,MB,49.12443923950195,-98.94110870361328,136.0,,0
05OB007,PEMBINA RIVER NEAR WINDYGATES,MB,49.03142166137695,-98.27742767333984,7500.0,,0
05OB008,PEMBINA RIVER NEAR KALEIDA,MB,49.05833053588867,-98.4638900756836,7120.0,,0
05OB010,CYPRESS CREEK NEAR CLEARWATER,MB,49.08877182006836,-98.98294067382812,397.0,,0
05OB013,MARY JANE CREEK AT LA RIVIERE,MB,49.23917007446289,-98.6744384765625,136.0,,0
05OB014,MARY JANE RESERVOIR NEAR LA RIVIERE,MB,49.28805923461914,-98.61833190917967,74.5,,0
05OB016,SNOWFLAKE CREEK NEAR SNOWFLAKE,MB,49.02030944824219,-98.60350036621094,975.0,,0
05OB018,SWAN LAKE NEAR SWAN LAKE,MB,49.355560302734375,-98.9000015258789,4900.0,,0
05OB019,PEMBINA RIVER NEAR OUTLET OF SWAN LAKE,MB,49.36381149291992,-98.8401870727539,4990.0,,0
05OB021,MOWBRAY CREEK NEAR MOWBRAY,MB,49.00040054321289,-98.45378875732422,263.0,,0
05OB023,PEMBINA RIVER BELOW CRYSTAL CREEK,MB,49.22161102294922,-99.0344696044922,4480.0,,0
05OB025,PILOT CREEK NEAR PILOT MOUND,MB,49.20943832397461,-98.95227813720705,154.0,,0
05OB027,ROCK LAKE NEAR GLENORA,MB,49.207611083984375,-99.13439178466795,3630.0,,0
05OB031,CYPRESS CREEK NEAR SARLES,ND,48.94306182861328,-98.9513931274414,,,0
05OB033,CYPRESS CREEK ABOVE INTERNATIONAL BOUNDARY NEAR SARLES,ND,48.9769401550293,-98.93444061279295,,,0
05OB034,GOUDNEY RESERVOIR NEAR PILOT MOUND,MB,49.20832824707031,-98.9508285522461,153.0,,0
05OB801,CRYSTAL CITY RESERVOIR AT CRYSTAL CITY,MB,49.14332962036133,-98.95722198486328,159.0,,0
05OB804,ROCK LAKE NEAR GLENORA,MB,49.21110916137695,-99.14582824707033,3630.0,2540.0,0
05OB806,SWAN LAKE NEAR SWAN LAKE,MB,49.355560302734375,-98.9000015258789,4890.0,,0
05OC001,RED RIVER AT EMERSON,MB,49.00374984741211,-97.2238311767578,102000.0,,0
05OC003,RED RIVER AT ELM PARK BRIDGE,MB,49.85417175292969,-97.14167022705078,122000.0,,0
05OC004,PEMBINA RIVER AT NECHE,ND,48.98955154418945,-97.55667114257812,8480.0,,0
05OC006,RED RIVER AT MORRIS,MB,49.35519027709961,-97.34906005859376,111000.0,,0
05OC008,RED RIVER NEAR ST. NORBERT,MB,49.78472137451172,-97.13522338867188,122000.0,,0
05OC009,RED RIVER AT ST. JEAN BAPTISTE,MB,49.26583099365234,-97.34042358398438,109000.0,,0
05OC010,RED RIVER NEAR LETELLIER,MB,49.13172149658203,-97.25325012207033,103000.0,,0
05OC012,RED RIVER NEAR STE. AGATHE,MB,49.56700134277344,-97.18174743652344,115000.0,,0
05OC015,DEADHORSE CREEK AT MORDEN,MB,49.19657897949219,-98.11161041259766,137.0,,0
05OC016,DEADHORSE CREEK NEAR ROSENFELD,MB,49.25080871582031,-97.54981231689452,926.0,,0
05OC017,RED RIVER FLOODWAY NEAR ST. NORBERT,MB,49.758750915527344,-97.12203216552734,119500.0,,0
05OC018,RIVIERE AUX MARAIS NEAR LETELLIER,MB,49.13056182861328,-97.29444122314452,248.0,,0
05OC019,BUFFALO CREEK NEAR ROSENFELD,MB,49.19126892089844,-97.40339660644533,927.0,,0
05OC020,RED RIVER BELOW FLOODWAY CONTROL STRUCTURE,MB,49.75437927246094,-97.13347625732422,119000.0,,0
05OC021,RED RIVER ABOVE FLOODWAY CONTROL STRUCTURE,MB,49.7507209777832,-97.13336181640624,119000.0,,0
05OC022,RIVIERE AUX MARAIS NEAR CHRISTIE,MB,49.074501037597656,-97.30538940429688,195.0,,0
05OC023,DEADHORSE CREEK NEAR MORDEN,MB,49.21667098999024,-98.09166717529295,159.0,,0
05OC024,KRONSGART DRAIN NEAR SEWELL,MB,49.28057098388672,-97.50447845458984,62.09999847412109,,0
05OC025,BUFFALO CREEK NEAR ALTONA,MB,49.08893966674805,-97.6093292236328,454.0,,0
05OC026,RED RIVER ABOVE RED RIVER FLOODWAY,MB,49.73931121826172,-97.13021850585938,119000.0,,0
05OC027,LAKE MINNEWASTA NEAR MORDEN,MB,49.18333053588867,-98.00055694580078,131.0,,0
05OC028,RED RIVER AT ST. ADOLPHE,MB,49.67953109741211,-97.11968994140624,118000.0,,0
05OC029,RED RIVER FLOODWAY AT TRANS CANADA HIGHWAY,MB,49.83251953125,-96.95755004882812,,,0
05OC801,MORDEN RESERVOIR NEAR MORDEN,MB,49.18193817138672,-98.13443756103516,131.0,,0
05OD001,ROSEAU RIVER NEAR DOMINION CITY,MB,49.19124984741211,-96.98445129394533,5020.0,,0
05OD002,ROSEAU RIVER AT DOMINION CITY,MB,49.147220611572266,-97.1500015258789,5670.0,,0
05OD003,"ROSEAU RIVER BELOW RAILWAY BRIDGE, DOMINION CITY",MB,49.14860916137695,-97.16667175292967,5680.0,,0
05OD004,ROSEAU RIVER AT GARDENTON,MB,49.08942031860352,-96.68453216552734,4440.0,,0
05OD014,ROSEAU RIVER AT STUARTBURN,MB,49.13249969482422,-96.76917266845705,4510.0,,0
05OD027,PINE CREEK DIVERSION NEAR PINEY,MB,49.02360916137695,-95.977783203125,156.0,,0
05OD028,MAIN DRAIN NEAR DOMINION CITY,MB,49.13338851928711,-97.1427764892578,225.0,,0
05OD029,MAIN DRAIN NEAR FREDENSTHAL,MB,49.04499816894531,-97.05500030517578,29.399999618530277,,0
05OD030,ROSEAU RIVER NEAR CARIBOU,MN,48.98167037963867,-96.46278381347656,,,0
05OD031,SPRAGUE CREEK NEAR SPRAGUE,MN,48.99250030517578,-95.66194152832033,,,0
05OD032,PINE CREEK NEAR PINE CREEK,MN,48.99306106567383,-95.91777801513672,,,0
05OD033,MAIN DRAIN NEAR RIDGEVILLE,MB,49.05963897705078,-97.06974792480467,50.79999923706055,,0
05OD034,VITA DRAIN NEAR STUARTBURN,MB,49.17667007446289,-96.7638931274414,442.5199890136719,,0
05OD802,ROSEAU RIVER ABOVE DOMINION CITY DAM (P.R. 200),MB,49.14582824707031,-97.16777801513672,5670.0,,0
05OE001,RAT RIVER NEAR OTTERBURNE,MB,49.46192169189453,-97.00921630859376,1420.0,,0
05OE002,RAT RIVER NEAR ST. MALO,MB,49.31731033325195,-96.94499969482422,864.0,,0
05OE004,RAT RIVER NEAR SUNDOWN,MB,49.209808349609375,-96.28713989257812,423.0,,1
05OE005,MANNING CANAL NEAR NIVERVILLE,MB,49.60277938842773,-96.84722137451172,252.0,,0
05OE006,MANNING CANAL NEAR ILE DES CHENES,MB,49.635440826416016,-96.90628051757812,481.0,,0
05OE007,JOUBERT CREEK AT ST. PIERRE-JOLYS,MB,49.44023895263672,-96.98898315429688,348.0,,0
05OE008,MARSH RIVER ABOVE CONFLUENCE WITH RAT RIVER,MB,49.53055953979492,-97.14167022705078,409.0,,0
05OE009,TOUROND CREEK NEAR TOUROND,MB,49.53202819824219,-96.98477935791016,210.0,,0
05OE010,MARSH RIVER NEAR OTTERBURNE,MB,49.50239181518555,-97.15593719482422,403.0,,0
05OE011,SEINE RIVER DIVERSION NEAR ILE DES CHENES,MB,49.69493865966797,-96.98764038085938,1420.0,,0
05OE013,SEINE RIVER DIVERSION NEAR ST. ADOLPHE,MB,49.695831298828125,-97.09307861328124,1430.0,,0
05OE014,PANSY DRAIN NEAR SARTO,MB,49.38505935668945,-96.73136138916016,44.29999923706055,,0
05OE015,JOUBERT CREEK NEAR PANSY,MB,49.32553863525391,-96.7637176513672,208.0,,0
05OE823,ST. MALO LAKE NEAR ST. MALO,MB,49.31806182861328,-96.93556213378906,861.0,,0
05OF002,MORRIS RIVER AT ROSENORT,MB,49.45832824707031,-97.4375,2250.0,,0
05OF003,BOYNE RIVER NEAR CARMAN,MB,49.51747131347656,-97.94461059570312,1130.0,,0
05OF004,BOYNE CHANNEL NEAR HOMEWOOD,MB,49.51805877685547,-97.8444366455078,,,0
05OF006,BOYNE RIVER NEAR STEPHENFIELD,MB,49.51197052001953,-98.25128173828124,987.0,,0
05OF007,BOYNE RIVER NEAR RATHWELL,MB,49.6361083984375,-98.50527954101562,462.0,,0
05OF008,STEPHENFIELD LAKE NEAR STEPHENFIELD,MB,49.52917098999024,-98.2830581665039,954.0,,0
05OF009,ROSEISLE CREEK NEAR ROSEISLE,MB,49.50252914428711,-98.32810974121094,223.0,,0
05OF010,BOYNE RIVER NEAR TREHERNE,MB,49.67082977294922,-98.64305877685548,270.0,,0
05OF011,BOYNE RIVER NEAR ROSEISLE,MB,49.54528045654297,-98.41443634033205,589.0,,0
05OF012,TOBACCO CREEK NEAR ROLAND,MB,49.40277862548828,-97.93055725097656,357.0,,0
05OF014,SHANNON CREEK NEAR MORRIS,MB,49.35483932495117,-97.42247009277344,617.0,,1
05OF015,NORTH SHANNON CREEK NEAR MYRTLE,MB,49.34278106689453,-97.84249877929688,155.0,,0
05OF016,TOBACCO CREEK NEAR ROSEBANK,MB,49.42832946777344,-98.13361358642578,291.0,,0
05OF017,SOUTH TOBACCO CREEK NEAR MIAMI,MB,49.37924957275391,-98.25031280517578,76.4000015258789,76.4000015258789,1
05OF018,TOBACCO CREEK NEAR ROSEBANK,MB,49.43318939208984,-98.15991973876952,130.0,127.0,0
05OF019,SOUTH TOBACCO CREEK NEAR ROSEBANK,MB,49.41527938842773,-98.16056060791016,146.0,,0
05OF020,MORRIS RIVER NEAR ROSENORT,MB,49.490081787109375,-97.4816665649414,2220.0,,0
05OF021,SHANNON CREEK NEAR MORDEN,MB,49.27442169189453,-98.00157928466795,269.0,,0
05OF022,SHANNON CREEK NEAR WINKLER,MB,49.28194046020508,-97.8708267211914,299.0,299.0,0
05OF023,SOUTH BRANCH OF SOUTH TOBACCO CREEK NEAR HIGHWAY 240,MB,49.36539077758789,-98.34559631347656,34.5,34.5,0
05OF024,LITTLE MORRIS RIVER NEAR ROSENORT,MB,49.45743942260742,-97.47686004638672,982.0,979.0,0
05OF025,MORRIS RIVER AT BRUNKILD,MB,49.58652877807617,-97.58071899414062,466.0,,0
05OF026,NORQUAY CHANNEL NEAR HOMEWOOD,MB,49.57596969604492,-97.8001708984375,1350.0,,0
05OF801,BOYNE RIVER ABOVE CARMAN DAM,MB,49.50360870361328,-98.0177764892578,1110.0,,0
05OG001,LA SALLE RIVER NEAR SANFORD,MB,49.68000030517578,-97.43205261230467,1800.0,,0
05OG002,LA SALLE RIVER AT LA SALLE,MB,49.69403076171875,-97.26307678222656,2300.0,,0
05OG003,LA SALLE RIVER NEAR SANFORD,MB,49.650001525878906,-97.38333129882812,2020.0,,0
05OG004,ELM CREEK CHANNEL NEAR FANNYSTELLE,MB,49.811668395996094,-97.7772216796875,647.0,,0
05OG005,ELM CREEK CHANNEL NEAR ELM CREEK,MB,49.81285858154297,-97.9826889038086,589.0,,0
05OG006,ELM CREEK CHANNEL NO. 3 NEAR ELM CREEK,MB,49.79819107055664,-98.00550079345705,385.0,,0
05OG008,LA SALLE RIVER NEAR ELIE,MB,49.886810302734375,-97.76725006103516,189.0,,0
05OG009,DOMAIN DRAIN NEAR DOMAIN,MB,49.65888977050781,-97.28888702392578,76.5999984741211,,0
05OG010,MANNESS DRAIN NEAR SANFORD,MB,49.62055969238281,-97.37555694580078,50.59999847412109,,0
05OG801,LA SALLE RIVER ABOVE HAMPSON DAM,MB,49.723609924316406,-97.5258331298828,1770.0,,0
05OG802,LA SALLE RIVER ABOVE HOGUE DAM,MB,49.68389129638672,-97.3491668701172,2120.0,,0
05OG803,LA SALLE RIVER ABOVE LEWKO DAM,MB,49.6513900756836,-97.38971710205078,2010.0,,0
05OG804,LA SALLE RIVER ABOVE ST. NORBERT DAM,MB,49.7227783203125,-97.17305755615234,2360.0,,0
05OG805,LA SALLE RIVER ABOVE STARBUCK DAM (P.R. 332),MB,49.77138900756836,-97.61833190917967,1660.0,,0
05OG806,LA SALLE RIVER ABOVE SANFORD DAM,MB,49.68389129638672,-97.43611145019533,1800.0,,0
05OG807,LA SALLE RIVER AT ELIE,MB,49.901668548583984,-97.76277923583984,187.0,,0
05OG808,LA SALLE RIVER ABOVE LA SALLE DAM (P.R. 330),MB,49.69417190551758,-97.26277923583984,2300.0,,0
05OH001,"SEINE RIVER AT RAILWAY BRIDGE, NEAR STE. ANNE DES CHENES",MB,49.66667175292969,-96.6500015258789,5.400000095367432,,0
05OH003,SEINE RIVER AT STE. ANNE DES CHENES,MB,49.6763916015625,-96.6833267211914,8.699999809265137,,0
05OH006,SEINE RIVER NEAR PRAIRIE GROVE,MB,49.767860412597656,-96.9338607788086,300.0,,0
05OH007,SEINE RIVER NEAR STE. ANNE,MB,49.6436882019043,-96.60877227783205,580.0,,0
05OH008,SEINE RIVER DIVERSION NEAR STE. ANNE,MB,49.65494155883789,-96.65413665771484,705.0,,0
05OH009,SEINE RIVER SOUTH OF PRAIRIE GROVE,MB,49.77241897583008,-96.95807647705078,302.0,,0
05OH802,SEINE RIVER AT STE. ANNE,MB,49.66638946533203,-96.65721893310548,4.400000095367432,,0
05OJ001,RED RIVER AT WINNIPEG,MB,49.91667175292969,-97.125,286000.0,,0
05OJ002,COOKS CREEK NEAR EAST SELKIRK,MB,50.140281677246094,-96.83000183105467,666.0,,0
05OJ005,RED RIVER AT SELKIRK,MB,50.1456413269043,-96.8661880493164,287000.0,,0
05OJ006,COOKS CREEK AT COOKS CREEK,MB,50.02000045776367,-96.77306365966795,523.0,,0
05OJ007,COOKS CREEK NEAR GLASS,MB,49.8861083984375,-96.74056243896484,192.0,,0
05OJ008,NETLEY CREEK NEAR PETERSFIELD,MB,50.32722091674805,-97.0441665649414,641.0,,0
05OJ009,NETLEY CREEK NEAR MATLOCK,MB,50.44778060913086,-97.16555786132812,300.0,,0
05OJ010,RED RIVER NEAR LOCKPORT,MB,50.10778045654297,-96.93167114257812,287000.0,,0
05OJ012,DEVILS CREEK NEAR SEMPLE,MB,50.22222137451172,-96.7249984741211,290.0,,0
05OJ013,TOWNSHIP LINE DRAIN NEAR LIBAU,MB,50.23183059692383,-96.72589111328124,12.800000190734863,12.800000190734863,0
05OJ014,RED RIVER FLOODWAY NEAR LOCKPORT,MB,50.08332824707031,-96.9277801513672,,,0
05OJ015,RED RIVER AT JAMES AVENUE PUMPING STATION,MB,49.89849853515625,-97.13218688964844,285000.0,,0
05OJ016,DEVILS CREEK NEAR LIBAU,MB,50.19474029541016,-96.71388244628906,240.0,,0
05OJ017,GRASSMERE CREEK DRAIN NEAR MIDDLECHURCH,MB,49.994388580322266,-97.10135650634766,462.0,,0
05OJ018,LAKE WINNIPEG NEAR SANS SOUCI,MB,50.391109466552734,-96.8083267211914,1020000.0,,0
05OJ019,COOKS CREEK BELOW COOKS CREEK DIVERSION,MB,49.900028228759766,-96.74044799804688,278.0,,0
05OJ020,COOKS CREEK DIVERSION AT INLET,MB,49.900028228759766,-96.74044036865234,278.0,,0
05OJ021,RED RIVER UPSTREAM OF ST. ANDREWS DAM AT LOCKPORT,MB,50.08388900756836,-96.93742370605467,286000.0,,0
05OJ022,RED RIVER AT BREEZY POINT,MB,50.28300094604492,-96.85855865478516,288000.0,,0
05OJ023,RED RIVER AT CHIEF PEGUIS TRAIL,MB,49.95072937011719,-97.09722137451172,285000.0,,0
05OJ024,RED RIVER UPSTREAM OF ST ANDREWS DAM AT LOCKPORT NO.2,MB,50.08403015136719,-96.9409408569336,286000.0,,0
05OJ829,RED RIVER AT EAST SELKIRK GENERATING PLANT,MB,50.13222122192383,-96.85556030273438,,,0
05PA001,KETTLE RIVER ABOVE KETTLE FALLS,ON,48.49443817138672,-92.64443969726562,19300.0,,0
05PA003,NAMAKAN LAKE ABOVE KETTLE FALLS DAM,ON,48.5,-92.63886260986328,,,0
05PA005,NORTHERN LIGHT LAKE AT OUTLET,ON,48.24028015136719,-90.76889038085938,,,0
05PA006,NAMAKAN RIVER AT OUTLET OF LAC LA CROIX,ON,48.38256072998047,-92.17630767822266,13400.0,,0
05PA007,CROOKED LAKE NEAR CURTAIN FALLS,ON,48.23749923706055,-91.90611267089844,,,0
05PA010,FRENCH LAKE NEAR ATIKOKAN,ON,48.67221832275391,-91.13500213623048,,,0
05PA011,LAC LA CROIX AT CAMPBELL'S CAMP,ON,48.355079650878906,-92.21743774414062,13400.0,,0
05PA012,BASSWOOD RIVER NEAR WINTON,MN,48.08256149291992,-91.6511688232422,4510.0,,0
05PA013,NAMAKAN LAKE AT SQUIRREL ISLAND,ON,48.49686050415039,-92.65856170654295,,,0
05PB001,SEINE RIVER NEAR LA SEINE,ON,48.75,-92.1999969482422,5800.0,,0
05PB002,LITTLE TURTLE LAKE NEAR MINE CENTRE,ON,48.772220611572266,-92.60832977294922,,,0
05PB003,MANITOU RIVER ABOVE DEVIL'S CASCADE,ON,48.97499847412109,-93.34166717529295,1360.0,,0
05PB004,FOOTPRINT RIVER AT RAINY LAKE FALLS,ON,48.85832977294922,-93.5749969482422,1090.0,,0
05PB007,RAINY LAKE NEAR FORT FRANCES,ON,48.64912033081055,-93.3206787109375,,,0
05PB009,SEINE RIVER AT STURGEON FALLS GENERATING STATION,ON,48.74443817138672,-92.28472137451172,5880.0,,0
05PB012,LAC DES MILLE LACS ABOVE OUTLET DAM,ON,48.97999954223633,-90.7300033569336,,,0
05PB014,TURTLE RIVER NEAR MINE CENTRE,ON,48.8502197265625,-92.7238311767578,4770.0,,1
05PB015,PIPESTONE RIVER ABOVE RAINY LAKE,ON,48.56861114501953,-92.524169921875,443.0,,0
05PB018,ATIKOKAN RIVER AT ATIKOKAN,ON,48.75196838378906,-91.5840835571289,358.0,,0
05PB019,NORTHEAST TRIBUTARY TO DASHWA LAKE NEAR ATIKOKAN,ON,48.950828552246094,-91.71221923828124,,,0
05PB020,EASTERN TRIBUTARY TO DASHWA LAKE NEAR ATIKOKAN,ON,48.94055938720703,-91.69833374023438,,,0
05PB021,EYE RIVER NEAR HARDTACK LAKE NORTH OF ATIKOKAN,ON,48.92499923706055,-91.66221618652344,19.799999237060547,,0
05PB022,EYE RIVER NEAR COULSON LAKE NORTH OF ATIKOKAN,ON,48.894439697265625,-91.6675033569336,27.899999618530277,,0
05PB023,RAINY LAKE AT NORTHWEST BAY,ON,48.8415412902832,-93.62371826171876,,,0
05PB024,RAINY LAKE NEAR BEAR PASS,ON,48.700469970703125,-92.95835876464844,,,0
05PB025,RAINY LAKE AT STOKES BAY,ON,48.536109924316406,-92.56111145019533,,,0
05PC009,LA VALLEE RIVER AT LA VALLEE,ON,48.62083053588867,-93.625,150.0,,0
05PC010,STURGEON RIVER NEAR BARWICK,ON,48.6875,-93.98332977294922,168.0,,0
05PC011,PINEWOOD RIVER NEAR PINEWOOD,ON,48.75278091430664,-94.23332977294922,461.0,,0
05PC016,LA VALLEE RIVER NEAR DEVLIN,ON,48.59027862548828,-93.67278289794922,274.0,,0
05PC018,RAINY RIVER AT MANITOU RAPIDS,MN,48.63447189331055,-93.91336059570312,50200.0,,0
05PC019,RAINY RIVER AT FORT FRANCES,ON,48.60852813720703,-93.4034423828125,38600.0,,0
05PC021,RAINY RIVER AT RAINY RIVER,ON,48.717018127441406,-94.5642318725586,,,0
05PC022,LA VALLEE RIVER NEAR BURRISS,ON,48.67844009399414,-93.66522216796876,99.9000015258789,,0
05PC023,PINEWOOD RIVER AT HIGHWAY NO. 617,ON,48.79801940917969,-94.18451690673828,233.0,,0
05PC024,RAINY RIVER AT PITHERS POINT SITE NO.1,ON,48.6138916015625,-93.35472106933594,,,0
05PC025,RAINY RIVER AT PITHERS POINT SITE NO.2,ON,48.616249084472656,-93.35991668701172,,,0
05PC027,RAINY RIVER ABOVE LAKE OF THE WOODS,ON,48.76742935180664,-94.66500091552734,,,0
05PD001,LAKE OF THE WOODS AT WARROAD,MN,48.90422058105469,-95.3160629272461,,,0
05PD004,SHOAL LAKE AT INDIAN BAY,MB,49.62221908569336,-95.20832824707033,971.0,,0
05PD008,LAKE OF THE WOODS AT HANSON BAY,ON,49.1328010559082,-94.2834930419922,,,0
05PD011,LAKE OF THE WOODS AT CLEARWATER BAY,ON,49.71255874633789,-94.8102798461914,,,0
05PD014,LAKE 114 OUTLET NEAR KENORA,ON,49.66944122314453,-93.7624969482422,0.5799999833106995,,0
05PD015,LAKE 240 OUTLET NEAR KENORA,ON,49.64778137207031,-93.72611236572266,7.25,,0
05PD016,LAKE 120 OUTLET NEAR KENORA,ON,49.65694046020508,-93.8388900756836,0.699999988079071,,0
05PD017,LAKE 470 OUTLET NEAR KENORA,ON,49.65639114379883,-93.73249816894533,1.6799999475479126,,0
05PD018,LAKE 304 NEAR KENORA,ON,49.657501220703125,-93.74806213378906,0.25999999046325684,,0
05PD019,LAKE 303 OUTLET NEAR KENORA,ON,49.65972137451172,-93.74388885498048,0.5400000214576721,,0
05PD020,LAKE 303 NEAR KENORA,ON,49.661109924316406,-93.74166870117188,0.5400000214576721,,0
05PD021,LAKE 239 NEAR KENORA,ON,49.65777969360352,-93.72666931152344,3.900000095367432,,0
05PD022,NORTHWEST TRIBUTARY TO LAKE 239 NEAR KENORA,ON,49.665828704833984,-93.727783203125,0.5600000023841858,,0
05PD023,LAKE 239 OUTLET NEAR KENORA,ON,49.65777969360352,-93.72666931152344,3.900000095367432,,0
05PD024,"LAKE 239, LOWER EAST INLET, NEAR KENORA",ON,49.6602783203125,-93.7133331298828,1.7000000476837158,,0
05PD025,"LAKE 239, UPPER EAST INLET, NEAR KENORA",ON,49.66249847412109,-93.70832824707033,0.9100000262260436,,0
05PD026,BERRY CREEK AT THE OUTLET OF BERRY LAKE,ON,49.44166946411133,-93.98332977294922,744.0,,0
05PD027,LAKE 114 NEAR KENORA,ON,49.66944122314453,-93.75833129882812,0.5799999833106995,,0
05PD028,LAKE 661 OUTLET NEAR KENORA,ON,49.658329010009766,-93.7397232055664,1.25,,0
05PD029,LAKE OF THE WOODS AT CYCLONE ISLAND,ON,49.3283805847168,-94.85337829589844,,,0
05PD030,LAKE OF THE WOODS AT SIOUX NARROWS,ON,49.41389083862305,-94.09583282470705,,,0
05PD031,LAKE 239 NORTHEAST INLET NEAR KENORA,ON,49.667781829833984,-93.71888732910156,0.119999997317791,,0
05PD032,LAKE 114 INFLOW NEAR KENORA,ON,49.67499923706055,-93.75138854980467,0.05999999865889549,,0
05PD033,LAKE 979 OUTFLOW NEAR KENORA,ON,49.64332962036133,-93.727783203125,8.319999694824219,,0
05PD034,LAKE 979 NEAR KENORA,ON,49.64332962036133,-93.727783203125,8.319999694824219,,0
05PD801,FALCON LAKE NEAR FALCON LAKE,MB,49.67861175537109,-95.31360626220705,115.0,115.0,0
05PD802,MOOSE LAKE NEAR SPRAGUE,MB,49.196388244628906,-95.334716796875,24.399999618530277,,0
05PE001,WINNIPEG RIVER BELOW KENORA POWERHOUSE,ON,49.77281188964844,-94.5036392211914,,,0
05PE003,LAKE OF THE WOODS OUTLET AT BOAT LIFT CHANNEL,ON,49.76388931274414,-94.5583267211914,,,0
05PE004,LAKE OF THE WOODS OUTLET AT MILL 'C' KEEWATIN,ON,49.76388931274414,-94.55555725097656,,,0
05PE005,LAKE OF THE WOODS OUTLET AT MINK CREEK,ON,49.76158142089844,-94.5661392211914,,,0
05PE006,LAKE OF THE WOODS EASTERN OUTLET AT KENORA POWERHOUSE,ON,49.77252960205078,-94.50308227539062,,,0
05PE008,"WINNIPEG RIVER WEST BRANCH, KEEWATIN RIVER BRIDGE",ON,49.77082824707031,-94.5500030517578,,,0
05PE009,WINNIPEG RIVER AT MINAKI,ON,49.986419677734375,-94.66307830810548,,,0
05PE010,WINNIPEG RIVER AT WHITEDOG FALLS POWERHOUSE,ON,50.11666870117188,-94.8708267211914,,,0
05PE011,LAKE OF THE WOODS WESTERN OUTLET ABOVE NORMAN DAM AND POWERHOUSE SITE NO.1,ON,49.771968841552734,-94.52446746826172,,,0
05PE012,WINNIPEG RIVER BELOW NORMAN DAM AND POWERHOUSE,ON,49.77169036865234,-94.52474975585938,,,0
05PE014,LAKE OF THE WOODS AT KEEWATIN,ON,49.76399993896485,-94.55448150634766,,,0
05PE015,"WINNIPEG RIVER BELOW MILL A, KEEWATIN",ON,49.76388931274414,-94.5583267211914,,,0
05PE016,LAKE OF THE WOODS AT KENORA,ON,49.77082824707031,-94.4902801513672,,,0
05PE020,WINNIPEG RIVER BELOW LAKE OF THE WOODS OUTLETS,ON,49.784610748291016,-94.51310729980467,70400.0,,0
05PE021,WINNIPEG RIVER AT WHITEDOG,ON,50.13056182861328,-94.91388702392578,71440.0,,0
05PE022,WINNIPEG RIVER ABOVE KIMBERLY RAPIDS,ON,49.79141998291016,-94.52057647705078,,,0
05PE023,WINNIPEG RIVER AT WINNIPEG RIVER MARINA,ON,49.80392074584961,-94.50614166259766,,,0
05PE024,WINNIPEG RIVER NEAR LOCKE BAY,ON,49.82696914672852,-94.5725326538086,,,0
05PE025,WINNIPEG RIVER ABOVE THE DALLES,ON,49.88391876220703,-94.54863739013672,,,0
05PE026,WINNIPEG RIVER ABOVE MYRTLE RAPIDS,ON,49.88364028930664,-94.58557891845705,,,0
05PE027,WINNIPEG RIVER ABOVE THROAT RAPIDS,ON,49.8697509765625,-94.6211395263672,,,0
05PE028,WINNIPEG RIVER WESTERN CHANNEL NEAR TUNNEL ISLAND,ON,49.77708053588867,-94.52410888671876,,,0
05PE029,LAKE OF THE WOODS WESTERN OUTLET ABOVE NORMAN DAM AND POWERHOUSE SITE NO.2,ON,49.77180099487305,-94.52092742919922,,,0
05PE030,LAKE OF THE WOODS WESTERN OUTLET ABOVE NORMAN DAM AND POWERHOUSE SITE NO.3,ON,49.768310546875,-94.51763916015624,,,0
05PE031,WINNIPEG RIVER AT DARLINGTON BAY,ON,49.77133941650391,-94.55021667480467,,,0
05PF001,WINNIPEG RIVER AT POINTE DU BOIS,MB,50.30416870117188,-95.5500030517578,126000.0,,0
05PF008,WINNIPEG RIVER BELOW SLAVE FALLS,MB,50.23749923706055,-95.5625,126000.0,125000.0,0
05PF015,"WINNIPEG RIVER BELOW FOURTH FALLS, SEVEN SISTERS",MB,50.12083053588867,-96.0111083984375,128000.0,,0
05PF022,WINNIPEG RIVER AT TRAMWAY BRIDGE LAC DU BONNET,MB,50.28749847412109,-96.00138854980467,132000.0,,0
05PF044,WINNIPEG RIVER HEAD OF GRAND DU BONNET FALLS,MB,50.43888854980469,-95.9749984741211,135000.0,,0
05PF048,WINNIPEG RIVER TAILRACE GREAT FALLS POWER PLANT,MB,50.4638900756836,-96.0041732788086,135000.0,,0
05PF049,PINAWA CHANNEL BELOW CONTROL DAM,MB,50.16249847412109,-95.86805725097656,,,0
05PF051,WINNIPEG RIVER ABOVE BOUNDARY FALLS,ON,50.212249755859375,-95.09200286865234,126000.0,,0
05PF057,WINNIPEG RIVER HEAD WATER SEVEN SISTERS POWER PLANT,MB,50.11943817138672,-96.0138931274414,128000.0,,0
05PF060,"WINNIPEG RIVER AT WINNIPEG ELECTRIC DOCK, LAC DU BONNET",MB,50.25138854980469,-96.03888702392578,132000.0,,0
05PF062,WINNIPEG RIVER AT LAC DU BONNET,MB,50.257720947265625,-96.05687713623048,132000.0,132000.0,0
05PF063,WINNIPEG RIVER AT SLAVE FALLS,MB,50.22499847412109,-95.57083129882812,126000.0,,0
05PF064,WINNIPEG RIVER ABOVE LAMPREY FALLS,MB,50.36666870117188,-95.3388900756836,126000.0,,0
05PF065,DEAD CREEK NEAR LEE RIVER NORTH OF PINAWA,MB,50.25083160400391,-95.88744354248048,122.0,,0
05PF066,WILD GOOSE CREEK NEAR DEAD CREEK NORTH OF PINAWA,MB,50.25,-95.88166809082033,,,0
05PF067,TEAKO CREEK NEAR DEAD CREEK NORTH OF PINAWA,MB,50.24443817138672,-95.88166809082033,,,0
05PF068,WINNIPEG RIVER AT MCARTHUR GENERATING STATION,MB,50.3980598449707,-95.99722290039062,135000.0,,0
05PF069,WINNIPEG RIVER AT PINE FALLS GENERATING STATION,MB,50.567501068115234,-96.17749786376952,136000.0,,0
05PF070,NUTIMIK LAKE AT NUTIMIK LAKE,MB,50.14424896240234,-95.68791961669922,128000.0,,0
05PF801,MARGARET LAKE NEAR OTTER FALLS,MB,50.144168853759766,-95.81777954101562,128000.0,,0
05PG001,WHITESHELL RIVER AT OUTLET OF JESSICA LAKE,MB,50.03491973876953,-95.50666809082033,888.0,,0
05PG002,RENNIE RIVER NEAR RENNIE,MB,49.92832946777344,-95.54444122314452,145.0,,0
05PG003,BRERETON LAKE NEAR RENNIE,MB,49.92844009399414,-95.5459976196289,145.0,,0
05PG801,BIG WHITESHELL LAKE AT BIG WHITESHELL LAKE,MB,50.08388900756836,-95.36805725097656,74.80000305175781,,0
05PG802,STAR LAKE NEAR OUTLET CONTROL STRUCTURE,MB,49.75138854980469,-95.2397232055664,10.100000381469728,,0
05PG803,WEST HAWK LAKE AT WEST HAWK LAKE(CAMPGROUND),MB,49.744720458984375,-95.209716796875,154.0,141.0,0
05PG806,CADDY LAKE AT CADDY LAKE(CAMPGROUND),MB,49.80556106567383,-95.2147216796875,205.0,,0
05PG807,BRERETON LAKE AT BRERETON LAKE(INVERNESS FALLS),MB,49.92805862426758,-95.54528045654295,145.0,,0
05PG809,JESSICA LAKE ABOVE JESSICA LAKE DAM,MB,50.03443908691406,-95.50666809082033,888.0,,0
05PG810,BETULA LAKE AT BETULA LAKE RESORT,MB,50.06856155395508,-95.59056091308594,997.0,,0
05PG811,WHITE LAKE AT WHITE LAKE CAMPGROUND,MB,50.03443908691406,-95.51499938964844,934.0,,0
05PG812,WHITESHELL RIVER ABOVE WHITE LAKE DAM,MB,50.05500030517578,-95.51693725585938,934.0,,0
05PH001,WHITEMOUTH RIVER AT WHITEMOUTH,MB,49.78749847412109,-95.96666717529295,3760.0,,0
05PH003,WHITEMOUTH RIVER NEAR WHITEMOUTH,MB,49.93878173828125,-95.9568328857422,3750.0,,1
05PH004,WHITEMOUTH LAKE NEAR VASSAR,MB,49.275001525878906,-95.7375030517578,292.0,,0
05PH005,WHITEMOUTH LAKE NEAR THE OUTLET,MB,49.278419494628906,-95.70269012451172,292.0,,0
05PH006,WHITEMOUTH RIVER BELOW OUTLET OF WHITEMOUTH LAKE,MB,49.28160858154297,-95.6125030517578,295.0,,0
05PH007,BIRCH RIVER NEAR PRAWDA,MB,49.67972183227539,-95.78916931152344,864.0,864.0,0
05PJ001,BIRD RIVER AT OUTLET OF BIRD LAKE,MB,50.46281051635742,-95.41425323486328,1040.0,,0
05QA001,ENGLISH RIVER NEAR SIOUX LOOKOUT,ON,50.070831298828125,-91.94444274902344,13900.0,,0
05QA002,ENGLISH RIVER AT UMFREVILLE,ON,49.87339019775391,-91.45992279052734,6230.0,,0
05QA004,STURGEON RIVER AT MCDOUGALL MILLS,ON,50.16727828979492,-91.5407485961914,4440.0,,0
05QA005,BELL RIVER ABOVE STURGEON LAKE,ON,49.8861083984375,-90.93055725097656,189.0,,0
05QA006,PELICAN LAKE AT SIOUX LOOKOUT,ON,50.09214019775391,-91.9128875732422,,,0
05QB001,LAC SEUL AT LAC SEUL,ON,50.32022857666016,-92.2722396850586,,,0
05QB002,LAC SEUL AT HUDSON,ON,50.09228897094727,-92.17011260986328,,,0
05QB003,LAC SEUL AT GOLDPINES,ON,50.637001037597656,-93.17803192138672,,,0
05QB005,LAKE ST. JOSEPH DIVERSION ABOVE CONTROL DAM,ON,50.86943817138672,-91.45832824707033,,,0
05QB006,LAKE ST. JOSEPH DIVERSION AT ROOT PORTAGE,ON,50.86943817138672,-91.45832824707033,,,0
05QB007,ENGLISH RIVER AT PINE RIDGE,ON,50.633331298828125,-93.16667175292967,,,0
05QC001,CHUKUNI RIVER NEAR EAR FALLS,ON,50.873809814453125,-93.48477935791016,4920.0,,0
05QC003,TROUTLAKE RIVER ABOVE BIG FALLS,ON,50.905609130859375,-93.0919189453125,2330.0,,0
05QC004,PAKWASH LAKE BELOW SNAKE FALLS,ON,50.82978057861328,-93.4638900756836,,,0
05QC005,RED LAKE AT FORESTRY POINT,ON,51.03424835205078,-93.86416625976562,,,0
05QC006,GOLDEN CREEK NEAR RED LAKE,ON,51.20040130615234,-93.70844268798828,58.09999847412109,,0
05QC007,TROUTLAKE RIVER BELOW WOMAN RIVER,ON,50.93893814086914,-93.09455108642578,2290.0,,0
05QD001,WABIGOON RIVER AT WABIGOON FALLS,ON,50.25416946411133,-93.91667175292967,8080.0,,0
05QD002,"WABIGOON RIVER BELOW RAILWAY BRIDGE, NEAR QUIBELL",ON,49.962501525878906,-93.40416717529295,6450.0,,0
05QD003,EAGLE RIVER AT EAGLE RIVER,ON,49.78889083862305,-93.19444274902344,2510.0,,0
05QD006,WABIGOON RIVER NEAR QUIBELL,ON,49.95782852172852,-93.40052795410156,6490.0,,0
05QD007,LAKE 305 NEAR KENORA,ON,49.69028091430664,-93.69000244140624,,,0
05QD008,LAKE 227 OUTLET NEAR KENORA,ON,49.6875,-93.69027709960938,0.3400000035762787,,0
05QD009,LAKE 227 NEAR KENORA,ON,49.68693923950195,-93.69082641601562,0.3400000035762787,,0
05QD010,WABIGOON RIVER NEAR DRYDEN,ON,49.81388854980469,-92.87638854980467,2350.0,,0
05QD011,LAKE 230 OUTLET NEAR KENORA,ON,49.658329010009766,-93.63333129882812,0.09000000357627869,,0
05QD012,LAKE 261 OUTLET NEAR KENORA,ON,49.70832824707031,-93.6999969482422,0.479999989271164,,0
05QD013,LAKE 265 OUTLET NEAR KENORA,ON,49.720829010009766,-93.63333129882812,0.7099999785423279,,0
05QD015,LAKE 226 OUTLET NEAR KENORA,ON,49.68888854980469,-93.7375030517578,0.9700000286102296,,0
05QD016,WABIGOON RIVER AT DRYDEN,ON,49.782169342041016,-92.84284210205078,2340.0,,0
05QD017,LAKE 223 OUTLET NEAR KENORA,ON,49.69889068603516,-93.7138900756836,2.5999999046325684,,0
05QD018,LAKE 224 OUTLET NEAR KENORA,ON,49.692501068115234,-93.71111297607422,0.9700000286102296,,0
05QD019,LAKE 225 OUTLET NEAR KENORA,ON,49.6875,-93.7138900756836,0.30000001192092896,,0
05QD020,CLAY LAKE NEAR QUIBELL,ON,50.05582809448242,-93.475830078125,,,0
05QD021,LAKE 223 NEAR KENORA,ON,49.6986083984375,-93.71111297607422,2.5999999046325684,,0
05QD022,LAKE 302 NEAR KENORA,ON,49.6733283996582,-93.7611083984375,1.0199999809265137,,0
05QD023,LAKE 302 OUTLET NEAR KENORA,ON,49.67972183227539,-93.75778198242188,1.0199999809265137,,0
05QD024,LAKE 302 UPLAND WATERSHED NEAR KENORA,ON,49.67277908325195,-93.76667022705078,0.07000000029802322,,0
05QD025,LAKE 382 OUTFLOW,ON,49.70832824707031,-93.67971801757812,2.0299999713897705,,0
05QD026,LAKE 373 OUTFLOW NEAR KENORA,ON,49.74583053588867,-93.79167175292967,83.5,,0
05QD027,LAKE 632 OUTFLOW NEAR KENORA,ON,49.67583084106445,-93.7925033569336,0.3799999952316284,,0
05QD028,LAKE 632 NEAR KENORA,ON,49.67583084106445,-93.7925033569336,0.3799999952316284,,0
05QD029,FOREST LAKE ABOVE CANYON LAKE,ON,49.957218170166016,-93.6117172241211,,,0
05QE005,ENGLISH RIVER AT CARIBOU FALLS,ON,50.26667022705078,-94.97083282470705,52300.0,,0
05QE006,ENGLISH RIVER AT EAR FALLS,ON,50.633331298828125,-93.20832824707033,26400.0,,0
05QE007,ENGLISH RIVER AT MANITOU FALLS,ON,50.58361053466797,-93.45417022705078,37000.0,,0
05QE008,CEDAR RIVER BELOW WABASKANG LAKE,ON,50.50756072998047,-93.25858306884766,1690.0,,1
05QE009,STURGEON RIVER AT OUTLET OF SALVESEN LAKE,ON,50.35224914550781,-94.4664077758789,1530.0,,0
05QE011,SALVESEN LAKE NEAR OUTLET,ON,50.35506057739258,-94.4542007446289,,,0
05QE012,LONG-LEGGED RIVER BELOW LONG-LEGGED LAKE,ON,50.67699813842773,-93.9701919555664,548.0,,0
05QE013,BALL LAKE AT BALL LAKE LODGE,ON,50.28472137451172,-93.98194122314452,,,0
05QE014,SEPARATION LAKE AT WALSTENS OUTPOST CAMP,ON,50.25333023071289,-94.47222137451172,,,0
05QE015,GRASSY NARROWS LAKE AT GRASSY NARROWS,ON,50.15169906616211,-94.0047378540039,,,0
05RA001,MANIGOTAGAN RIVER NEAR MANIGOTAGAN,MB,51.10128021240234,-96.28302764892578,1830.0,1830.0,1
05RA002,BLACK RIVER NEAR MANIGOTAGAN,MB,50.86167144775391,-96.25277709960938,715.0,,0
05RA802,WANIPIGOW LAKE NEAR BISSETT (CAMPGROUND),MB,51.09111022949219,-95.98583221435548,1420.0,,0
05RB001,SASAGINNIGAK LAKE AT FORESTRY TOWER,MB,51.57978057861328,-95.06021881103516,1140.0,,0
05RB002,SASAGINNIGAK LAKE AT SASAGINNIGAK LAKE LODGE,MB,51.60277938842773,-95.6750030517578,1140.0,,0
05RB003,BLOODVEIN RIVER ABOVE BLOODVEIN BAY,MB,51.70341873168945,-96.60453033447266,9090.0,,0
05RC001,BERENS RIVER ABOVE BERENS LAKE,ON,51.80982971191406,-93.5212173461914,5730.0,,0
05RD001,BERENS RIVER ABOVE LITTLE GRAND RAPIDS,MB,52.04999923706055,-95.46666717529295,15900.0,,0
05RD005,LAKE WINNIPEG AT BERENS RIVER,MB,52.35327911376953,-97.02200317382812,1020000.0,,0
05RD006,FAMILY LAKE AT LITTLE GRAND RAPIDS,MB,52.035888671875,-95.4603271484375,17600.0,,0
05RD007,BERENS RIVER AT OUTLET OF LONG LAKE,MB,52.202781677246094,-96.102783203125,18400.0,,0
05RD008,PIGEON RIVER AT OUTLET OF ROUND LAKE,MB,52.0288314819336,-96.39517211914062,18400.0,,0
05RD009,ROUND LAKE AT FORESTRY DOCK,MB,52.022220611572266,-96.3888931274414,18400.0,,0
05RD010,LONG LAKE NEAR LITTLE GRAND RAPIDS,MB,52.19166946411133,-96.0888900756836,18400.0,,0
05RD011,ROUND LAKE AT OUTLET,MB,52.0288314819336,-96.39518737792967,18400.0,,0
05RE001,POPLAR RIVER AT OUTLET OF WEAVER LAKE,MB,52.77268981933594,-96.7590789794922,6840.0,6840.0,0
05RE002,WEAVER LAKE AT OUTLET,MB,52.77275085449219,-96.75914001464844,6840.0,6840.0,0
05RE003,LAKE WINNIPEG AT GEORGE ISLAND,MB,52.81842041015625,-97.61956024169922,1020000.0,,0
05RF001,LAKE WINNIPEG AT MONTREAL POINT,MB,53.625,-97.8444366455078,1020000.0,,0
05SA001,BROKENHEAD RIVER AT ST. OUENS,MB,50.05083084106445,-96.44583129882812,1530.0,,0
05SA002,BROKENHEAD RIVER NEAR BEAUSEJOUR,MB,50.09014129638672,-96.42832946777344,1580.0,,1
05SA003,LAKE WINNIPEG AT VICTORIA BEACH,MB,50.69511032104492,-96.56217193603516,1020000.0,,0
05SA004,BROKENHEAD RIVER NEAR VIVIAN,MB,49.88528060913086,-96.36582946777344,842.0,,0
05SA005,LAKE WINNIPEG AT TRAVERSE BAY,MB,50.63167190551758,-96.3227767944336,1020000.0,,0
05SA013,BROKENHEAD RIVER NEAR ROSS,MB,49.766109466552734,-96.3572235107422,,,0
05SA801,GULL LAKE AT SHERWOOD,MB,50.41527938842773,-96.51750183105467,4.199999809265137,,0
05SB001,LAKE WINNIPEG AT WINNIPEG BEACH,MB,50.50611114501953,-96.96527862548828,1020000.0,,0
05SB002,WILLOW CREEK NEAR GIMLI,MB,50.58055877685547,-97.04444122314452,236.0,,0
05SB003,FISH LAKE AT OUTLET CONTROL STRUCTURE,MB,50.74610900878906,-97.31832885742188,180.0,,0
05SB004,FISH LAKE DRAIN NEAR MELEB,MB,50.74610900878906,-97.31832885742188,180.0,,0
05SB005,FISH LAKE DRAIN NEAR CAMP MORTON,MB,50.70306015014648,-97.01750183105467,272.0,,0
05SB006,LAKE WINNIPEG AT GIMLI,MB,50.63100814819336,-96.981689453125,1020000.0,,0
05SB801,DENNIS LAKE NEAR MALONTON,MB,50.57722091674805,-97.34806060791016,277.0,,0
05SC002,ICELANDIC RIVER NEAR RIVERTON,MB,50.9647216796875,-97.03746795654295,1240.0,,0
05SD001,LAKE WINNIPEG AT PINE DOCK,MB,51.63969039916992,-96.80330657958984,1020000.0,,0
05SD002,LAKE WINNIPEG AT MATHESON ISLAND LANDING,MB,51.723880767822266,-96.91338348388672,1020000.0,,0
05SD003,FISHER RIVER NEAR DALLAS,MB,51.35617065429688,-97.51222229003906,1710.0,,0
05SD004,EAST FISHER RIVER NEAR HODGSON,MB,51.2152214050293,-97.5338134765625,393.0,,0
05SD005,FISHER RIVER NEAR FISHERTON,MB,51.18592071533203,-97.70142364501952,601.0,601.0,0
05SD006,FISHER RIVER NORTH OF DALLAS,MB,51.41030883789063,-97.47028350830078,2034.0,,0
05SD801,OTTER LAKE NEAR BROAD VALLEY,MB,50.98556137084961,-97.77166748046876,72.5999984741211,,0
05SD802,LAKE ST. GEORGE NEAR KOOSTATAK,MB,51.72639083862305,-97.40528106689452,985.0,,0
05SF001,LAKE WINNIPEG AT ANAMA BAY,MB,51.99666976928711,-98.05722045898438,1020000.0,,0
05SG001,LAKE WINNIPEG AT MISSION POINT,MB,53.19112014770508,-99.21198272705078,1020000.0,,0
05TA001,REED LAKE NEAR CRANBERRY PORTAGE,MB,54.58560943603516,-100.49527740478516,3020.0,,0
05TA002,SIMONHOUSE LAKE NEAR CRANBERRY PORTAGE,MB,54.5317497253418,-101.10682678222656,307.0,,0
05TB002,GRASS RIVER AT WEKUSKO FALLS,MB,54.78889083862305,-99.9694366455078,3260.0,,0
05TB003,WEKUSKO LAKE AT BERRY BAY WHARF,MB,54.82611083984375,-99.9558334350586,4980.0,,0
05TB801,SNOW LAKE AT SNOW LAKE,MB,54.8861083984375,-100.0305633544922,281.0,,0
05TC701,SETTING LAKE ABOVE SASAGIU RAPIDS,MB,55.15510940551758,-98.46558380126952,,,0
05TD001,GRASS RIVER ABOVE STANDING STONE FALLS,MB,55.74061965942383,-97.0051727294922,15400.0,,1
05TD002,WINTERING LAKE AT THICKET PORTAGE,MB,55.3236083984375,-97.68167114257812,1100.0,,0
05TE001,BURNTWOOD RIVER ABOVE THREE POINT LAKE,MB,55.464691162109375,-99.09689331054688,6670.0,,0
05TE002,BURNTWOOD RIVER ABOVE LEAF RAPIDS,MB,55.496620178222656,-99.22088623046876,5810.0,,0
05TF001,FOOTPRINT LAKE AT NELSON HOUSE,MB,55.7830696105957,-98.88152313232422,1440.0,,0
05TF002,FOOTPRINT RIVER ABOVE FOOTPRINT LAKE,MB,55.931190490722656,-98.88886260986328,643.0,,0
05TF003,RAT RIVER BELOW NOTIGI CONTROL STRUCTURE,MB,55.86027908325195,-99.29277801513672,6140.0,,0
05TF004,RAT LAKE NEAR NOTIGI CONTROL STRUCTURE,MB,56.13249969482422,-99.4834213256836,4920.0,,0
05TF006,WUSKWATIM LAKE NEAR THOMPSON,MB,55.54811096191406,-98.60436248779295,16500.0,,0
05TF701,WAPISU LAKE 5 KM BELOW NOTIGI CONTROL,MB,55.84061050415039,-99.26627349853516,,,0
05TF703,THREEPOINT LAKE NEAR NELSON HOUSE,MB,55.68259048461914,-98.89279174804688,,,0
05TF707,OPEGANO LAKE NEAR BURNTWOOD RIVER INLET,MB,55.57387924194336,-98.31582641601562,,,0
05TF710,NOTIGI FOREBAY,MB,55.867000579833984,-99.33161163330078,,,0
05TF723,BURNTWOOD RIVER 460 M BELOW EARLY MORNING RAPIDS,MB,55.62860107421875,-98.70661163330078,,,0
05TF725,BURNTWOOD RIVER 1.0 KM BELOW WUSKWATIM G. S.,MB,55.53960037231445,-98.47846221923828,,,0
05TF771,WUSKWATIM LAKE - SOUTHWEST SHORE,MB,55.51514053344727,-98.59037017822266,,,0
05TF772,WUSKWATIM LAKE - LAKE ENTRANCE,MB,55.60348892211914,-98.53173065185548,,,0
05TF774,WUSKWATIM LAKE - NORTHEAST SHORE,MB,55.58599090576172,-98.49217987060548,,,0
05TF775,WUSKWATIM LAKE - SOUTHEAST SHORE,MB,55.55221939086914,-98.49530792236328,,,0
05TF784,LEFTROOK LAKE,MB,56.065879821777344,-98.6728973388672,,,0
05TG001,BURNTWOOD RIVER NEAR THOMPSON,MB,55.74216842651367,-97.89566802978516,18500.0,,0
05TG002,TAYLOR RIVER NEAR THOMPSON,MB,55.48974990844727,-98.1919403076172,886.0,,1
05TG003,ODEI RIVER NEAR THOMPSON,MB,55.99525833129883,-97.3576202392578,6110.0,,1
05TG004,BURNTWOOD RIVER BELOW FIRST RAPIDS,MB,56.08694076538086,-96.83499908447266,19300.0,,0
05TG005,BURNTWOOD RIVER ABOVE MANASAN FALLS,MB,55.712921142578125,-97.94863891601562,17400.0,,0
05TG006,SAPOCHI RIVER NEAR NELSON HOUSE,MB,55.90850067138672,-98.4919204711914,391.0,,0
05TG701,BURNTWOOD RIVER 0.5 KM ABOVE MANASAN FALLS,MB,55.71982955932617,-97.94644165039062,,,0
05TG702,BURNTWOOD RIVER 0.2 KM BELOW MILES HART BRIDGE,MB,55.75407028198242,-97.832763671875,,,0
05TG703,BURNTWOOD RIVER IN BIRCHTREE MINE PUMPHOUSE,MB,55.71596908569336,-97.9363784790039,,,0
05TG707,BURNTWOOD RIVER 0.4 KM ABOVE BIRCHTREE LAKE,MB,55.69886016845703,-98.04946899414062,,,0
05TG712,APUSSIGAMASI LAKE 230 M ABOVE THE EXIT,MB,55.94400024414063,-97.3499984741211,,,0
05TG746,BURNTWOOD RIVER ABOVE BIRCHTREE LAKE,MB,55.64802932739258,-98.09686279296876,,,0
05TG747,BIRCHTREE LAKE BELOW BIRCHTREE BROOK,MB,55.77999877929688,-97.94400024414062,,,0
05UA003,GUNISAO RIVER AT JAM RAPIDS,MB,53.82221984863281,-97.7750015258789,4610.0,,0
05UB001,NELSON RIVER AT NORWAY HOUSE,MB,54.0,-97.8000030517578,,,0
05UB002,NELSON RIVER NEAR WARREN LANDING,MB,53.7251091003418,-97.87171936035156,1020000.0,,0
05UB003,NELSON RIVER AT WARREN LANDING,MB,53.69768905639648,-97.87146759033205,1020000.0,,0
05UB004,PLAYGREEN LAKE AT TAIT ISLAND NEAR NORWAY HOUSE,MB,54.30278015136719,-98.0111083984375,,,0
05UB005,PLAYGREEN LAKE AT ENTRANCE TO EAST NELSON RIVER,MB,53.90277862548828,-97.9749984741211,,,0
05UB006,PLAYGREEN LAKE OPPOSITE BELFOUR POINT NEAR NORWAY HOUSE,MB,54.06306076049805,-98.1977767944336,,,0
05UB007,KISKITTOGISU LAKE NEAR NORWAY HOUSE,MB,54.3627815246582,-98.1241683959961,,,0
05UB008,NELSON RIVER (EAST CHANNEL) BELOW SEA RIVER FALLS,MB,54.244171142578125,-97.59082794189452,,,0
05UB009,NELSON RIVER (WEST CHANNEL) AT JENPEG,MB,54.4980583190918,-98.04805755615234,,,0
05UB010,METCHANAIS CHANNEL BELOW KISKITTOGISU LAKE,MB,54.3861083984375,-98.13333129882812,,,0
05UB011,OMINAWIN CHANNEL BELOW KISKITTOGISU LAKE,MB,54.42499923706055,-98.0500030517578,,,0
05UB012,KISIPACHEWUK CHANNEL BELOW KISKITTOGISU LAKE,MB,54.26667022705078,-98.28333282470705,,,0
05UB013,KISKITTO LAKE NEAR NORWAY HOUSE,MB,54.30305862426758,-98.4383316040039,932.0,,0
05UB014,PLAYGREEN LAKE BELOW LULU ISLAND,MB,54.21944046020508,-98.1611099243164,,,0
05UB015,PLAYGREEN LAKE ABOVE WHISKEY JACK NARROWS,MB,54.383331298828125,-98.0138931274414,,,0
05UB017,KISKITTOGISU LAKE AT WHISKEY JACK LANDING,MB,54.435279846191406,-98.00277709960938,1020000.0,,0
05UB701,NELSON RIVER 0.4 KM ABOVE JENPEG G S,MB,54.53968048095703,-98.02793884277344,,,0
05UB702,NELSON RIVER AT THE OMINAWIN BYPASS ENTRANCE,MB,54.42070007324219,-98.06336975097656,,,0
05UB703,NELSON RIVER 3.3 KM BELOW OMINAWIN BYPASS CHANNEL,MB,54.45888137817383,-98.11058807373048,,,0
05UB704,PLAYGREEN LAKE 760 M ABOVE WHISKEY JACK NARROWS,MB,54.38875961303711,-98.0069580078125,,,0
05UB710,PLAYGREEN LAKE AT ENTRANCE TO 8-MILE CHANNEL,MB,54.025970458984375,-98.29296875,,,0
05UB717,NELSON R EAST CHANNEL 5.7 KM BELOW SEA RIVER FALLS,MB,54.269161224365234,-97.5588836669922,,,0
05UC701,MINAGO RIVER 0.8 KM BELOW DRUNKEN LAKE,MB,54.5389289855957,-98.36385345458984,,,0
05UC702,MINAGO RIVER 3.8 KM BELOW HILL LAKE,MB,54.50019073486328,-98.61139678955078,,,0
05UC703,HILL LAKE NEAR MINAGO RIVER OUTLET,MB,54.37963104248047,-98.80581665039062,,,0
05UC704,HILL LAKE NEAR MINAGO RIVER INLET,MB,54.26536178588867,-98.96501922607422,,,0
05UD001,CROSS LAKE AT CROSS LAKE,MB,54.62361145019531,-97.7852783203125,1040000.0,,0
05UD004,NELSON RIVER ABOVE BLADDER RAPIDS,MB,54.775001525878906,-97.93055725097656,1040000.0,,0
05UD005,SIPIWESK LAKE AT CROSS PORTAGE,MB,55.220829010009766,-97.30332946777344,1050000.0,,0
05UD006,SIPIWESK LAKE AT FORESTRY DOCK,MB,55.09444046020508,-97.5,1050000.0,,0
05UD007,SIPIWESK LAKE AT SIPIWESK LANDING,MB,54.883331298828125,-98.36666870117188,1050000.0,,0
05UD008,CROSS LAKE BELOW JENPEG,MB,54.58610916137695,-97.9861068725586,1040000.0,,0
05UD009,CROSS LAKE ABOVE WHITEMUD FALLS,MB,54.70832824707031,-97.875,1040000.0,,0
05UD701,NELSON RIVER 450 M BELOW THE CROSS LAKE WEIR,MB,54.6992301940918,-97.8897933959961,,,0
05UD703,NELSON RIVER 430 M ABOVE THE CROSS LAKE WEIR,MB,54.69385147094727,-97.88971710205078,,,0
05UE004,NELSON RIVER BELOW SIPIWESK LAKE,MB,55.223331451416016,-97.21833038330078,1050000.0,,0
05UE005,NELSON RIVER AT KELSEY GENERATING STATION,MB,56.03889083862305,-96.5250015258789,1050000.0,,0
05UE701,CAUCHON LAKE 2 KM ABOVE THE LAKE EXIT,MB,55.487770080566406,-96.50360870361328,,,0
05UE703,NELSON RIVER AT JUNCTION OF CLEARWATER RIVER,MB,55.43806076049805,-96.78640747070312,,,0
05UE710,NELSON RIVER AT SINCLAIR BAY,MB,55.99700927734375,-96.55873107910156,,,0
05UE711,NELSON RIVER AT EDNA BAY,MB,55.73138046264648,-96.66443634033205,,,0
05UE712,NELSON RIVER BELOW SIPIWESK LAKE,MB,55.221458435058594,-97.18917083740234,,,0
05UE713,NELSON RIVER AT KAMINISTIKWASKWAK BAY,MB,55.58195114135742,-96.7415008544922,,,0
05UE714,NELSON RIVER 2 KM BELOW HBR RAILWAY BRIDGE,MB,55.828609466552734,-96.60246276855467,,,0
05UE715,NELSON RIVER AT JUNCTION OF GOOSE HUNTING RIVER,MB,55.96815872192383,-96.56199645996094,,,0
05UF003,SPLIT LAKE AT SPLIT LAKE,MB,56.24385833740234,-96.08728790283205,1050000.0,,0
05UF004,KETTLE RIVER NEAR GILLAM,MB,56.34156036376953,-94.6969985961914,1090.0,,1
05UF006,NELSON RIVER AT KETTLE GENERATING STATION,MB,56.380279541015625,-94.6338882446289,1100000.0,,0
05UF007,NELSON RIVER AT LONG SPRUCE GENERATING STATION,MB,56.397499084472656,-94.36943817138672,1100000.0,,0
05UF587,NELSON RIVER 3.0 KM UPSTREAM OF GULL LAKE,MB,56.30792999267578,-95.5547103881836,,,0
05UF596,NELSON RIVER 7.0 KM ABOVE GULL RAPIDS,MB,56.337249755859375,-95.30516052246094,,,0
05UF709,STEPHENS LAKE IN THE NORTHWEST ARM,MB,56.46860885620117,-95.24137878417967,,,0
05UF771,NELSON RIVER BELOW BIRTHDAY RAPIDS,MB,56.30371856689453,-95.6968765258789,,,0
05UF792,NELSON RIVER 3.5 KM BELOW KELSEY GS,MB,56.06721878051758,-96.5412826538086,,,0
05UG001,LIMESTONE RIVER NEAR BIRD,MB,56.51258087158203,-94.21617126464844,3270.0,3270.0,0
05UH001,ANGLING RIVER NEAR BIRD,MB,56.67694091796875,-93.64111328125,1560.0,,1
05UH002,WEIR RIVER ABOVE THE MOUTH,MB,57.0230598449707,-93.45305633544922,2190.0,,1
06AA001,BEAVER RIVER NEAR GOODRIDGE,AB,54.43605041503906,-111.36744689941406,4700.0,3680.0,0
06AA002,AMISK RIVER AT HIGHWAY NO. 36,AB,54.47454071044922,-112.01435089111328,2500.0,1880.0,0
06AA003,BEAVER LAKE AT RANGER STATION,AB,54.7611083984375,-111.9013900756836,331.0,272.0,0
06AA004,COLUMBINE CREEK NEAR THE MOUTH,AB,54.35583114624024,-111.13944244384766,241.0,229.0,0
06AA901,COLUMBINE CREEK NEAR GLENDON,AB,54.35417175292969,-111.14443969726562,241.0,,0
06AB001,SAND RIVER NEAR THE MOUTH,AB,54.46749114990234,-111.18759155273438,4910.0,4730.0,0
06AB002,WOLF RIVER AT OUTLET OF WOLF LAKE,AB,54.712799072265625,-111.00227355957033,726.0,566.0,1
06AB003,PUNK CREEK NEAR THE MOUTH,AB,54.53889083862305,-111.227783203125,395.0,384.0,0
06AB004,WOLF LAKE AT OUTLET,AB,54.712799072265625,-111.00227355957033,726.0,566.0,0
06AC001,JACKFISH CREEK NEAR LA COREY,AB,54.44198989868164,-110.68669891357422,492.0,344.0,0
06AC002,MOORE LAKE NEAR COLD LAKE,AB,54.50017166137695,-110.5715103149414,42.0,40.5,0
06AC003,HILDA LAKE NEAR COLD LAKE,AB,54.52293014526367,-110.41735076904295,80.69999694824219,75.5999984741211,0
06AC004,ETHEL LAKE NEAR COLD LAKE,AB,54.544708251953125,-110.33614349365234,589.0,574.0,0
06AC005,MARIE LAKE NEAR COLD LAKE,AB,54.59395980834961,-110.3052215576172,469.0,464.0,0
06AC006,MOOSELAKE RIVER NEAR FRANCHERE,AB,54.32389068603516,-110.96278381347656,1010.0,627.0,0
06AC007,MURIEL LAKE NEAR GURNEYVILLE,AB,54.14459991455078,-110.74401092529295,532.0,376.0,0
06AC009,MANATOKAN CREEK NEAR IRON RIVER,AB,54.4497184753418,-110.93694305419922,449.0,359.0,0
06AC901,MARIE CREEK BELOW ETHEL LAKE,AB,54.52360916137695,-110.32805633544922,595.0,,0
06AD001,BEAVER RIVER NEAR DORINTOSH,SK,54.29639053344727,-108.60443878173828,20500.0,16900.0,0
06AD002,MAKWA RIVER NEAR BROUN'S FARM,SK,54.20000076293945,-108.78333282470705,2950.0,2720.0,0
06AD003,MEADOW RIVER NEAR MEADOW LAKE,SK,54.22499847412109,-108.375,3420.0,3180.0,0
06AD004,HORSEHEAD CREEK NEAR MAKWA,SK,54.036109924316406,-108.8249969482422,627.0,550.0,0
06AD005,RABBIT CREEK NEAR MAKWA,SK,54.05805969238281,-108.85193634033205,290.0,290.0,0
06AD006,BEAVER RIVER AT COLD LAKE RESERVE,AB,54.35515975952149,-110.21727752685548,14500.0,11800.0,1
06AD007,MAKWA RIVER AT RAPID VIEW,SK,54.147220611572266,-108.80555725097656,2740.0,2530.0,0
06AD008,MORIN CREEK NEAR MEADOW LAKE,SK,54.16527938842773,-108.57721710205078,167.0,167.0,0
06AD009,MAKWA RIVER AT OUTLET OF MAKWA LAKE,SK,54.077781677246094,-109.1999969482422,1420.0,1300.0,0
06AD010,MEADOW RIVER BELOW MEADOW LAKE,SK,54.1361083984375,-108.39443969726562,3340.0,3100.0,0
06AD011,ALCOTT CREEK ABOVE MEADOW LAKE,SK,53.952781677246094,-107.9749984741211,416.0,416.0,0
06AD012,CHITEK LAKE AT CHITEK VILLAGE,SK,53.752220153808594,-107.7369384765625,871.0,700.0,0
06AD013,REITA CREEK NEAR OUTLET OF ANGLING LAKE,AB,54.22917175292969,-110.32917022705078,161.0,161.0,0
06AD014,MAKWA LAKE NEAR LOON LAKE,SK,54.09278106689453,-109.2205581665039,1420.0,1300.0,0
06AE001,NORBURY CREEK NEAR SPIRITWOOD,SK,53.35472106933594,-107.4669418334961,432.0,170.0,0
06AE002,COWAN LAKE NEAR HONEYMOON POINT,SK,53.96443939208984,-107.20667266845705,4070.0,2680.0,0
06AE003,MORIN LAKE NEAR VICTOIRE,SK,53.497779846191406,-107.05889129638672,22.0,11.100000381469728,0
06AE004,DELARONDE LAKE NEAR BIG RIVER,SK,53.88639068603516,-106.94471740722656,1280.0,1100.0,0
06AF001,COLD RIVER AT OUTLET OF COLD LAKE,SK,54.56602096557617,-109.8424301147461,6520.0,6260.0,0
06AF002,COLD LAKE AT COLD LAKE,AB,54.46622085571289,-110.1719207763672,6520.0,6260.0,0
06AF003,PRIMROSE LAKE AT R.C.A.F. TESTING STATION,AB,54.775001525878906,-110.06111145019533,3450.699951171875,3423.10009765625,0
06AF004,WATERHEN RIVER NEAR DORINTOSH,SK,54.41278076171875,-108.58917236328124,9070.0,8940.0,0
06AF005,WATERHEN RIVER NEAR GOODSOIL,SK,54.445831298828125,-109.22250366210938,7760.0,7640.0,0
06AF006,WATERHEN RIVER ABOVE BEAVER RIVER,SK,54.650001525878906,-107.85556030273438,11100.0,10900.0,0
06AF007,WATERHEN LAKE NEAR DORINTOSH,SK,54.45943832397461,-108.5183334350586,10200.0,10000.0,0
06AF008,MARTINEAU RIVER ABOVE COLD LAKE,AB,54.68611145019531,-110.0263900756836,5373.2998046875,5164.0,0
06AF009,LAC DES ILES NEAR GOODSOIL,SK,54.44055938720703,-109.31388854980467,7730.0,7610.0,0
06AF010,GREIG LAKE NEAR DORINTOSH,SK,54.452781677246094,-108.69361114501952,66.0,66.0,0
06AG001,BEAVER RIVER BELOW WATERHEN RIVER,SK,54.81917190551758,-107.81056213378906,45000.0,38600.0,0
06AG002,DORE RIVER NEAR THE MOUTH,SK,54.93069076538086,-107.74405670166016,2960.0,2910.0,1
06AG003,DORE LAKE AT DORE LAKE,SK,54.62860870361328,-107.39472198486328,2500.0,2440.0,0
06BA001,CHURCHILL LAKE AT BUFFALO NARROWS,SK,55.85860824584961,-108.47471618652344,21100.0,21100.0,0
06BA002,DILLON RIVER BELOW DILLON LAKE,SK,55.71443939208984,-109.39681243896484,2330.0,2330.0,0
06BB001,LAC ILE-A-LA-CROSSE AT BEAVER RIVER POST,SK,55.43333053588867,-107.9000015258789,,72200.0,0
06BB002,CHURCHILL RIVER ABOVE DIPPER RAPIDS,SK,55.96110916137695,-107.43888854980467,85000.0,79300.0,0
06BB003,CHURCHILL RIVER NEAR PATUANAK,SK,55.92316818237305,-107.72572326660156,78700.0,72200.0,0
06BB004,KEELEY RIVER AT OUTLET OF KEELEY LAKE,SK,54.91833114624024,-108.0536117553711,1020.0,988.0,0
06BB005,CANOE RIVER NEAR BEAUVAL,SK,55.39683151245117,-108.01882934570312,4730.0,4710.0,0
06BC001,MUDJATIK RIVER NEAR FORCIER LAKE,SK,56.09167098999024,-107.59166717529295,5940.0,5940.0,0
06BC002,PORTER LAKE AT CREW CABIN,SK,56.39167022705078,-107.3444366455078,,1140.0,0
06BD001,HAULTAIN RIVER ABOVE NORBERT RIVER,SK,56.24522018432617,-106.56336212158205,3680.0,3680.0,1
06CA001,MONTREAL RIVER AT OUTLET OF BIGSTONE LAKE,SK,55.09444046020508,-105.36277770996094,7280.0,7280.0,0
06CA002,WASKESIU LAKE AT WASKESIU LAKE,SK,53.95058059692383,-106.09381103515624,967.0,967.0,0
06CA003,MONTREAL RIVER AT HIGHWAY NO. 2,SK,54.7138900756836,-105.69667053222656,5450.0,5450.0,0
06CA004,BIGSTONE LAKE NEAR LA RONGE,SK,55.09444046020508,-105.36277770996094,7280.0,7280.0,0
06CA005,MONTREAL LAKE NEAR MOLANOSA,SK,54.13750076293945,-105.6972198486328,,5330.0,0
06CA006,MONTREAL LAKE NEAR WEYAKWIN,SK,54.40972137451172,-105.7236099243164,5330.0,5330.0,0
06CA007,KINGSMERE LAKE AT THE OUTLET STRUCTURE,SK,54.036109924316406,-106.41999816894533,470.0,,0
06CA008,CREAN LAKE AT THE WARDEN STATION,SK,54.03121948242188,-106.2469711303711,395.0,,0
06CA009,BEARTRAP CREEK NEAR WASKESIU LAKE,SK,53.89556121826172,-106.1555633544922,116.0,116.0,0
06CA010,KINGSMERE LAKE AT THE WARDEN STATION,SK,54.04528045654297,-106.43905639648438,470.0,470.0,0
06CB001,LAC LA RONGE AT LA RONGE,SK,55.103309631347656,-105.27239227294922,15500.0,15500.0,0
06CB002,RAPID RIVER AT OUTLET OF LAC LA RONGE,SK,55.35226058959961,-104.50177764892578,15522.0,15468.0,0
06CB003,NEMEIBEN LAKE NEAR LA RONGE,SK,55.26055908203125,-105.36943817138672,1570.0,1570.0,0
06CC001,SMOOTHSTONE RIVER BELOW EMMELINE LAKE,SK,55.163330078125,-106.20693969726562,6020.0,6020.0,0
06CD001,CHURCHILL RIVER AT STANLEY MISSION,SK,55.41667175292969,-104.55972290039062,121000.0,114000.0,0
06CD002,CHURCHILL RIVER ABOVE OTTER RAPIDS,SK,55.64768981933594,-104.73600006103516,119000.0,112000.0,1
06CD004,CHURCHILL RIVER BELOW TRADE LAKE,SK,55.452781677246094,-103.44444274902344,140000.0,133000.0,0
06CE001,FOSTER RIVER ABOVE CHURCHILL RIVER,SK,55.82500076293945,-105.75556182861328,4540.0,4540.0,0
06DA001,WOLLASTON LAKE AT ROSS CHANNEL,SK,58.48352813720703,-103.28533172607422,16400.0,16400.0,1
06DA002,COCHRANE RIVER NEAR BROCHET,MB,58.00431060791016,-101.39550018310548,28400.0,28400.0,0
06DA003,WOLLASTON LAKE AT TRADING POST,SK,58.10832977294922,-103.16667175292967,,16400.0,0
06DA004,GEIKIE RIVER BELOW WHEELER RIVER,SK,57.584171295166016,-104.18536376953124,7730.0,7730.0,1
06DA005,WHEELER RIVER BELOW RUSSELL LAKE,SK,57.47856140136719,-104.9876937866211,3030.0,3030.0,0
06DB001,REINDEER LAKE AT BROCHET,MB,57.880279541015625,-101.66716766357422,62500.0,,0
06DB002,REINDEER RIVER AT OUTLET OF REINDEER LAKE,SK,56.23332977294922,-103.1500015258789,62600.0,62600.0,0
06DB003,THYME HILL RIVER BELOW MACKENZIE LAKE,SK,57.769439697265625,-102.73056030273438,1300.0,1300.0,0
06DB004,REINDEER LAKE AT SOUTHEND,SK,56.33837127685547,-103.28401184082033,,,0
06DC001,WATHAMAN RIVER BELOW WATHAMAN LAKE,SK,57.08932876586914,-103.70950317382812,10200.0,10200.0,0
06DD001,REINDEER RIVER AT DEER RAPIDS,SK,55.61528015136719,-103.1750030517578,68800.0,68800.0,0
06DD002,REINDEER RIVER ABOVE DEVIL RAPIDS,SK,56.19414138793945,-103.15892791748048,63300.0,63300.0,0
06DD003,WAPISKAU RIVER ABOVE WHITE LAKE,SK,56.00672149658203,-103.32653045654295,3360.0,,0
06EA001,CHURCHILL RIVER AT ATTIK RAPIDS,SK,55.60778045654297,-103.1722183227539,207000.0,203000.0,0
06EA002,CHURCHILL RIVER AT SANDY BAY,SK,55.5248908996582,-102.31588745117188,212000.0,206000.0,0
06EA006,CHURCHILL RIVER ABOVE GRANVILLE FALLS,MB,56.14765930175781,-100.4593276977539,230000.0,,0
06EA007,PAGATO RIVER AT OUTLET OF PAGATO LAKE,SK,56.1119384765625,-102.5097198486328,961.0,961.0,0
06EA008,LOON RIVER ABOVE BRITTON LAKE,MB,56.05443954467773,-101.85832977294922,1400.0,,0
06EA009,KISSISSING LAKE AT COLD LAKE,MB,55.1301383972168,-101.1155014038086,1980.0,,0
06EA010,CHURCHILL RIVER ABOVE MAPLE LEAF RAPIDS,SK,55.63777923583984,-102.21749877929688,212000.0,206000.0,0
06EA011,CHURCHILL RIVER ABOVE WINTEGO RAPIDS,SK,55.57527923583984,-102.82997131347656,209717.5,201052.796875,0
06EA012,PUKATAWAGAN LAKE AT PUKATAWAGAN,MB,55.74856185913086,-101.31993865966795,222000.0,,0
06EA013,CHURCHILL RIVER ABOVE BLOODSTONE FALLS,MB,55.76932907104492,-101.60138702392578,,,0
06EA014,SISIPUK LAKE AT OUTLET,MB,55.749000549316406,-101.62006378173828,,,0
06EB002,GRANVILLE LAKE AT GRANVILLE LAKE,MB,56.233028411865234,-100.57193756103516,244000.0,,0
06EB003,BARRINGTON RIVER ABOVE FIRST RAPIDS,MB,56.76388931274414,-99.9736099243164,1760.0,,0
06EB004,CHURCHILL RIVER ABOVE LEAF RAPIDS,MB,56.46821975708008,-100.03601837158205,244000.0,,0
06EB005,LAURIE RIVER BELOW LAURIE RIVER HYDRO PLANT,MB,56.228248596191406,-101.00414276123048,3850.0,,0
06EB006,RUSSELL LAKE NEAR HERRIOT,MB,56.34053039550781,-101.36521911621094,1090.0,,0
06EB007,EAGER LAKE NEAR TOD LAKE,MB,56.539249420166016,-101.556640625,1500.0,,0
06EB702,CHURCHILL RIVER 625 M BELOW LEAF RAPIDS RAPIDS,MB,56.49250030517578,-99.95443725585938,,,0
06EB703,LOON LAKE AT LOON RIVER DAM,MB,56.2511100769043,-101.7508316040039,,,0
06EB778,CHURCHILL RIVER ABOVE LEAF RAPIDS RAPIDS,MB,56.497501373291016,-99.9648208618164,,,0
06EB779,LAURIE RIVER 0.6 KM BELOW LAURIE RIVER 1,MB,56.228328704833984,-100.99610900878906,,,0
06EC001,SOUTHERN INDIAN LAKE NEAR SOUTH INDIAN LAKE,MB,56.77849960327149,-98.9413604736328,260000.0,,0
06EC002,SOUTH BAY DIVERSION CHANNEL AT SOUTH BAY,MB,56.67350006103516,-99.04425048828124,261000.0,,0
06EC003,SOUTHERN INDIAN LAKE AT SOUTH BAY,MB,56.68727111816406,-99.0234832763672,260000.0,,0
06EC004,TUMBLEWELL CREEK NEAR SOUTH INDIAN LAKE,MB,56.775001525878906,-99.11805725097656,4.300000190734863,,0
06EC006,SOUTHERN INDIAN LAKE AT MISSI FALLS,MB,57.31306076049805,-98.1611099243164,260000.0,252000.0,0
06EC007,SOUTHERN INDIAN LAKE NEAR OPACHUANAU LAKE,MB,56.78321838378906,-99.52528381347656,260000.0,,0
06FA001,GAUER RIVER BELOW THORSTEINSON LAKE,MB,57.302059173583984,-97.52494049072266,5970.0,,0
06FA703,PARTRIDGE BREAST LAKE,MB,57.33121109008789,-97.8300323486328,,,0
06FB001,CHURCHILL RIVER BELOW FIDLER LAKE,MB,57.2388801574707,-96.83245086669922,271000.0,,0
06FB002,LITTLE BEAVER RIVER NEAR THE MOUTH,MB,57.65327835083008,-95.66385650634766,4270.0,,1
06FB701,CHURCHILL RIVER 500 M ABOVE FIDLER LAKE,MB,57.24583053588867,-96.9877471923828,,,0
06FC001,LITTLE CHURCHILL RIVER ABOVE RECLUSE LAKE,MB,56.952919006347656,-95.73925018310548,5810.0,5810.0,0
06FD001,CHURCHILL RIVER ABOVE RED HEAD RAPIDS,MB,58.11862182617188,-94.62245178222656,289000.0,,0
06FD002,DEER RIVER NORTH OF BELCHER,MB,58.01353073120117,-94.19805908203124,1890.0,,0
06FD681,CHURCHILL RIVER AT OUTLET OF LITTLE CHURCHILL R.,MB,57.5124397277832,-95.36018371582033,,,0
06FD702,CHURCHILL RIVER 400 M ABOVE SWALLOW RAPIDS,MB,57.56943893432617,-95.43943786621094,,,0
06FD703,CHURCHILL RIVER 100 M BELOW CHURCHILL WEIR FISHWAY,MB,58.67721176147461,-94.18499755859376,,,0
06GA001,SOUTH SEAL RIVER ABOVE FOX LAKE,MB,58.14305877685547,-98.227783203125,13000.0,,0
06GB001,NORTH SEAL RIVER BELOW STONY LAKE,MB,58.84444046020508,-98.28888702392578,18500.0,,0
06GD001,SEAL RIVER BELOW GREAT ISLAND,MB,58.89128875732422,-96.27668762207033,48100.0,,1
06HA001,NUELTIN LAKE NEAR SMITH BAY,NU,60.44443893432617,-99.66388702392578,,,0
06HB002,THLEWIAZA RIVER ABOVE OUTLET SEALHOLE LAKE,NU,60.786529541015625,-98.77693939208984,27000.0,,0
06HD001,KOGNAK RIVER BELOW MOUNTAIN LAKE,NU,61.25167083740234,-98.4755630493164,6900.0,,0
06HD002,THA-ANNE RIVER BELOW SOUTH HENIK LAKE,NU,61.133331298828125,-97.12805938720705,7140.0,,0
06HE001,THA-ANNE RIVER BELOW ROSEBLADE LAKE,NU,61.00444030761719,-97.02806091308594,,,0
06JA001,THELON RIVER AT THE OUTLET OF DOUBLE BARREL LAKE,NT,62.56758117675781,-104.83953094482422,,,0
06JB001,HANBURY RIVER ABOVE HOARE LAKE,NT,63.59111022949219,-105.1544418334961,5770.0,,1
06JC002,THELON RIVER ABOVE BEVERLY LAKE,NU,64.53038787841797,-101.3623275756836,65600.0,,0
06KB002,KAMILUKUAK LAKE AT OUTLET,NU,62.49443817138672,-101.852783203125,,,0
06KB003,DUBAWNT RIVER ABOVE DUBAWNT LAKE,NT,62.859859466552734,-102.23892211914062,,,0
06KC001,DUBAWNT RIVER BELOW MARJORIE LAKE,NU,64.34443664550781,-99.78943634033205,67900.0,,0
06KC002,MARJORIE LAKE AT OUTLET,NU,64.23110961914062,-99.47693634033205,,,0
06KC003,DUBAWNT RIVER AT OUTLET OF MARJORIE LAKE,NU,64.232421875,-99.47608184814452,67300.0,,1
06KC004,DUBAWNT LAKE NEAR SNOW ISLAND,NT,63.22806167602539,-101.76416778564452,,,0
06LA001,KAZAN RIVER AT OUTLET OF ENNADAI LAKE,NU,61.25360870361328,-100.97389221191406,21400.0,,1
06LA002,ENNADAI LAKE AT ENNADAI,NU,61.17028045654297,-100.95832824707033,,,0
06LA003,ENNADAI LAKE NEAR ENNADAI,NU,61.11391830444336,-101.02896881103516,,,0
06LC001,KAZAN RIVER ABOVE KAZAN FALLS,NU,63.65258026123047,-95.85211181640624,70000.0,,1
06LC002,KUNWAK RIVER BELOW PRINCESS MARY LAKE,NU,63.7994384765625,-97.43138885498048,12100.0,,0
06LC003,SIURAQ CREEK NEAR OUTLET TO KAZAN RIVER,NU,62.63555908203125,-98.52278137207033,1480.0,,0
06LC004,YATHKYED LAKE NEAR KAZAN RIVER INLET,NU,62.69721984863281,-98.30555725097656,,,0
06MA001,BAKER LAKE AT BAKER LAKE,NU,64.31944274902344,-96.0305633544922,,,0
06MA002,QINGUQ CREEK NEAR BAKER LAKE,NU,64.26167297363281,-96.3147201538086,392.0,,0
06MA003,THELON RIVER ABOVE BAKER LAKE,NU,64.40693664550781,-96.4102783203125,154000.0,,0
06MA004,AKKUTUAK CREEK NEAR BAKER LAKE,NU,64.31582641601562,-95.97306060791016,18.0,,0
06MA005,PRINCE RIVER NEAR BAKER LAKE,NU,64.3022232055664,-95.75861358642578,2100.0,,0
06MA006,THELON RIVER BELOW OUTLET OF SCHULTZ LAKE,NU,64.77828216552734,-97.05386352539062,152000.0,,0
06MA007,ANIGAQ RIVER BELOW AUDRA LAKE,NU,64.21333312988281,-96.58721923828124,2740.0,,0
06MB001,QUOICH RIVER ABOVE ST. CLAIR FALLS,NU,64.31417083740234,-93.90972137451172,30100.0,,0
06NB001,FERGUSON LAKE NEAR INTERNATIONAL NICKEL CO. CAMP,NU,62.86666870117188,-96.8000030517578,,,0
06NB002,FERGUSON RIVER BELOW O'NEIL LAKE,NU,62.4716682434082,-95.0527801513672,12400.0,,0
06NC001,DIANA RIVER NEAR RANKIN INLET,NU,62.86027908325195,-92.41555786132812,1460.0,,0
06OA001,LORILLARD RIVER ABOVE DALY BAY,NU,64.2941665649414,-90.44805908203124,11000.0,,0
06OA002,MEADOW CREEK ABOVE SAQVAQJUAC INLET,NU,63.64582824707031,-90.7027816772461,0.1599999964237213,,0
06OA003,FAR CREEK AT FAR LAKE OUTLET,NU,63.69443893432617,-90.6750030517578,0.20999999344348907,,0
06OA004,P/N LAKE OUTLET,NU,63.66527938842773,-90.66667175292967,0.36000001430511475,,0
06OA005,SAQVAQJUAC RIVER ABOVE SAQVAQJUAC INLET,NU,63.7005615234375,-90.62000274658205,607.0,,0
06OA006,BROWN RIVER ABOVE BROWN LAKE,NU,66.04222106933594,-91.83444213867188,2040.0,,0
06OA007,BROWN RIVER AT THE OUTLET OF BROWN LAKE,NU,65.93457794189453,-91.06655883789062,,,0
06PA001,KIRCHOFFER RIVER NEAR CORAL HARBOUR,NU,64.12860870361328,-83.43778228759766,3160.0,,0
06SA001,MARY RIVER AT OUTLET OF MARY LAKE,NU,71.22958374023438,-79.43177795410156,,,0
06SA002,RAVN RIVER AT OUTLET OF ANGAJURJUALUK LAKE,NU,71.14411163330078,-79.37960815429688,,,0
06SB001,ISORTOQ RIVER AT THE OUTLET OF ISORTOQ LAKE,NU,70.15596771240234,-76.709716796875,,,0
06SB002,ROWLEY RIVER ABOVE SEPARATION LAKE,NU,70.46217346191406,-77.3758316040039,,,0
07AA001,MIETTE RIVER NEAR JASPER,AB,52.86412048339844,-118.10717010498048,629.0,629.0,1
07AA002,ATHABASCA RIVER NEAR JASPER,AB,52.91019058227539,-118.05870056152344,3870.0,3870.0,1
07AA003,ROCKY RIVER AT HAWES,AB,53.140281677246094,-117.97943878173828,1140.0,1140.0,0
07AA004,MALIGNE RIVER NEAR JASPER,AB,52.93082809448242,-118.02610778808594,908.0,908.0,0
07AA007,SUNWAPTA RIVER AT ATHABASCA GLACIER,AB,52.216270446777344,-117.23209381103516,29.299999237060547,29.299999237060547,1
07AA008,FIDDLE RIVER AT HIGHWAY NO. 16,AB,53.209720611572266,-117.84722137451172,238.0,238.0,0
07AA009,WHIRLPOOL RIVER NEAR THE MOUTH,AB,52.7247200012207,-117.92472076416016,598.0,598.0,0
07AA010,FIDDLE RIVER ABOVE MORRIS CREEK,AB,53.17778015136719,-117.83139038085938,203.0,203.0,0
07AB002,SNAKE INDIAN RIVER NEAR THE MOUTH,AB,53.15777969360352,-118.03278350830078,1580.0,1580.0,0
07AC001,WILDHAY RIVER NEAR HINTON,AB,53.5235595703125,-117.94671630859376,960.0,960.0,0
07AC002,NORTH FOX CREEK NEAR MUSKEG,AB,53.71667098999024,-118.26667022705078,17.600000381469727,17.600000381469727,0
07AC003,EAST CABIN CREEK NEAR MUSKEG,AB,53.76667022705078,-118.36666870117188,12.399999618530272,12.399999618530272,0
07AC004,HENDRICKSON CREEK NEAR THE MOUTH,AB,53.77693939208984,-118.36750030517578,24.899999618530277,24.899999618530277,0
07AC005,VOGEL CREEK NEAR THE MOUTH,AB,53.78277969360352,-118.45194244384766,11.399999618530272,11.399999618530272,0
07AC006,HINTON STUDY BASIN NO.14,AB,53.70417022705078,-118.27971649169922,12.199999809265137,12.199999809265137,0
07AC007,BERLAND RIVER NEAR THE MOUTH,AB,54.01327133178711,-116.96337890625,5660.0,5660.0,0
07AC008,LITTLE BERLAND RIVER AT HIGHWAY NO. 40,AB,53.67866134643555,-118.24115753173828,93.0,93.0,0
07AD001,ATHABASCA RIVER AT ENTRANCE,AB,53.3769416809082,-117.69499969482422,9530.0,9530.0,0
07AD002,ATHABASCA RIVER AT HINTON,AB,53.42428970336914,-117.56941986083984,9760.0,9720.0,0
07AD003,CACHE PERCOTTE CREEK NEAR HINTON,AB,53.4022216796875,-117.50749969482422,7.150000095367432,7.150000095367432,0
07AD004,WHISKEYJACK CREEK NEAR HINTON,AB,53.38056182861328,-117.5374984741211,3.130000114440918,3.130000114440918,0
07AD005,FISH CREEK NEAR HINTON,AB,53.48611068725586,-117.6513900756836,25.600000381469727,25.600000381469727,0
07AD006,OLDMAN CREEK NEAR HINTON,AB,53.533329010009766,-117.6833267211914,18.100000381469727,18.100000381469727,0
07AD007,CACHE PERCOTTE CREEK (NORTH FORK) NEAR HINTON,AB,53.39056015014648,-117.48638916015624,2.720000028610229,2.720000028610229,0
07AD008,HINTON STUDY BASIN NO.1,AB,53.69805908203125,-117.5633316040039,16.799999237060547,16.799999237060547,0
07AD009,HINTON STUDY BASIN NO.2,AB,53.68416976928711,-117.5633316040039,14.5,14.5,0
07AD010,HINTON STUDY BASIN NO.5,AB,53.62166976928711,-117.52361297607422,19.700000762939453,19.700000762939453,0
07AE001,ATHABASCA RIVER NEAR WINDFALL,AB,54.2075309753418,-116.0632095336914,19600.0,19600.0,0
07AE002,HINTON STUDY BASIN NO.6,AB,53.91527938842773,-116.72222137451172,23.799999237060547,23.799999237060547,0
07AE003,HINTON STUDY BASIN NO.7,AB,53.90610885620117,-116.76222229003906,22.0,,0
07AF001,EMBARRAS RIVER NEAR MCLEOD RIVER,AB,53.45000076293945,-116.61666870117188,1860.0,,0
07AF002,MCLEOD RIVER ABOVE EMBARRAS RIVER,AB,53.47018051147461,-116.6314926147461,2560.0,2550.0,0
07AF003,WAMPUS CREEK NEAR HINTON,AB,53.1574592590332,-117.2608871459961,25.899999618530277,25.899999618530277,0
07AF004,DEERLICK CREEK NEAR HINTON,AB,53.15555953979492,-117.24333190917967,14.0,14.0,0
07AF005,EUNICE CREEK NEAR HINTON,AB,53.15277862548828,-117.23194122314452,17.100000381469727,17.100000381469727,0
07AF008,QUIGLEY CREEK NEAR HINTON,AB,53.34999847412109,-117.4000015258789,15.300000190734863,15.300000190734863,0
07AF009,NORTH ANDERSON CREEK NEAR HINTON,AB,53.31666946411133,-117.4000015258789,10.600000381469728,10.600000381469728,0
07AF010,SUNDANCE CREEK NEAR BICKERDIKE,AB,53.56652069091797,-116.70330810546876,178.0,178.0,1
07AF011,HINTON STUDY BASIN NO.15,AB,53.30527877807617,-117.30110931396484,19.700000762939453,19.700000762939453,0
07AF012,HINTON STUDY BASIN NO.16,AB,53.30889129638672,-117.28443908691406,8.050000190734863,8.050000190734863,0
07AF013,MCLEOD RIVER NEAR CADOMIN,AB,53.07942962646485,-117.19805908203124,330.0,330.0,0
07AF014,EMBARRAS RIVER NEAR WEALD,AB,53.375919342041016,-116.8061981201172,640.0,640.0,0
07AF015,GREGG RIVER NEAR THE MOUTH,AB,53.25128173828125,-117.35885620117188,384.0,384.0,0
07AF016,ERITH RIVER BELOW HANLAN CREEK,AB,53.23611068725586,-116.56555938720705,,,0
07AF906,GREGG RIVER NEAR HINTON,AB,53.252220153808594,-117.35832977294922,364.0,,0
07AF907,ERITH RIVER BELOW HANLAN CREEK,AB,53.23556137084961,-116.56527709960938,595.0,,0
07AF909,EMBARRAS RIVER AT ROBB,AB,53.22193908691406,-116.96778106689452,123.0,,0
07AF910,WHITEHORSE CREEK NEAR CADOMIN,AB,52.98332977294922,-117.3444366455078,115.0,,0
07AG001,MCLEOD RIVER NEAR WOLF CREEK,AB,53.65417098999024,-116.2805633544922,6310.0,6230.0,0
07AG002,MCLEOD RIVER NEAR EDSON,AB,53.59999847412109,-116.33332824707033,5450.0,5390.0,0
07AG003,WOLF CREEK AT HIGHWAY NO. 16A,AB,53.59835052490234,-116.27184295654295,826.0,807.0,1
07AG004,MCLEOD RIVER NEAR WHITECOURT,AB,54.01247024536133,-115.83963775634766,9110.0,9010.0,0
07AG005,HINTON STUDY BASIN NO.8,AB,53.81193923950195,-116.7477798461914,23.100000381469727,23.100000381469727,0
07AG006,HINTON STUDY BASIN NO.9,AB,53.83332824707031,-116.68167114257812,7.539999961853027,7.539999961853027,0
07AG007,MCLEOD RIVER NEAR ROSEVEAR,AB,53.69704818725586,-116.16201782226562,7140.0,7080.0,0
07AG008,GROAT CREEK NEAR WHITECOURT,AB,54.03253173828125,-115.8423309326172,133.0,133.0,0
07AH001,FREEMAN RIVER NEAR FORT ASSINIBOINE,AB,54.36492919921875,-114.90482330322266,1660.0,1660.0,0
07AH002,CHRISTMAS CREEK NEAR BLUE RIDGE,AB,54.22766876220703,-115.33248901367188,423.0,423.0,1
07AH003,SAKWATAMAU RIVER NEAR WHITECOURT,AB,54.201438903808594,-115.77893829345705,1150.0,1150.0,0
07BA001,PEMBINA RIVER BELOW PADDY CREEK,AB,53.12820053100586,-115.32660675048828,2900.0,2830.0,0
07BA002,RAT CREEK NEAR CYNTHIA,AB,53.138301849365234,-115.48890686035156,606.0,582.0,0
07BA003,LOVETT RIVER NEAR THE MOUTH,AB,52.999881744384766,-116.65601348876952,103.0,103.0,0
07BB001,LOBSTICK RIVER NEAR ENTWISTLE,AB,53.6108283996582,-115.01083374023438,1650.0,1640.0,0
07BB002,PEMBINA RIVER NEAR ENTWISTLE,AB,53.60025024414063,-115.00435638427734,4400.0,4330.0,1
07BB003,LOBSTICK RIVER NEAR STYAL,AB,53.61249923706055,-115.10556030273438,1570.0,1560.0,0
07BB004,PADDLE RIVER NEAR ROCHFORT BRIDGE,AB,53.89567184448242,-115.04193115234376,617.0,617.0,0
07BB005,LITTLE PADDLE RIVER NEAR MAYERTHORPE,AB,53.94799041748047,-115.02364349365234,423.0,417.0,0
07BB006,PADDLE RIVER AT BARRHEAD,AB,54.11262130737305,-114.40035247802734,2370.0,2200.0,0
07BB007,LAC LA NONNE AT LAC LA NONNE,AB,53.911041259765625,-114.2814712524414,302.0,298.0,0
07BB008,CHIP LAKE NEAR NORTHVILLE,AB,53.63351821899414,-115.39061737060548,1211.699951171875,1203.4000244140625,0
07BB009,CONNOR CREEK NEAR SANGUDO,AB,54.0230598449707,-114.94416809082033,165.0,162.0,0
07BB010,CONNOR CREEK NEAR ROCHFORT BRIDGE,AB,54.04806137084961,-115.04193878173828,64.5,64.5,0
07BB011,PADDLE RIVER NEAR ANSELMO,AB,53.85934829711914,-115.36387634277344,253.0,253.0,0
07BB012,PADDLE RIVER NEAR SANGUDO,AB,53.95555877685547,-114.89360809326172,1170.0,1160.0,0
07BB013,PADDLE RIVER AT HIGHWAY NO. 764,AB,54.0483283996582,-114.66999816894533,1720.0,1700.0,0
07BB014,COYOTE CREEK NEAR CHERHILL,AB,53.87371063232422,-114.6711883544922,48.900001525878906,47.59999847412109,0
07BB903,ROMEO CREEK ABOVE ROMEO LAKE,AB,54.07221984863281,-114.9013900756836,115.0,,0
07BB914,PADDLE RIVER RESERVOIR NEAR ROCHFORT BRIDGE,AB,53.89332962036133,-115.06749725341795,612.0,612.0,0
07BC001,PEMBINA RIVER NEAR DAPP,AB,54.355560302734375,-114.0111083984375,12100.0,11700.0,0
07BC002,PEMBINA RIVER AT JARVIE,AB,54.45029067993164,-113.99331665039062,13100.0,12600.0,0
07BC003,WABASH CREEK NEAR WESTLOCK,AB,54.19194030761719,-113.9255599975586,321.0,321.0,0
07BC004,SHOAL CREEK NEAR LINARIA,AB,54.31388854980469,-114.20111083984376,442.0,413.0,0
07BC005,STEELE LAKE NEAR JARVIE,AB,54.641109466552734,-113.81832885742188,255.0,255.0,0
07BC006,DAPP CREEK AT HIGHWAY NO. 44,AB,54.30820083618164,-113.8488998413086,605.0,541.0,0
07BC007,WABASH CREEK NEAR PIBROCH,AB,54.210479736328125,-113.92241668701172,344.0,344.0,0
07BE001,ATHABASCA RIVER AT ATHABASCA,AB,54.72203063964844,-113.28795623779295,74600.0,73300.0,0
07BE002,BAPTISTE LAKE NEAR ATHABASCA,AB,54.73696899414063,-113.53180694580078,305.3999938964844,305.3999938964844,0
07BE003,PORTER CREEK ABOVE BAPTISTE LAKE,AB,54.72518157958984,-113.58614349365234,57.400001525878906,57.400001525878906,1
07BE004,STONY CREEK NEAR TAWATINAW,AB,54.29315185546875,-113.46346282958984,128.0,113.0,0
07BF001,EAST PRAIRIE RIVER NEAR ENILDA,AB,55.417701721191406,-116.34015655517578,1470.0,1470.0,0
07BF002,WEST PRAIRIE RIVER NEAR HIGH PRAIRIE,AB,55.44821166992188,-116.49263763427734,1150.0,1150.0,0
07BF004,SOUTH HEART RIVER NEAR HIGH PRAIRIE,AB,55.53472137451172,-116.48278045654295,4240.0,3890.0,0
07BF006,WINAGAMI LAKE AT PROVINCIAL PARK,AB,55.62425994873047,-116.68277740478516,266.0,266.0,0
07BF007,BRIDGE CREEK NEAR ENILDA,AB,55.43333053588867,-116.28333282470705,5.130000114440918,5.130000114440918,0
07BF008,SOUTH HEART RESERVOIR NEAR MCLENNAN,AB,55.683250427246094,-116.59832000732422,2070.0,1880.0,0
07BF009,SALT CREEK NEAR GROUARD,AB,55.60820007324219,-116.1027374267578,427.0,427.0,0
07BF010,SOUTH HEART RIVER NEAR PEAVINE,AB,55.81917190551758,-116.38971710205078,1710.0,1560.0,0
07BF901,SOUTH HEART RIVER BELOW WEST PRAIRIE RIVER,AB,55.52750015258789,-116.45832824707033,,,0
07BF905,SOUTH HEART RIVER NEAR BIG PRAIRIE SETTLEMENT,AB,55.57978057861328,-116.29563903808594,6000.0,5820.0,0
07BF910,BUFFALO BAY OUTLET AT GROUARD (CAUSEWAY),AB,55.5111083984375,-116.16416931152344,,,0
07BG004,LILY CREEK NEAR SLAVE LAKE,AB,55.419921875,-114.79695129394533,23.700000762939453,23.700000762939453,1
07BH001,ARCADIA CREEK NEAR ARCADIA,AB,55.39944076538086,-116.12750244140624,177.0,177.0,0
07BH003,DRIFTPILE RIVER NEAR DRIFTPILE,AB,55.34664916992188,-115.79656219482422,835.0,835.0,0
07BJ001,SWAN RIVER NEAR KINUSO,AB,55.3155403137207,-115.41716766357422,1900.0,1900.0,1
07BJ002,LESSER SLAVE LAKE AT FAUST,AB,55.32167053222656,-115.64221954345705,13600.0,13200.0,0
07BJ003,SWAN RIVER NEAR SWAN HILLS,AB,54.80263137817383,-115.47000885009766,155.0,155.0,0
07BJ004,ADAMS CREEK NEAR KINUSO,AB,55.21805953979492,-115.33444213867188,138.0,138.0,0
07BJ005,LESSER SLAVE LAKE AT DOG ISLAND,AB,55.31666946411133,-114.8166732788086,13600.0,13200.0,0
07BJ006,LESSER SLAVE LAKE AT SLAVE LAKE,AB,55.30567169189453,-114.7715301513672,13600.0,13400.0,0
07BK001,LESSER SLAVE RIVER AT SLAVE LAKE,AB,55.30487060546875,-114.75621032714844,13600.0,13400.0,0
07BK002,LESSER SLAVE RIVER ABOVE OTAUWAU RIVER,AB,55.27777862548828,-114.40833282470705,14500.0,14200.0,0
07BK003,LESSER SLAVE RIVER AT SAULTEAUX LANDING,AB,55.26667022705078,-114.31388854980467,15100.0,14800.0,0
07BK004,OTAUWAU RIVER NEAR SLAVE LAKE,AB,55.275001525878906,-114.40972137451172,515.0,515.0,0
07BK005,SAULTEAUX RIVER NEAR SPURFIELD,AB,55.15747833251953,-114.23909759521484,2600.0,2600.0,0
07BK006,LESSER SLAVE RIVER AT HIGHWAY NO. 2A,AB,55.29417037963867,-114.59056091308594,14400.0,14300.0,0
07BK007,DRIFTWOOD RIVER NEAR THE MOUTH,AB,55.255470275878906,-114.23078918457033,2100.0,2100.0,0
07BK008,FAWCETT LAKE NEAR SMITH,AB,55.31990051269531,-114.05531311035156,1240.0,1240.0,0
07BK009,SAWRIDGE CREEK NEAR SLAVE LAKE,AB,55.270790100097656,-114.77522277832033,230.0,230.0,0
07BK010,LESSER SLAVE LAKE AT SAWRIDGE,AB,55.29999923706055,-114.76667022705078,13600.0,13200.0,0
07BK012,FAWCETT RIVER AT OUTLET OF FAWCETT LAKE,AB,55.31990051269531,-114.05531311035156,1240.0,1240.0,0
07CA001,FLAT CREEK NEAR DONATVILLE,AB,54.75556182861328,-112.87306213378906,666.0,488.0,0
07CA002,FLAT LAKE NEAR STOCKS,AB,54.633331298828125,-112.9472198486328,654.0,477.0,0
07CA003,FLAT CREEK NEAR BOYLE,AB,54.58734893798828,-112.9066925048828,184.0,97.3000030517578,0
07CA004,LAC LA BICHE AT LAC LA BICHE,AB,54.77228927612305,-111.9885711669922,4310.0,4150.0,0
07CA005,PINE CREEK NEAR GRASSLAND,AB,54.82036972045898,-112.77752685546876,1460.0,995.0,0
07CA006,WANDERING RIVER NEAR WANDERING RIVER,AB,55.19929885864258,-112.4665985107422,1120.0,1120.0,0
07CA008,BABETTE CREEK NEAR COLINTON,AB,54.652610778808594,-113.08030700683594,219.0,67.5,0
07CA010,PICHE RIVER NEAR IMPERIAL MILLS,AB,55.00971984863281,-111.71111297607422,1030.0,984.0,0
07CA011,LA BICHE RIVER AT HIGHWAY NO. 63,AB,54.93611145019531,-112.50277709960938,4860.0,4740.0,0
07CA012,LOGAN RIVER NEAR THE MOUTH,AB,55.17238998413086,-111.72470092773438,425.0,425.0,0
07CA013,OWL RIVER BELOW PICHE RIVER,AB,55.01087188720703,-111.8563995361328,3080.0,3020.0,0
07CA901,PINE CREEK NEAR COLINTON,AB,54.61666870117188,-113.0133285522461,255.0,,0
07CB001,CALLING LAKE AT RANGER STATION,AB,55.21083831787109,-113.19803619384766,1220.0,1220.0,0
07CB002,HOUSE RIVER AT HIGHWAY NO. 63,AB,55.64247131347656,-112.1528091430664,781.0,781.0,0
07CC001,HORSE RIVER AT ABASANDS PARK,AB,56.70806121826172,-111.39443969726562,2130.0,2130.0,0
07CC002,ATHABASCA RIVER AT MCMURRAY,AB,56.73332977294922,-111.375,100000.0,100000.0,0
07CD001,CLEARWATER RIVER AT DRAPER,AB,56.68524932861328,-111.25521850585938,30800.0,30800.0,1
07CD002,CLEARWATER RIVER BELOW WATERWAYS,AB,56.71944046020508,-111.34722137451172,31900.0,31900.0,0
07CD003,CLEARWATER RIVER AT UPPER WINGDAM,AB,56.70000076293945,-111.33332824707033,30800.0,30800.0,0
07CD004,HANGINGSTONE RIVER AT FORT MCMURRAY,AB,56.70893096923828,-111.3563003540039,962.0,962.0,0
07CD005,CLEARWATER RIVER ABOVE CHRISTINA RIVER,AB,56.66349029541016,-110.92870330810548,17000.0,17000.0,0
07CD006,CLEARWATER RIVER AT OUTLET OF LLOYD LAKE,SK,57.33055877685547,-108.7638931274414,4250.0,4250.0,0
07CD007,DESCHARME RIVER BELOW DUPRE LAKE,SK,57.1230583190918,-109.22721862792967,1690.0,1690.0,0
07CD008,HANGINGSTONE RIVER AT NORTH STAR ROAD,AB,56.26871871948242,-111.48719787597656,113.0,113.0,0
07CD009,HIGH HILL RIVER NEAR THE MOUTH,AB,56.76369094848633,-110.4610595703125,1360.0,1360.0,0
07CE001,GREGOIRE LAKE NEAR FORT MCMURRAY,AB,56.48355865478516,-111.18006896972656,262.0,262.0,0
07CE002,CHRISTINA RIVER NEAR CHARD,AB,55.83710861206055,-110.86910247802734,4860.0,4850.0,0
07CE003,PONY CREEK NEAR CHARD,AB,55.86968994140625,-110.9173583984375,279.0,279.0,0
07CE004,ROBERT CREEK NEAR ANZAC,AB,56.38360977172852,-111.02832794189452,54.09999847412109,54.09999847412109,0
07CE005,JACKFISH RIVER BELOW CHRISTINA LAKE,AB,55.67292022705078,-111.09940338134766,1290.0,1270.0,0
07CE006,BIRCH CREEK NEAR CONKLIN,AB,55.61861038208008,-111.08583068847656,232.0,232.0,0
07CE007,CHRISTINA RIVER NEAR THE MOUTH,AB,56.59297180175781,-110.91780090332033,13200.0,13200.0,0
07CE008,GREGOIRE RIVER NEAR THE MOUTH,AB,56.48443984985352,-110.83511352539062,1000.0,1000.0,0
07CE010,SUNDAY CREEK ABOVE CHRISTINA LAKE,AB,55.57191848754883,-110.90128326416016,365.0,365.0,0
07CE013,CHRISTINA RIVER ABOVE STATOIL LEISMER,AB,55.88895034790039,-111.54010009765624,1030.0,1030.0,0
07CE906,CHRISTINA LAKE NEAR WINEFRED LAKE,AB,55.625,-110.77249908447266,1270.0,1250.0,0
07DA001,ATHABASCA RIVER BELOW FORT MCMURRAY,AB,56.78089141845703,-111.40258026123048,133000.0,130000.0,0
07DA002,ATHABASCA RIVER NEAR MILDRED LAKE,AB,57.033329010009766,-111.48332977294922,135000.0,132000.0,0
07DA003,ATHABASCA RIVER NEAR FORT MACKAY,AB,57.19443893432617,-111.60832977294922,142000.0,140000.0,0
07DA004,ATHABASCA RIVER AT SHOTT ISLAND,AB,57.7138900756836,-111.39167022705078,147000.0,145000.0,0
07DA005,BEAVER RIVER NEAR FORT MACKAY,AB,57.09999847412109,-111.63333129882812,454.0,454.0,0
07DA006,STEEPBANK RIVER NEAR FORT MCMURRAY,AB,56.99934005737305,-111.40699768066406,1320.0,1320.0,0
07DA007,POPLAR CREEK NEAR FORT MCMURRAY,AB,56.91334915161133,-111.45999908447266,136.0,136.0,0
07DA008,MUSKEG RIVER NEAR FORT MACKAY,AB,57.19128036499024,-111.56999969482422,1460.0,1460.0,0
07DA009,HARTLEY CREEK NEAR FORT MACKAY,AB,57.25944137573242,-111.4647216796875,358.0,358.0,0
07DA010,ELLS RIVER BELOW GARDINER LAKES,AB,57.375,-112.56111145019533,1380.0,1380.0,0
07DA011,UNNAMED CREEK NEAR FORT MACKAY,AB,57.6613883972168,-111.51972198486328,274.0,274.0,0
07DA012,ASPHALT CREEK NEAR FORT MACKAY,AB,57.53889083862305,-111.67666625976562,148.0,148.0,0
07DA013,PIERRE RIVER NEAR FORT MACKAY,AB,57.46527862548828,-111.65389251708984,123.0,123.0,0
07DA014,CALUMET RIVER NEAR FORT MACKAY,AB,57.4033317565918,-111.68250274658205,183.0,183.0,0
07DA015,TAR RIVER NEAR FORT MACKAY,AB,57.35388946533203,-111.758056640625,301.0,301.0,0
07DA016,JOSLYN CREEK NEAR FORT MACKAY,AB,57.274169921875,-111.74166870117188,257.0,257.0,0
07DA017,ELLS RIVER NEAR THE MOUTH,AB,57.26778030395508,-111.71417236328124,2450.0,2450.0,0
07DA018,BEAVER RIVER ABOVE SYNCRUDE,AB,56.94532012939453,-111.56620025634766,165.0,165.0,0
07DA019,TAR RIVER NEAR FORT MACKAY (UPPER STATION),AB,57.48471832275391,-112.01943969726562,103.0,103.0,0
07DA020,GARDINER LAKE (UPPER) IN BIRCH MOUNTAINS,AB,57.54167175292969,-112.477783203125,1010.0,1010.0,0
07DA021,NAMUR LAKE AT BIRCH MOUNTAINS LODGE,AB,57.36943817138672,-112.75833129882812,172.0,172.0,0
07DA022,EAGLENEST LAKE NEAR THE OUTLET,AB,57.75556182861328,-112.16667175292967,127.0,127.0,0
07DA023,MCCLELLAND LAKE AT EAST END,AB,57.49171829223633,-111.27658081054688,211.0,211.0,0
07DA024,KEARL LAKE AT CANTERRA ROAD,AB,57.30677032470703,-111.22219848632812,81.19999694824219,81.19999694824219,0
07DA025,NAMUR LAKE NEAR THE OUTLET,AB,57.464969635009766,-112.61900329589844,179.0,179.0,0
07DA026,JACKPINE CREEK AT CANTERRA ROAD,AB,57.23933029174805,-111.41500091552734,343.0,343.0,0
07DA027,IYINIMIN CREEK ABOVE KEARL LAKE,AB,57.24964141845703,-111.17503356933594,42.900001525878906,42.900001525878906,0
07DA028,MUSKEG RIVER ABOVE STANLEY CREEK,AB,57.35319137573242,-111.3363037109375,440.0,440.0,0
07DA029,MUSKEG RIVER ABOVE MUSKEG CREEK,AB,57.30849838256836,-111.39769744873048,567.0,567.0,0
07DA030,KEARL LAKE OUTLET,AB,57.26594161987305,-111.26553344726562,82.5,82.5,0
07DA032,ELLS RIVER AT CANADIAN NATURAL RESOURCES LIMITED BRIDGE,AB,57.24552917480469,-111.7332000732422,2430.0,2430.0,0
07DA033,CALUMET RIVER NEAR THE MOUTH,AB,57.40311050415039,-111.69249725341795,175.0,175.0,0
07DA034,MUSKEG RIVER UPLAND,AB,57.33763885498047,-111.1294174194336,150.0,150.0,0
07DA035,MUSKEG CREEK NEAR THE MOUTH,AB,57.2841682434082,-111.3155288696289,322.0,322.0,0
07DA037,TAR RIVER ABOVE CANADIAN NATURAL RESOURCES LIMITED LAKE,AB,57.39393997192383,-111.98592376708984,143.0,143.0,0
07DA038,EAST JACKPINE CREEK NEAR THE 1300 FT CONTOUR,AB,57.07184982299805,-111.2003936767578,44.79999923706055,44.79999923706055,0
07DA039,ELLS RIVER ABOVE JOSLYN CREEK DIVERSION,AB,57.22092819213867,-111.98799896240234,2260.0,2260.0,0
07DA040,BIG CREEK NEAR THE MOUTH,AB,57.64337921142578,-111.48870086669922,323.0,323.0,0
07DA041,EYMUNDSON CREEK NEAR THE MOUTH,AB,57.49571990966797,-111.57627868652344,319.0,319.0,0
07DA042,RED CLAY CREEK NEAR THE MOUTH,AB,57.74324035644531,-111.42130279541016,176.0,,0
07DA044,STEEPBANK RIVER BELOW NORTH STEEPBANK RIVER,AB,56.86737823486328,-111.13980102539062,1180.0,1180.0,0
07DA045,TAR RIVER NEAR THE MOUTH,AB,57.3215217590332,-111.69080352783205,320.0,320.0,0
07DB001,MACKAY RIVER NEAR FORT MACKAY,AB,57.21041870117188,-111.69499969482422,5570.0,5570.0,0
07DB002,DOVER RIVER NEAR THE MOUTH,AB,57.17380142211914,-111.80290222167967,974.0,974.0,0
07DB003,DUNKIRK RIVER NEAR FORT MACKAY,AB,56.85074996948242,-112.70831298828124,1570.0,1570.0,0
07DB004,THICKWOOD CREEK NEAR FORT MACKAY,AB,56.89860916137695,-112.17082977294922,176.0,176.0,0
07DB005,MACKAY RIVER ABOVE DUNKIRK RIVER,AB,56.75971984863281,-112.6138916015625,1010.0,1010.0,0
07DB006,MACKAY RIVER AT PETRO-CANADA BRIDGE,AB,56.967559814453125,-111.90550231933594,4130.0,4130.0,0
07DC001,FIREBAG RIVER NEAR THE MOUTH,AB,57.65116882324219,-111.20252990722656,6390.0,6390.0,0
07DC002,LOST CREEK NEAR THE MOUTH,AB,57.28889083862305,-110.4638900756836,418.0,418.0,0
07DC003,FIREBAG RIVER UPSTREAM OF SUNCOR FIREBAG,AB,57.33496856689453,-110.47364044189452,2420.0,2420.0,0
07DC004,MCCLELLAND LAKE OUTLET ABOVE FIREBAG RIVER,AB,57.60995101928711,-111.14910888671876,359.0,359.0,0
07DD001,ATHABASCA RIVER AT EMBARRAS AIRPORT,AB,58.31264114379883,-111.51509857177734,155000.0,153000.0,0
07DD002,RICHARDSON RIVER NEAR THE MOUTH,AB,58.36043167114258,-111.2405014038086,2730.0,2730.0,1
07DD003,EMBARRAS RIVER BELOW DIVERGENCE,AB,58.42985916137695,-111.54708099365234,,,0
07DD004,FLETCHER CHANNEL BELOW DIVERGENCE,AB,58.46527862548828,-111.0749969482422,,,0
07DD005,GOOSE ISLAND CHANNEL BELOW DIVERGENCE,AB,58.470829010009766,-110.85556030273438,,,0
07DD006,BIG POINT CHANNEL BELOW DIVERGENCE,AB,58.48194122314453,-110.80416870117188,,,0
07DD007,ATHABASCA RIVER ABOVE JACKFISH CREEK,AB,58.42105865478516,-110.9217529296875,159000.0,157000.0,0
07DD008,RICHARDSON LAKE AT THE OUTLET,AB,58.39860916137695,-110.97222137451172,1980.0,1980.0,0
07DD009,JACKFISH CREEK ABOVE ATHABASCA RIVER,AB,58.408329010009766,-110.91999816894533,2010.0,2010.0,0
07DD010,ATHABASCA RIVER ABOVE FLETCHER CHANNEL,AB,58.45000076293945,-111.0666732788086,159000.0,157000.0,0
07DD011,ATHABASCA RIVER NEAR OLD FORT,AB,58.39685821533203,-111.52494049072266,156000.0,154000.0,0
07EA001,FINLAY RIVER AT WARE,BC,57.42082977294922,-125.62638854980467,11100.0,,0
07EA002,KWADACHA RIVER NEAR WARE,BC,57.45000076293945,-125.6374969482422,2410.0,,0
07EA004,INGENIKA RIVER ABOVE SWANNELL RIVER,BC,56.73060989379883,-125.1050033569336,4140.0,,0
07EA005,FINLAY RIVER ABOVE AKIE RIVER,BC,57.126220703125,-125.24992370605467,15600.0,,0
07EA006,WILLISTON LAKE AT INGENIKA POINT,BC,56.78860855102539,-124.8741683959961,,,0
07EA007,AKIE RIVER NEAR THE 760 M CONTOUR,BC,57.19110870361328,-124.90110778808594,1690.0,,0
07EB001,FINLAY RIVER AT FINLAY FORKS,BC,56.03194046020508,-123.9055633544922,43300.0,,0
07EB002,OSPIKA RIVER ABOVE ALEY CREEK,BC,56.52410888671875,-123.93602752685548,2190.0,,0
07EC001,OMINECA RIVER NEAR GERMANSEN LANDING,BC,55.78889083862305,-124.68055725097656,5080.0,,0
07EC002,OMINECA RIVER ABOVE OSILINKA RIVER,BC,55.9168586730957,-124.5675811767578,5560.0,,1
07EC003,MESILINKA RIVER ABOVE GOPHERHOLE CREEK,BC,56.244998931884766,-124.64466857910156,3060.0,,0
07EC004,OSILINKA RIVER NEAR END LAKE,BC,56.1269416809082,-124.80191802978516,1950.0,,0
07ED001,NATION RIVER NEAR FORT ST. JAMES,BC,55.20252990722656,-124.23336791992188,4350.0,,0
07ED002,WILLISTON LAKE AT NATION ARM,BC,55.50389099121094,-123.4197235107422,,,0
07ED003,NATION RIVER NEAR THE MOUTH,BC,55.42721939086914,-123.63336181640624,6790.0,,0
07EE002,PARSNIP RIVER NEAR FINLAY FORKS,BC,55.8477783203125,-123.7619400024414,20300.0,,0
07EE003,PARSNIP RIVER AT PACIFIC GREAT EASTERN RAILWAY BRIDGE,BC,54.85832977294922,-122.6152801513672,4010.0,,0
07EE004,CHICHOUYENILY CREEK NEAR MACKENZIE,BC,55.31943893432617,-123.09722137451172,72.30000305175781,,0
07EE005,MORFEE CREEK AT OUTLET OF MORFEE LAKE,BC,55.36111068725586,-123.09722137451172,23.299999237060547,,0
07EE007,PARSNIP RIVER ABOVE MISINCHINKA RIVER,BC,55.081939697265625,-122.9130630493164,4930.0,,1
07EE008,WILLISTON LAKE NEAR MACKENZIE,BC,55.33943939208984,-123.18805694580078,,,0
07EE009,CHUCHINKA CREEK NEAR THE MOUTH,BC,54.52972030639648,-122.61222076416016,310.0,,1
07EE010,PACK RIVER AT OUTLET OF MCLEOD LAKE,BC,54.99850082397461,-123.03656005859376,3710.0,,0
07EE011,MCLEOD RIVER AT OUTLET OF CARP LAKE,BC,54.81111145019531,-123.32083129882812,487.0,,0
07EF001,PEACE RIVER AT HUDSON HOPE,BC,56.027000427246094,-121.9086685180664,73100.0,,0
07EF002,WILLISTON LAKE AT LOST CABIN CREEK,BC,56.04996871948242,-123.7481918334961,,,0
07EF003,WILLISTON LAKE NEAR SCHOOLER CREEK,BC,56.10639190673828,-122.7161102294922,,,0
07EF004,CARBON CREEK NEAR THE MOUTH,BC,55.94610977172852,-122.6588897705078,741.0,,0
07FA001,HALFWAY RIVER NEAR FARRELL CREEK (LOWER STATION),BC,56.22777938842773,-121.48056030273438,9400.0,,0
07FA003,HALFWAY RIVER ABOVE GRAHAM RIVER,BC,56.50894165039063,-122.24321746826172,3780.0,,0
07FA004,PEACE RIVER ABOVE PINE RIVER,BC,56.1993293762207,-120.8144989013672,87200.0,,0
07FA005,GRAHAM RIVER ABOVE COLT CREEK,BC,56.45986175537109,-122.35453033447266,2140.0,,0
07FA006,HALFWAY RIVER NEAR FARRELL CREEK,BC,56.25075149536133,-121.62853240966795,9340.0,,0
07FA007,CYPRESS CREEK NEAR THE MOUTH,BC,56.82332992553711,-122.62471771240234,,,0
07FB001,PINE RIVER AT EAST PINE,BC,55.71844100952149,-121.21156311035156,12100.0,,1
07FB002,MURRAY RIVER NEAR THE MOUTH,BC,55.55247116088867,-121.20349884033205,5550.0,,0
07FB003,SUKUNKA RIVER NEAR THE MOUTH,BC,55.54217147827149,-121.6275634765625,2590.0,,0
07FB004,DICKEBUSCH CREEK NEAR THE MOUTH,BC,55.53778076171875,-121.59680938720705,82.4000015258789,,1
07FB005,QUALITY CREEK NEAR THE MOUTH,BC,55.14582824707031,-120.92333221435548,29.5,,0
07FB006,MURRAY RIVER ABOVE WOLVERINE RIVER,BC,55.06135940551758,-121.01377868652344,2370.0,,0
07FB007,SUKUNKA RIVER ABOVE CHAMBERLAIN CREEK,BC,55.18777847290039,-121.7611083984375,927.0,,0
07FB008,MOBERLY RIVER NEAR FORT ST. JOHN,BC,56.09249877929688,-121.36678314208984,1520.0,,1
07FB009,FLATBED CREEK AT KILOMETRE 110 HERITAGE HIGHWAY,BC,55.09017181396485,-120.94183349609376,486.0,,0
07FB010,PINE RIVER ABOVE MOUNTAIN CREEK,BC,55.508331298828125,-122.57472229003906,677.0,,0
07FB011,WINDREM CREEK NEAR CHETWYND,BC,55.695831298828125,-121.62999725341795,22.899999618530277,,0
07FC001,BEATTON RIVER NEAR FORT ST. JOHN,BC,56.278438568115234,-120.69985961914062,15600.0,,0
07FC002,ST. JOHN CREEK NEAR MONTNEY,BC,56.42417144775391,-120.9250030517578,201.0,,0
07FC003,BLUEBERRY RIVER BELOW AITKEN CREEK,BC,56.67763900756836,-121.22232818603516,1770.0,,1
07FC004,STODDART CREEK AT OUTLET OF CHARLIE LAKE,BC,56.27444076538086,-120.94750213623048,298.0,,0
07FC005,CHARLIE LAKE NEAR FORT ST. JOHN,BC,56.28055953979492,-120.95693969726562,,,0
07FC006,OSBORNE CREEK NEAR THE MOUTH,BC,56.600830078125,-120.37972259521484,120.0,,0
07FC007,NIG CREEK NEAR NIG STATION,BC,57.133888244628906,-121.5133285522461,212.0,,0
07FD001,KISKATINAW RIVER NEAR FARMINGTON,BC,55.95735931396485,-120.56436157226562,3630.0,,0
07FD002,PEACE RIVER NEAR TAYLOR,BC,56.13938903808594,-120.67241668701172,101000.0,,0
07FD003,PEACE RIVER AT DUNVEGAN BRIDGE,AB,55.9190788269043,-118.6066436767578,135000.0,135000.0,0
07FD004,ALCES RIVER AT 22ND BASE LINE,BC,56.33422088623047,-120.15514373779295,295.0,,0
07FD005,ALCES RIVER AT SECTION 20,BC,56.38555908203125,-120.1758270263672,229.0,,0
07FD006,SADDLE RIVER NEAR WOKING,AB,55.64434814453125,-118.70023345947266,538.0,538.0,0
07FD007,POUCE COUPE RIVER BELOW HENDERSON CREEK,BC,55.86518859863281,-120.0304183959961,2860.0,,0
07FD008,HINES CREEK NEAR FAIRVIEW,AB,56.06806182861328,-118.65972137451172,1240.0,1180.0,0
07FD009,CLEAR RIVER NEAR BEAR CANYON,AB,56.30783081054688,-119.68049621582033,2880.0,2880.0,0
07FD010,PEACE RIVER ABOVE ALCES RIVER,BC,56.12691879272461,-120.0574722290039,121000.0,,0
07FD011,HINES CREEK ABOVE GERRY LAKE,AB,56.3343505859375,-118.26524353027344,374.0,374.0,1
07FD012,MONTAGNEUSE RIVER NEAR HINES CREEK,AB,56.38383102416992,-118.71275329589844,230.0,230.0,0
07FD013,EUREKA RIVER NEAR WORSLEY,AB,56.45259094238281,-119.13410186767578,755.0,755.0,0
07FD014,WAINSCOTT COULEE NEAR BROWNVALE,AB,56.02693939208984,-117.93556213378906,149.0,85.0,0
07FD015,DAWSON CREEK ABOVE SOUTH DAWSON CREEK,BC,55.761940002441406,-120.25,116.0,,0
07FD016,SOUTH DAWSON CREEK AT THE MOUTH,BC,55.75638961791992,-120.25,85.19999694824219,,0
07FD017,SWAN LAKE AT THE OUTLET,BC,55.52693939208984,-120.02693939208984,,,0
07FD019,KISKATINAW RIVER BELOW BORDEN CREEK,BC,55.19281005859375,-120.27349853515624,,,0
07FD020,SPIRIT RIVER NEAR SPIRIT RIVER,AB,55.741458892822266,-118.8373031616211,134.0,134.0,0
07FD901,PEACE RIVER ABOVE SMOKY RIVER CONFLUENCE,AB,56.15501022338867,-117.44265747070312,140000.0,139000.0,0
07FD908,GRIMSHAW DRAINAGE NEAR GRIMSHAW,AB,56.16667175292969,-117.5999984741211,8.100000381469727,,0
07FD910,RYCROFT SURVEY NO. 3 NEAR RYCROFT,AB,55.75,-118.58332824707033,13.0,,0
07FD912,WHITBURN DRAINAGE PROJECT NEAR SPIRIT RIVER,AB,55.84999847412109,-119.13333129882812,9.43000030517578,,0
07FD913,YOUNG DRAINAGE PROJECT NEAR SPIRIT RIVER,AB,55.81222152709961,-118.79360961914062,31.600000381469727,,0
07FD921,VIXEN CREEK NEAR BELLOY,AB,55.80833053588867,-118.1555633544922,125.0,,0
07FD934,PEACE RIVER NEAR ELK ISLAND PARK,AB,55.914588928222656,-117.98560333251952,139000.0,138000.0,0
07GA001,SMOKY RIVER ABOVE HELLS CREEK,AB,53.946510314941406,-119.16111755371094,3870.0,3870.0,0
07GA002,MUSKEG RIVER NEAR GRANDE CACHE,AB,53.92620086669922,-118.8163604736328,703.0,703.0,0
07GB001,CUTBANK RIVER NEAR GRANDE PRAIRIE,AB,54.51568984985352,-118.96311950683594,842.0,842.0,0
07GB002,KAKWA RIVER NEAR GRANDE PRAIRIE,AB,54.37221908569336,-118.5944366455078,3300.0,3300.0,0
07GB003,KAKWA RIVER AT HIGHWAY NO. 40,AB,54.4215202331543,-118.55403900146484,3370.0,3370.0,0
07GC001,WAPITI RIVER ABOVE MISTANUSK CREEK,BC,54.6986083984375,-120.0583267211914,2400.0,,0
07GC002,PINTO CREEK NEAR GRANDE PRAIRIE,AB,54.84238052368164,-119.3901824951172,494.0,494.0,0
07GD001,BEAVERLODGE RIVER NEAR BEAVERLODGE,AB,55.18927001953125,-119.43724822998048,1610.0,1510.0,0
07GD002,BEAVERTAIL CREEK NEAR HYTHE,AB,55.31616973876953,-119.64254760742188,666.0,595.5999755859375,0
07GD003,REDWILLOW RIVER NEAR BEAVERLODGE,AB,55.081939697265625,-119.5250015258789,1610.0,1580.0,0
07GD004,REDWILLOW RIVER NEAR RIO GRANDE,AB,55.07881927490234,-119.70157623291016,1250.0,,0
07GE001,WAPITI RIVER NEAR GRANDE PRAIRIE,AB,55.07006072998047,-118.70983123779295,11300.0,11100.0,0
07GE002,KLESKUN HILLS MAIN DRAIN NEAR GRANDE PRAIRIE,AB,55.22475051879883,-118.46170043945312,,,0
07GE003,GRANDE PRAIRIE CREEK NEAR SEXSMITH,AB,55.3745002746582,-118.916259765625,140.0,140.0,0
07GE004,BEAR LAKE NEAR CLAIRMONT,AB,55.23332977294922,-118.9499969482422,1190.0,1120.0,0
07GE005,BEAR RIVER NEAR GRANDE PRAIRIE,AB,55.20000076293945,-118.83556365966795,1510.0,1440.0,0
07GE006,COLQUHOUN CREEK NEAR GRANDE PRAIRIE,AB,55.2852783203125,-119.14527893066406,130.0,117.0,0
07GE007,BEAR RIVER NEAR VALHALLA CENTRE,AB,55.40016174316406,-119.38406372070312,181.0,181.0,0
07GF001,SIMONETTE RIVER NEAR GOODWIN,AB,55.14030075073242,-118.1823272705078,5040.0,5040.0,0
07GF002,SPRING CREEK NEAR VALLEYVIEW,AB,54.918060302734375,-117.8486099243164,112.0,112.0,0
07GF003,WOLVERINE CREEK NEAR VALLEYVIEW,AB,54.92139053344727,-117.80889129638672,11.100000381469728,11.100000381469728,0
07GF004,SPRING CREEK (UPPER) NEAR VALLEYVIEW,AB,54.92943954467773,-117.70555877685548,33.400001525878906,33.400001525878906,0
07GF005,BRIDLEBIT CREEK NEAR VALLEYVIEW,AB,54.93611145019531,-117.73388671875,19.700000762939453,19.700000762939453,0
07GF006,ROCKY CREEK NEAR VALLEYVIEW,AB,54.93471908569336,-117.7763900756836,18.600000381469727,18.600000381469727,0
07GF007,HORSE CREEK NEAR VALLEYVIEW,AB,54.92193984985352,-117.81305694580078,4.269999980926514,4.269999980926514,0
07GF008,DEEP VALLEY CREEK NEAR VALLEYVIEW,AB,54.43046188354492,-117.7213134765625,635.0,635.0,0
07GG001,WASKAHIGAN RIVER NEAR THE MOUTH,AB,54.75201034545898,-117.20570373535156,1040.0,1040.0,1
07GG002,LITTLE SMOKY RIVER AT LITTLE SMOKY,AB,54.73986053466797,-117.17955780029295,3010.0,3010.0,0
07GG003,IOSEGUN RIVER NEAR LITTLE SMOKY,AB,54.74517822265625,-117.15216064453124,1950.0,1950.0,0
07GH001,LITTLE SMOKY RIVER NEAR TRIANGLE,AB,55.37778091430664,-116.9277801513672,10600.0,10600.0,0
07GH002,LITTLE SMOKY RIVER NEAR GUY,AB,55.45623016357422,-117.16190338134766,11100.0,11100.0,0
07GH003,STURGEON LAKE NEAR VALLEYVIEW,AB,55.118408203125,-117.5589599609375,639.0,639.0,0
07GH004,PEAVINE CREEK NEAR FALHER,AB,55.62929916381836,-117.2595672607422,541.0,321.0,0
07GH005,WABATANISK CREEK AT HIGHWAY NO. 676,AB,55.42499923706055,-117.35832977294922,127.0,127.0,0
07GH906,PEAVINE CREEK NEAR FALHER,AB,55.633331298828125,-117.23332977294922,537.0,,0
07GJ001,SMOKY RIVER AT WATINO,AB,55.714599609375,-117.62307739257812,50300.0,49600.0,0
07GJ004,BAD HEART RIVER NEAR HEART VALLEY,AB,55.53110885620117,-118.39111328125,192.0,192.0,0
07GJ005,LALBY CREEK NEAR GIROUXVILLE,AB,55.79138946533203,-117.33611297607422,160.0,75.4000015258789,0
07HA001,PEACE RIVER AT PEACE RIVER,AB,56.24494171142578,-117.3143310546875,194000.0,192000.0,0
07HA002,HEART RIVER AT PEACE RIVER,AB,56.230560302734375,-117.2861099243164,2250.0,2240.0,0
07HA003,HEART RIVER NEAR NAMPA,AB,56.055641174316406,-117.12989044189452,1970.0,1870.0,0
07HA005,WHITEMUD RIVER NEAR DIXONVILLE,AB,56.51094055175781,-117.66095733642578,2020.0,2020.0,0
07HA902,KRAWCHUK DRAINAGE NEAR MCLENNAN,AB,55.95000076293945,-117.03333282470705,13.0,,0
07HA914,NAMPA (SOUTH) DRAINAGE NEAR NAMPA,AB,56.0141716003418,-117.14556121826172,22.100000381469727,,0
07HB001,CADOTTE RIVER AT OUTLET CADOTTE LAKE,AB,56.48749923706055,-116.43348693847656,879.0,879.0,0
07HB002,ELDER CREEK AT HIGHWAY NO. 686,AB,56.4638900756836,-116.8302764892578,63.70000076293945,63.70000076293945,0
07HC001,NOTIKEWIN RIVER AT MANNING,AB,56.920040130615234,-117.61842346191406,4680.0,4660.0,0
07HC002,BUCHANAN CREEK NEAR MANNING,AB,56.89501953125,-117.48854064941406,232.0,232.0,0
07HC907,NORTH STAR DRAINAGE NEAR NORTH STAR,AB,56.828609466552734,-117.5688934326172,31.399999618530277,,0
07HD001,PEACE RIVER NEAR CARCAJOU,AB,57.742279052734375,-117.03265380859376,217000.0,215000.0,0
07HF001,PEACE RIVER AT FORT VERMILION,AB,58.38777923583984,-116.02864837646484,227000.0,225000.0,0
07HF002,KEG RIVER AT HIGHWAY NO. 35,AB,57.74570083618164,-117.62785339355467,649.0,649.0,0
07JA001,UTIKUMA LAKE NEAR NIPISI,AB,55.91413116455078,-115.17054748535156,2478.800048828125,2478.800048828125,0
07JA002,SOUTH WABASCA LAKE NEAR DESMARAIS,AB,55.93967819213867,-113.80490112304688,1600.0,1600.0,0
07JA003,WILLOW RIVER NEAR WABASCA,AB,55.91667175292969,-113.92130279541016,1030.0,1030.0,0
07JB001,PEERLESS LAKE NEAR PEERLESS LAKE,AB,56.6361083984375,-114.60166931152344,475.0,475.0,0
07JB002,WABASCA RIVER BELOW TROUT RIVER,AB,56.32416915893555,-113.7861099243164,14300.0,14300.0,0
07JC001,LAFOND CREEK NEAR RED EARTH CREEK,AB,57.07305145263672,-115.0966796875,492.0,492.0,1
07JC002,REDEARTH CREEK NEAR RED EARTH CREEK,AB,56.547019958496094,-115.2403793334961,618.0,618.0,0
07JC003,LOON RIVER NEAR THE MOUTH,AB,57.07781982421875,-115.07613372802734,6800.0,6780.0,0
07JD001,WABASCA RIVER ABOVE PEACE RIVER,AB,58.29167175292969,-115.38333129882812,36300.0,36300.0,0
07JD002,WABASCA RIVER AT HIGHWAY NO. 88,AB,57.874629974365234,-115.3891372680664,35800.0,35800.0,0
07JD003,JACKPINE CREEK AT HIGHWAY NO. 88,AB,58.1928596496582,-115.74880981445312,582.0,582.0,0
07JD004,TEEPEE CREEK NEAR LA CRETE,AB,58.13742065429688,-116.25029754638672,136.0,136.0,0
07JF002,BOYER RIVER NEAR FORT VERMILION,AB,58.44908905029297,-116.26403045654295,6660.0,6660.0,1
07JF003,PONTON RIVER ABOVE BOYER RIVER,AB,58.46426010131836,-116.25614166259766,2440.0,2440.0,0
07JF004,BOYER RIVER NEAR PADDLE PRAIRIE,AB,57.908329010009766,-117.6125030517578,140.6999969482422,140.6999969482422,0
07JF005,BOYER RIVER AT PADDLE PRAIRIE,AB,57.94834899902344,-117.48050689697266,200.0,200.0,0
07KA002,PEACE RIVER AT FIFTH MERIDIAN,AB,58.650001525878906,-114.022216796875,282000.0,,0
07KC001,PEACE RIVER AT PEACE POINT (ALBERTA),AB,59.11806106567383,-112.43694305419922,293000.0,,0
07KC003,PEACE RIVER AT CARLSON LANDING,AB,58.97777938842773,-111.81388854980467,,,0
07KC004,PEACE RIVER AT SWEETGRASS LANDING,AB,58.92805862426758,-111.91667175292967,,,0
07KC005,PEACE RIVER BELOW CHENAL DES QUATRE FOURCHES,AB,58.9097785949707,-111.58010864257812,323000.0,323000.0,0
07KE001,BIRCH RIVER BELOW ALICE CREEK,AB,58.32492065429688,-113.06510925292967,9860.0,9860.0,1
07KF001,CHENAL DES QUATRE FOURCHES AT QUATRE FOURCHES,AB,58.647220611572266,-111.28888702392578,,,0
07KF002,LAKE CLAIRE NEAR OUTLET TO PRAIRIE RIVER,AB,58.62783050537109,-111.69689178466795,,,0
07KF003,MAMAWI LAKE CHANNEL AT OLD DOG CAMP,AB,58.63172149658203,-111.3342514038086,,,0
07KF004,CHENAL DES QUATRE FOURCHES ABOVE PEACE RIVER,AB,58.87778091430664,-111.602783203125,,,0
07KF005,BARIL LAKE AT CENTRE OF LAKE,AB,58.783329010009766,-111.6833267211914,,,0
07KF006,CHENAL DES QUATRE FOURCHES BELOW FOUR FORKS,AB,58.6513900756836,-111.2972183227539,,,0
07KF007,CHENAL DES QUATRE FOURCHES AT RANGER'S CABIN,AB,58.79444122314453,-111.477783203125,,,0
07KF008,CHENAL DES QUATRE FOURCHES AT HIGH ROCK TOWER,AB,58.81388854980469,-111.5583267211914,,,0
07KF010,MAMAWI LAKE CHANNEL AT DOG CAMP,AB,58.647220611572266,-111.31111145019533,,,0
07KF013,PRAIRIE RIVER AT FISH STUDY CAMP,AB,58.62083053588867,-111.6361083984375,,,0
07KF014,PRAIRIE RIVER NEAR LAKE CLAIRE,AB,58.62361145019531,-111.68055725097656,,,0
07KF015,EMBARRAS RIVER BREAKTHROUGH TO MAMAWI LAKE,AB,58.481689453125,-111.48519134521484,,,0
07LB001,WATERBURY LAKE AT CREW CABIN,SK,58.21667098999024,-104.21666717529295,2270.0,2270.0,0
07LB002,WATERFOUND RIVER BELOW THERIAU LAKE,SK,58.387969970703125,-104.60643768310548,3160.0,3160.0,0
07LC002,CHIPMAN RIVER ABOVE BLACK LAKE,SK,59.31943893432617,-105.3027801513672,6580.0,6130.0,0
07LC003,PORCUPINE RIVER AT OUTLET OF GROVE LAKE,SK,59.44443893432617,-104.3611068725586,7300.0,7280.0,0
07LD001,CREE LAKE AT CABLE BAY,SK,57.33332824707031,-107.13333129882812,6190.0,6190.0,0
07LD002,CREE RIVER AT OUTLET OF WAPATA LAKE,SK,58.85832977294922,-105.81944274902344,20700.0,20700.0,0
07LD003,PIPESTONE RIVER BELOW ROTARIU LAKE,SK,58.23749923706055,-106.1291732788086,964.0,964.0,0
07LE001,FOND DU LAC RIVER AT STONY RAPIDS,SK,59.26667022705078,-105.8000030517578,51800.0,51800.0,0
07LE002,FOND DU LAC RIVER AT OUTLET OF BLACK LAKE,SK,59.150028228759766,-105.54308319091795,50700.0,50700.0,1
07LE003,GREASE RIVER BELOW FONTAINE LAKE,SK,59.54721832275391,-106.4111099243164,6150.0,6150.0,0
07LE004,OTHERSIDE RIVER AT OUTLET OF MERCREDI LAKE,SK,58.92778015136719,-107.4888916015625,2700.0,2700.0,0
07MA003,DOUGLAS RIVER NEAR CLUFF LAKE,SK,58.31900024414063,-109.78946685791016,1690.0,1690.0,0
07MA004,WILLIAM RIVER ABOVE CARSWELL RIVER,SK,58.81388854980469,-109.00277709960938,4030.0,4030.0,0
07MA005,WILLIAM RIVER AT SANDY BAY,SK,59.133331298828125,-109.30416870117188,5970.0,,0
07MB001,MACFARLANE RIVER AT OUTLET OF DAVY LAKE,SK,58.96746826171875,-108.1733627319336,9120.0,9120.0,0
07MC001,OLDMAN RIVER NEAR GOLDFIELDS,SK,59.49443817138672,-108.06388854980467,937.0,937.0,0
07MC002,LAKE ATHABASCA AT GOLDFIELDS,SK,59.45138931274414,-108.5152816772461,,269000.0,0
07MC003,LAKE ATHABASCA NEAR CRACKINGSTONE POINT,SK,59.38444137573242,-108.8929214477539,271000.0,269000.0,0
07MD001,LAKE ATHABASCA AT FORT CHIPEWYAN,AB,58.71327972412109,-111.12242126464844,271000.0,269000.0,0
07MD002,LAKE ATHABASCA AT BUSTARD ISLAND,AB,58.78194046020508,-110.77777862548828,271000.0,269000.0,0
07NA001,RIVIERE DES ROCHERS ABOVE SLAVE RIVER,AB,58.99639129638672,-111.39321899414062,,,0
07NA002,RIVIERE DES ROCHERS AT BEN HOULE'S CABIN,AB,58.81943893432617,-111.2750015258789,,,0
07NA003,RIVIERE DES ROCHERS ABOVE REVILLON COUPE,AB,58.84167098999024,-111.26667022705078,,,0
07NA004,REVILLON COUPE BELOW RIVIERE DES ROCHERS,AB,58.85277938842773,-111.26943969726562,,,0
07NA005,REVILLON COUPE AT RANGER'S CABIN,AB,58.897220611572266,-111.4000015258789,,,0
07NA007,RIVIERE DES ROCHERS EAST OF LITTLE RAPIDS,AB,58.9196891784668,-111.1755828857422,,,0
07NA008,RIVIERE DES ROCHERS WEST OF LITTLE RAPIDS,AB,58.92964172363281,-111.21280670166016,,,0
07NB001,SLAVE RIVER AT FITZGERALD (ALBERTA),AB,59.86346054077149,-111.59156036376952,606000.0,,0
07NB002,SLAVE RIVER AT FORT SMITH,NT,60.005001068115234,-111.87528228759766,,,0
07NB003,SLAVE RIVER AT BELL ROCK,NT,60.025001525878906,-112.09166717529295,,,0
07NB004,SLAVE RIVER ABOVE MOUNTAIN RAPIDS,AB,59.96110916137695,-111.75833129882812,,,0
07NB005,SLAVE RIVER BELOW MOUNTAIN RAPIDS,AB,59.96110916137695,-111.75833129882812,,,0
07NB006,BENCH MARK CREEK NEAR FORT SMITH,AB,59.81388854980469,-111.9625015258789,65.5,43.0,0
07NB007,SALT RIVER BELOW PEACE POINT HIGHWAY,AB,59.83332824707031,-111.9694366455078,1670.0,1060.0,0
07NB008,DOG RIVER NEAR FITZGERALD,AB,59.87638854980469,-111.52082824707033,2020.0,2020.0,0
07NC001,JEAN RIVER BELOW SLAVE RIVER,NT,61.24861145019531,-113.33055877685548,,,0
07NC002,NAGLE CHANNEL BELOW SLAVE RIVER,NT,61.25278091430664,-113.50833129882812,,,0
07NC003,SLAVE RIVER (OLD STEAMBOAT CHANNEL) NEAR FORT RESOLUTION,NT,61.25,-113.62332916259766,,,0
07NC004,SLAVE RIVER (WEST CHANNEL) FROM OLD STEAMBOAT CHANNEL,NT,61.23471832275391,-113.69583129882812,,,0
07NC005,SLAVE RIVER (WEST CHANNEL) NEAR FORT RESOLUTION,NT,61.26388931274414,-113.61943817138672,,,0
07NC006,SLAVE RIVER (MIDDLE CHANNEL WEST) NEAR FORT RESOLUTION,NT,61.272220611572266,-113.66667175292967,,,0
07NC007,SLAVE RIVER (MIDDLE CHANNEL EAST) NEAR FORT RESOLUTION,NT,61.29027938842773,-113.65277862548828,,,0
07NC008,SLAVE RIVER (EAST CHANNEL) NEAR FORT RESOLUTION,NT,61.29861068725586,-113.6361083984375,,,0
07NC009,SLAVE RIVER (RESDELTA CHANNEL) NEAR FORT RESOLUTION,NT,61.28472137451172,-113.58193969726562,,,0
07OA001,SOUSA CREEK NEAR HIGH LEVEL,AB,58.59143829345703,-118.49104309082033,820.0,820.0,1
07OB001,HAY RIVER NEAR HAY RIVER,NT,60.74300003051758,-115.8596420288086,51700.0,51300.0,1
07OB002,GREAT SLAVE LAKE AT HAY RIVER,NT,60.859859466552734,-115.73419189453124,15900.0,,0
07OB003,HAY RIVER NEAR MEANDER RIVER,AB,59.14945983886719,-117.6363296508789,36900.0,36900.0,1
07OB004,STEEN RIVER NEAR STEEN RIVER,AB,59.5807991027832,-117.1964874267578,2600.0,2600.0,0
07OB005,MEANDER RIVER AT OUTLET HUTCH LAKE,AB,58.77082824707031,-117.3847198486328,507.0,507.0,0
07OB006,LUTOSE CREEK NEAR STEEN RIVER,AB,59.405799865722656,-117.28072357177734,292.0,292.0,0
07OB007,HUTCH LAKE TRIBUTARY NEAR HIGH LEVEL,AB,58.71805953979492,-117.24082946777344,103.0,103.0,0
07OB008,HAY RIVER NEAR ALTA/NWT BOUNDARY,NT,60.00386047363281,-116.97207641601562,48800.0,,0
07OC001,CHINCHAGA RIVER NEAR HIGH LEVEL,AB,58.59708023071289,-118.33409881591795,10400.0,10400.0,0
07PA001,BUFFALO RIVER AT HIGHWAY NO. 5,NT,60.71366882324219,-114.90389251708984,18500.0,,0
07PA002,WHITESAND RIVER NEAR ALTA/NWT BOUNDARY,NT,60.00471878051758,-115.57888793945312,3410.0,,0
07PB001,GREAT SLAVE LAKE AT FORT RESOLUTION,NT,61.16389083862305,-113.67916870117188,,,0
07PB002,LITTLE BUFFALO RIVER BELOW HIGHWAY NO. 5,NT,60.0502815246582,-112.6977767944336,3330.0,,0
07PC001,BUFFALO RIVER NEAR ALTA/NWT BOUNDARY,NT,60.01361083984375,-114.52555847167967,4350.0,,0
07QA001,TALTSON RIVER AT OUTLET OF TSU LAKE,NT,60.64971923828125,-111.94693756103516,58700.0,,0
07QB001,GREAT SLAVE LAKE AT SNOWDRIFT,NT,62.40417098999024,-110.74166870117188,,,0
07QB002,SNOWDRIFT RIVER AT OUTLET OF SILTAZA LAKE,NT,62.17250061035156,-109.86083221435548,9110.0,,0
07QC001,TAZIN RIVER ABOVE TESELJIRI FALLS,SK,59.83332824707031,-109.61666870117188,10000.0,10000.0,0
07QC002,TAZIN LAKE NEAR OUTLET,SK,59.81850051879883,-109.40856170654295,9609.0,9609.0,0
07QC003,THOA RIVER NEAR INLET TO HILL ISLAND LAKE,NT,60.505001068115234,-109.64888763427734,8830.0,,0
07QC004,MARTEN RIVER ABOVE THOA RIVER,NT,60.60388946533203,-108.97860717773438,738.0,,0
07QC005,ABITAU RIVER ABOVE CUMING LAKE,SK,59.99943923950195,-108.77407836914062,3780.0,,0
07QC006,TAZIN RIVER ABOVE TAZIN LAKE,SK,59.794189453125,-108.3179702758789,2170.0,,0
07QC007,TAZIN RIVER NEAR THE MOUTH,NT,60.40850067138672,-110.66448211669922,,,0
07QC008,CHARLOT RIVER AT OUTLET OF WEBB LAKE,SK,59.64117050170898,-108.87094116210938,169.0,169.0,0
07QD002,NONACHO LAKE NEAR LUTSELK'E (SNOWDRIFT),NT,61.73360824584961,-109.6611099243164,11278.8896484375,,0
07QD003,TALTSON RIVER NEAR OUTLET OF NONACHO LAKE,NT,61.65999984741211,-109.96861267089844,22600.0,,0
07QD004,TALTSON RIVER ABOVE PORTER LAKE OUTFLOW,NT,61.876251220703125,-107.66558074951172,9660.0,,0
07QD005,PORTER LAKE OUTFLOW ABOVE TALTSON RIVER,NT,61.883331298828125,-107.6972198486328,2060.0,,0
07QD006,PORTER LAKE OUTFLOW,NT,61.81583023071289,-107.86972045898438,2050.0,,0
07QD007,TALTSON RIVER BELOW HYDRO DAM,NT,60.466941833496094,-111.5124969482422,,,0
07RB001,LOCKHART RIVER ABOVE OUTRAM LAKE,NT,64.05677795410156,-109.63236236572266,,,0
07RC001,THONOKIED RIVER NEAR THE MOUTH,NT,64.14694213867188,-108.91722106933594,1780.0,,0
07RC002,THONOKIED RIVER BELOW AFRIDI LAKE,NT,64.19528198242188,-108.961669921875,,,0
07RC003,KIRK LAKE OUTFLOW,NT,63.72135925292969,-108.96955871582033,,,0
07RD001,LOCKHART RIVER AT OUTLET OF ARTILLERY LAKE,NT,62.89413833618164,-108.46602630615234,26600.0,,1
07SA001,SNARE RIVER BELOW BIGSPRUCE LAKE,NT,63.511940002441406,-116.00582885742188,15500.0,,0
07SA002,SNARE RIVER BELOW GHOST RIVER,NT,63.9741096496582,-115.43331146240234,13300.0,,0
07SA003,SNARE RIVER AT BIGSPRUCE LAKE,NT,63.511940002441406,-116.00582885742188,15200.0,,0
07SA004,INDIN RIVER ABOVE CHALCO LAKE,NT,64.38774871826172,-115.0217514038086,1520.0,,0
07SA005,WECHO RIVER AT OUTLET OF INGLIS LAKE,NT,63.17861175537109,-115.19805908203124,3400.0,,0
07SA008,SNARE RIVER ABOVE INDIN LAKE,NT,64.21746826171875,-114.969970703125,,,0
07SB001,GREAT SLAVE LAKE AT YELLOWKNIFE BAY,NT,62.44155883789063,-114.3498077392578,,,0
07SB002,YELLOWKNIFE RIVER AT OUTLET OF PROSPEROUS LAKE,NT,62.55894088745117,-114.22006225585938,16300.0,,0
07SB003,YELLOWKNIFE RIVER AT INLET TO PROSPEROUS LAKE,NT,62.672000885009766,-114.26122283935548,11300.0,,0
07SB004,CAMERON RIVER NEAR THE MOUTH,NT,62.57500076293945,-114.1433334350586,,,0
07SB005,YELLOWKNIFE RIVER AT OUTLET BLUEFISH LAKE DAM,NT,62.68333053588867,-114.26667022705078,,,0
07SB006,YELLOWKNIFE RIVER POWER DIVERSION AT SITE Y2,NT,62.66667175292969,-114.25861358642578,10900.0,,0
07SB007,MUSKEG CREEK NEAR YELLOWKNIFE,NT,62.536109924316406,-114.39111328125,0.239999994635582,,0
07SB008,POCKET LAKE NEAR YELLOWKNIFE,NT,62.5099983215332,-114.37110900878906,,,0
07SB009,BAKER CREEK NEAR YELLOWKNIFE,NT,62.508331298828125,-114.36055755615234,126.0,,0
07SB010,CAMERON RIVER BELOW REID LAKE,NT,62.49085998535156,-113.52307891845705,3630.0,,1
07SB011,POCKET LAKE OUTFLOW NEAR YELLOWKNIFE,NT,62.5099983215332,-114.37110900878906,,,0
07SB012,DUNCAN LAKE NEAR YELLOWKNIFE,NT,62.80781173706055,-114.03336334228516,,,0
07SB013,BAKER CREEK AT OUTLET OF LOWER MARTIN LAKE,NT,62.5135612487793,-114.40975189208984,121.0,,1
07SB014,PROSPEROUS LAKE NEAR MCMEEKAN BAY,NT,62.54547119140625,-114.1635284423828,,,0
07SB015,BLUEFISH LAKE NEAR YELLOWKNIFE,NT,62.679500579833984,-114.26286315917967,,,0
07SB017,PRELUDE LAKE NEAR YELLOWKNIFE,NT,62.583641052246094,-113.97350311279295,1151.1500244140625,,0
07SB019,YELLOWKNIFE RIVER AT OUTLET LOWER CARP LAKE,NT,63.55582809448242,-113.97721862792967,,4800.0,0
07SB020,YELLOWKNIFE RIVER ABOVE QUYTA LAKE,NT,62.82752990722656,-114.27394104003906,,,0
07SC001,BEAULIEU RIVER NEAR GREAT SLAVE LAKE,NT,62.05828094482422,-113.20118713378906,2850.0,,0
07SC002,WALDRON RIVER NEAR THE MOUTH,NT,63.04806137084961,-110.4875030517578,1830.0,,0
07SC003,GREAT SLAVE LAKE AT RELIANCE,NT,62.7127799987793,-109.165283203125,,,0
07SC004,HOARFROST RIVER NEAR THE MOUTH,NT,62.88103103637695,-109.23719024658205,,,0
07SC005,BARNSTON RIVER NEAR THE MOUTH,NT,62.940311431884766,-110.17649841308594,,,0
07SC006,FLETCHER LAKE,NT,63.70027923583984,-108.93882751464844,,,0
07TA001,LA MARTRE RIVER BELOW OUTLET OF LAC LA MARTRE,NT,63.107688903808594,-116.97463989257812,13900.0,,0
07TA002,LAC LA MARTRE AT LAC LA MARTRE,NT,63.13750076293945,-117.28333282470705,,,0
07TB001,EMILE RIVER AT OUTLET OF BASLER LAKE,NT,63.79555892944336,-116.12110900878906,4850.0,,0
07UB001,MACKENZIE RIVER AT BEAVER LAKE,NT,61.21944046020508,-117.36943817138672,,,0
07UC001,KAKISA RIVER AT OUTLET OF KAKISA LAKE,NT,60.94028091430664,-117.42166900634766,15600.0,,0
07UC002,KAKISA LAKE NEAR KAKISA VILLAGE,NT,60.92499923706055,-117.41667175292967,,,0
08AA001,AISHIHIK RIVER NEAR WHITEHORSE,YT,60.86111068725586,-137.0611114501953,4300.0,,0
08AA003,DEZADEASH RIVER AT HAINES JUNCTION,YT,60.7480583190918,-137.50833129882812,8450.0,,0
08AA004,KATHLEEN RIVER NEAR HAINES JUNCTION,YT,60.59305953979492,-137.2291717529297,642.0,,0
08AA005,AISHIHIK LAKE NEAR WHITEHORSE,YT,61.19744110107422,-136.99960327148438,,,0
08AA007,SEKULMUN LAKE NEAR WHITEHORSE,YT,61.5359992980957,-137.5904998779297,,,0
08AA008,SEKULMUN RIVER AT OUTLET OF SEKULMUN LAKE,YT,61.56044006347656,-137.53738403320312,1240.0,,0
08AA009,GILTANA CREEK NEAR THE MOUTH,YT,61.19499969482422,-136.98219299316406,190.0,,1
08AA010,AISHIHIK RIVER BELOW AISHIHIK LAKE,YT,61.18521881103516,-136.9915771484375,3000.0,,0
08AA011,WEST AISHIHIK RIVER NEAR THE MOUTH,YT,61.0502815246582,-137.16552734375,,,0
08AA012,AISHIHIK LAKE NEAR AISHIHIK,YT,61.5931396484375,-137.41131591796875,,,0
08AB001,ALSEK RIVER ABOVE BATES RIVER,YT,60.118309020996094,-137.97775268554688,16200.0,,0
08AB002,ALSEK RIVER NEAR YAKUTAT,AK,59.39500045776367,-138.08193969726562,28500.0,,0
08AC001,TAKHANNE RIVER AT KM 167 HAINES HIGHWAY,YT,60.11344146728516,-136.92764282226562,375.0,,1
08AC002,TATSHENSHINI RIVER NEAR DALTON POST,YT,60.11896896362305,-137.0846405029297,1750.0,,0
08BB001,TAKU RIVER NEAR TULSEQUAH,BC,58.63888931274414,-133.540283203125,15500.0,,0
08BB002,SLOKO RIVER NEAR ATLIN,BC,59.105560302734375,-133.66111755371094,427.0,,0
08BB003,SLOKO LAKE NEAR ATLIN,BC,59.11111068725586,-133.6638946533203,,,0
08BB004,NAKONAKE RIVER (WEST FORK) NEAR ATLIN,BC,59.00138854980469,-133.459716796875,194.0,,0
08BB005,TAKU RIVER NEAR JUNEAU,AK,58.53860855102539,-133.6999969482422,16700.0,,1
08CA001,SPATSIZI RIVER NEAR THE MOUTH,BC,57.67028045654297,-128.10333251953125,3400.0,,0
08CA002,STIKINE RIVER BELOW SPATSIZI RIVER,BC,57.73305892944336,-128.10833740234375,7690.0,,0
08CA003,PITMAN RIVER NEAR THE MOUTH,BC,57.98194122314453,-128.429443359375,2730.0,,0
08CB001,STIKINE RIVER ABOVE GRAND CANYON,BC,58.04389190673828,-129.94583129882812,18800.0,,0
08CB002,TANZILLA RIVER NEAR TELEGRAPH CREEK,BC,58.29360961914063,-130.51222229003906,1600.0,,0
08CC001,KLAPPAN RIVER NEAR TELEGRAPH CREEK,BC,57.900001525878906,-129.70388793945312,3550.0,,0
08CC002,UNNAMED CREEK AT SITE NO. 10,BC,57.21722030639648,-129.10777282714844,29.200000762939453,,0
08CC003,KLAPPAN RIVER AT HEADWATERS PLATEAU,BC,57.25,-129.05332946777344,16.600000381469727,,0
08CD001,TUYA RIVER NEAR TELEGRAPH CREEK,BC,58.07225036621094,-130.82644653320312,3550.0,,1
08CE001,STIKINE RIVER AT TELEGRAPH CREEK,BC,57.9002685546875,-131.1597137451172,29000.0,,0
08CE004,CHUTINE RIVER BELOW BARRINGTON RIVER,BC,57.695831298828125,-131.7111053466797,,,0
08CE005,TAHLTAN RIVER AT THE MOUTH,BC,58.01327133178711,-130.97756958007812,,,0
08CF001,STIKINE RIVER ABOVE BUTTERFLY CREEK,BC,57.48611068725586,-131.75,36000.0,,0
08CF002,STIKINE RIVER ABOVE CHOQUETTE RIVER,BC,56.83000183105469,-131.7658233642578,,,0
08CF003,STIKINE RIVER NEAR WRANGELL,AK,56.70806121826172,-132.13027954101562,50900.0,,0
08CG001,ISKUT RIVER BELOW JOHNSON RIVER,BC,56.73443984985352,-131.6689910888672,9500.0,,1
08CG002,KINASKAN LAKE NEAR TELEGRAPH CREEK,BC,57.53556060791016,-130.2102813720703,,,0
08CG003,ISKUT RIVER AT OUTLET OF KINASKAN LAKE,BC,57.53055953979492,-130.17916870117188,1250.0,,0
08CG004,ISKUT RIVER ABOVE SNIPPAKER CREEK,BC,56.6986083984375,-130.87306213378906,7230.0,,0
08CG005,MORE CREEK NEAR THE MOUTH,BC,57.040828704833984,-130.40138244628906,844.0,,0
08CG006,FORREST KERR CREEK ABOVE 460 M CONTOUR,BC,56.91556167602539,-130.7208251953125,311.0,,0
08CG007,ISKUT RIVER ABOVE FORREST KERR CREEK,BC,56.74166870117188,-130.6138916015625,6290.0,,0
08DA003,MEZIADIN RIVER AT OUTLET OF MEZIADIN LAKE,BC,56.04167175292969,-129.1972198486328,521.0,,0
08DA005,SURPRISE CREEK NEAR THE MOUTH,BC,56.10934066772461,-129.47740173339844,218.0,,1
08DA006,BOWSER RIVER AT BERENDON GLACIER,BC,56.25556182861328,-130.06527709960938,,,0
08DA007,SPILL CREEK AT OUTLET OF SUMMIT LAKE,BC,56.23833084106445,-130.07333374023438,120.0,,0
08DA008,BOWSER RIVER BELOW BETTY CREEK,BC,56.26778030395508,-130.0588836669922,,,0
08DA009,CRAVEN CREEK NEAR THE MOUTH,BC,56.96805953979492,-129.46583557128906,118.0,,0
08DA010,BELL-IRVING RIVER BELOW BOWSER RIVER,BC,56.27917098999024,-129.14443969726562,5160.0,,0
08DA011,CRASH CREEK NEAR STEWART,BC,56.29444122314453,-129.24166870117188,,,0
08DA012,KELLY CREEK NEAR STEWART,BC,56.292518615722656,-129.22950744628906,8.640000343322754,,0
08DB001,NASS RIVER ABOVE SHUMAL CREEK,BC,55.26224899291992,-129.0850372314453,18400.0,,1
08DB002,UNION CREEK NEAR PORT SIMPSON,BC,54.66249847412109,-130.2624969482422,60.29999923706055,,0
08DB003,FIVE HUNDRED CREEK NEAR KINCOLITH,BC,54.998329162597656,-129.9600067138672,,,0
08DB004,SAWMILL CREEK NEAR KINCOLITH,BC,54.998329162597656,-129.9633331298828,,,0
08DB008,NASS RIVER AT DAMSITE,BC,55.40417098999024,-129.00833129882812,17300.0,,0
08DB009,LIME CREEK BELOW PATSY CREEK,BC,55.42778015136719,-129.4361114501953,26.899999618530277,,0
08DB010,LIME CREEK NEAR THE MOUTH,BC,55.45500183105469,-129.47999572753906,39.400001525878906,,0
08DB011,KITSAULT RIVER ABOVE KLAYDUC CREEK,BC,55.56111145019531,-129.50306701660156,242.0,,0
08DB012,PATSY CREEK NEAR THE MOUTH,BC,55.41889190673828,-129.41583251953125,4.679999828338623,,0
08DB013,ANSEDAGAN CREEK NEAR NEW AIYANSH,BC,55.129859924316406,-129.3549346923828,26.0,,1
08DB014,KSEDIN TRIBUTARY NO. 2 CREEK NEAR NEW AIYANSH,BC,55.01816940307617,-129.34446716308594,18.0,,0
08DC001,AMERICAN CREEK NEAR STEWART,BC,56.10667037963867,-129.8816680908203,166.0,,0
08DC002,GEORGIE RIVER (WEST BRANCH) NEAR STEWART,BC,55.78166961669922,-130.0333251953125,,,0
08DC003,GEORGIE RIVER NEAR STEWART,BC,55.71332931518555,-130.0816650390625,,,0
08DC006,BEAR RIVER ABOVE BITTER CREEK,BC,56.042781829833984,-129.9250030517578,350.0,,0
08DD001,UNUK RIVER NEAR STEWART,BC,56.35139083862305,-130.69166564941406,1480.0,,0
08EB001,SKEENA RIVER AT HAZELTON,BC,55.25693893432617,-127.6755599975586,,,0
08EB003,SKEENA RIVER AT GLEN VOWELL,BC,55.30105972290039,-127.6725616455078,26000.0,,0
08EB004,KISPIOX RIVER NEAR HAZELTON,BC,55.4338493347168,-127.7161636352539,1880.0,,1
08EB005,SKEENA RIVER ABOVE BABINE RIVER,BC,55.717079162597656,-127.6867218017578,12400.0,,0
08EB006,COMPASS CREEK NEAR KISPIOX,BC,55.45832824707031,-127.85250091552734,19.100000381469727,,0
08EB007,KITWANGA RIVER NEAR KITWANGA,BC,55.11640167236328,-128.05392456054688,,,0
08EC001,BABINE RIVER AT BABINE,BC,55.32252883911133,-126.62982940673828,6350.0,,0
08EC002,FULTON RIVER AT THE MOUTH,BC,54.81388854980469,-126.17082977294922,1400.0,,0
08EC003,BABINE LAKE AT TOPLEY LANDING,BC,54.82231140136719,-126.15392303466795,,,0
08EC004,PINKUT CREEK NEAR TINTAGEL,BC,54.40544128417969,-125.42981719970705,808.0,,0
08EC005,FULTON RIVER AT FULTON LAKE NARROWS,BC,54.80693817138672,-126.3000030517578,1340.0,,0
08EC006,CHAPMAN LAKE NEAR SMITHERS,BC,54.92499923706055,-126.6750030517578,,,0
08EC007,FULTON LAKE NEAR SMITHERS,BC,54.80416870117188,-126.21111297607422,,,0
08EC008,MORRISON RIVER AT OUTLET OF MORRISON LAKE,BC,55.17221832275391,-126.3027801513672,414.0,,0
08EC009,FULTON RIVER AT OUTLET OF CHAPMAN LAKE,BC,54.900001525878906,-126.6500015258789,332.0,,0
08EC010,BABINE LAKE AT BABINE,BC,55.31666946411133,-126.625,,,0
08EC011,BABINE LAKE AT SMITHERS LANDING,BC,55.05278015136719,-126.4861068725586,,,0
08EC012,BABINE LAKE AT PENDLETON BAY,BC,54.49583053588867,-125.69306182861328,,,0
08EC013,BABINE RIVER AT OUTLET OF NILKITKWA LAKE,BC,55.42654037475586,-126.6976318359375,6760.0,,0
08EC014,TWAIN CREEK TRIBUTARY NEAR BABINE LAKE,BC,54.55947113037109,-125.91443634033205,,,0
08ED001,NANIKA RIVER AT OUTLET OF KIDPRICE LAKE,BC,53.93032836914063,-127.45169067382812,732.0,,1
08ED002,MORICE RIVER NEAR HOUSTON,BC,54.11682891845703,-127.42658233642578,1900.0,,0
08ED003,MORICE RIVER AT THE MOUTH,BC,54.38222122192383,-126.73999786376952,4270.0,,0
08ED004,THAUTIL CORNER CREEK NEAR MORICE LAKE,BC,54.25582885742188,-127.34971618652344,4.21999979019165,,0
08EE001,BULKLEY RIVER NEAR HAZELTON,BC,55.258888244628906,-127.602783203125,12300.0,,0
08EE002,BULKLEY RIVER NEAR HUBERT,BC,54.64860916137695,-126.9736099243164,7490.0,,0
08EE003,BULKLEY RIVER NEAR HOUSTON,BC,54.39937973022461,-126.71941375732422,2370.0,,0
08EE004,BULKLEY RIVER AT QUICK,BC,54.61861038208008,-126.89997100830078,7340.0,,0
08EE005,BULKLEY RIVER NEAR SMITHERS,BC,54.769718170166016,-127.13333129882812,8940.0,,0
08EE006,JOHN BROWN CREEK NEAR SMITHERS,BC,55.01028060913086,-127.33277893066406,79.0,,0
08EE007,HOSPITAL SPRING NEAR HAZELTON,BC,55.25444030761719,-127.65110778808594,,,0
08EE008,GOATHORN CREEK NEAR TELKWA,BC,54.64860916137695,-127.12332916259766,125.0,,1
08EE009,RICHFIELD CREEK NEAR TOPLEY,BC,54.51639175415039,-126.33444213867188,173.0,,0
08EE010,KATHLYN CREEK ABOVE SIMPSON CREEK,BC,54.8125,-127.2013931274414,24.600000381469727,,0
08EE011,KATHLYN LAKE NEAR SMITHERS,BC,54.817501068115234,-127.1986083984375,,,0
08EE012,SIMPSON CREEK AT THE MOUTH,BC,54.809940338134766,-127.20416259765624,13.199999809265137,,1
08EE013,BUCK CREEK AT THE MOUTH,BC,54.39608001708984,-126.65023803710938,565.0,,0
08EE014,CANYON CREEK NEAR SMITHERS,BC,54.7983283996582,-127.11138916015624,256.0,,0
08EE015,FOXY CREEK ABOVE LU CREEK,BC,54.2127799987793,-126.25833129882812,16.100000381469727,,0
08EE016,LU CREEK NEAR THE MOUTH,BC,54.20806121826172,-126.26471710205078,7.25,,0
08EE017,WATERFALL CREEK AT NEW HAZELTON,BC,55.24583053588867,-127.59056091308594,,,0
08EE018,MAXAN CREEK ABOVE BULKLEY LAKE,BC,54.35694122314453,-126.16999816894533,368.0,,0
08EE019,MAXAN CREEK AT OUTLET OF MAXAN LAKE,BC,54.31943893432617,-126.11638641357422,246.0,,0
08EE020,TELKWA RIVER BELOW TSAI CREEK,BC,54.60736083984375,-127.49720001220705,367.0,,0
08EE021,CYGNET CREEK AT ADAMS ROAD,BC,54.848331451416016,-127.07611083984376,10.399999618530272,,0
08EE022,DEEP CREEK BELOW GIBSON CREEK,BC,54.59222030639648,-126.83416748046876,89.9000015258789,,0
08EE023,MCKINNON CREEK ABOVE DIVERSIONS,BC,54.79972076416016,-127.22193908691406,,,0
08EE024,CYGNET CREEK ABOVE DIVERSIONS,BC,54.85139083862305,-127.0727767944336,6.730000019073486,,0
08EE025,TWO MILE CREEK IN DISTRICT LOT 4834,BC,55.29610824584961,-127.6207504272461,21.200000762939453,,1
08EE026,TYHEE LAKE NEAR TELKWA,BC,54.72249984741211,-127.0513916015625,,,0
08EE027,TYHEE CREEK AT OUTLET OF TYHEE LAKE,BC,54.68471908569336,-127.02361297607422,,,0
08EE028,STATION CREEK ABOVE DIVERSIONS,BC,55.230281829833984,-127.56749725341795,10.800000190734863,,0
08EF001,SKEENA RIVER AT USK,BC,54.63726043701172,-128.40826416015625,42300.0,,0
08EF003,ZYMOETZ RIVER NEAR TERRACE,BC,54.536109924316406,-128.45416259765625,3080.0,,0
08EF004,KITSEGUECLA RIVER NEAR SKEENA CROSSING,BC,55.09027862548828,-127.81111145019533,728.0,,0
08EF005,ZYMOETZ RIVER ABOVE O.K. CREEK,BC,54.493629455566406,-128.3246612548828,2850.0,,0
08EF006,M3 CREEK NEAR SMITHERS,BC,54.77825164794922,-127.46930694580078,9.970000267028809,,0
08EG001,BROWN CREEK NEAR PORT ESSINGTON,BC,54.02693939208984,-129.8413848876953,56.20000076293945,,0
08EG002,BIG FALLS RIVER NEAR PORT ESSINGTON,BC,53.98389053344727,-129.73138427734375,248.0,,0
08EG003,KHTADA RIVER NEAR KWINITSA,BC,54.16471862792969,-129.57749938964844,150.0,,0
08EG004,THULME RIVER NEAR PORT SIMPSON,BC,54.49166870117188,-129.99583435058594,73.5999984741211,,0
08EG006,KITSUMKALUM RIVER NEAR TERRACE,BC,54.581939697265625,-128.6602783203125,2180.0,,0
08EG007,LAKELSE RIVER NEAR TERRACE,BC,54.39167022705078,-128.5277862548828,389.0,,0
08EG008,WILLIAMS CREEK NEAR TERRACE,BC,54.41527938842773,-128.53306579589844,218.0,,0
08EG010,SCHULBUCKHAND CREEK NEAR TERRACE,BC,54.35417175292969,-128.5638885498047,54.09999847412109,,0
08EG011,ZYMAGOTITZ RIVER NEAR TERRACE,BC,54.51860809326172,-128.727783203125,376.0,,0
08EG012,EXCHAMSIKS RIVER NEAR TERRACE,BC,54.36219024658203,-129.31283569335938,370.0,,1
08EG013,BONEYARD CREEK AT OUTLET OF RAINBOW LAKE,BC,54.1986083984375,-130.08056640625,33.20000076293945,,0
08EG014,RAINBOW LAKE NEAR PRINCE RUPERT,BC,54.19889068603516,-130.08056640625,,,0
08EG015,DIANA CREEK NEAR PRINCE RUPERT,BC,54.22943878173828,-130.16139221191406,,,0
08EG016,KLOIYA RIVER NEAR PRINCE RUPERT,BC,54.24705123901367,-130.1729736328125,104.0,,0
08EG017,DEEP CREEK ABOVE RESERVOIR,BC,54.5886116027832,-128.57083129882812,12.5,,0
08EG018,CLARENCE CREEK NEAR ROSSWOOD,BC,54.99250030517578,-128.8067169189453,7.159999847412109,,0
08EG019,KITSUMKALUM RIVER BELOW ALICE CREEK,BC,54.679298400878906,-128.74395751953125,2070.0,2070.0,0
08FA001,SANDELL RIVER NEAR WADHAMS,BC,51.56917190551758,-127.51000213623048,130.0,,0
08FA002,WANNOCK RIVER AT OUTLET OF OWIKENO LAKE,BC,51.67916870117188,-127.17916870117188,3900.0,,0
08FA004,WADHAMS CREEK AT WADHAMS CANNERY,BC,51.51250076293945,-127.5133285522461,4.920000076293945,,0
08FA005,LEVELTON SPRING (WEIR NO. 1) NEAR KATIT VILLAGE,BC,51.68111038208008,-127.22666931152344,,,0
08FA006,LEVELTON SPRING (WEIR NO. 2) NEAR KATIT VILLAGE,BC,51.685829162597656,-127.23999786376952,,,0
08FA007,OWIKENO LAKE AT RIVERS INLET,BC,51.69218063354492,-127.16738891601562,,,0
08FA008,WASHWASH RIVER AT THE MOUTH,BC,51.85417175292969,-126.6500015258789,,,0
08FA009,GENESEE CREEK AT THE MOUTH,BC,51.658329010009766,-126.67916870117188,17.399999618530273,,0
08FB001,BELLA COOLA RIVER AT BELLA COOLA,BC,52.37749862670898,-126.75499725341795,5130.0,,0
08FB002,BELLA COOLA RIVER NEAR HAGENSBORG,BC,52.44221878051758,-126.33222198486328,4040.0,,0
08FB003,TASTSQUAN CREEK AT BELLA COOLA,BC,52.3650016784668,-126.75666809082033,28.399999618530277,,0
08FB004,SALLOOMT RIVER NEAR HAGENSBORG,BC,52.424560546875,-126.52108001708984,159.0,,0
08FB005,NUSATSUM RIVER NEAR HAGENSBORG,BC,52.38943862915039,-126.46028137207033,269.0,,0
08FB006,ATNARKO RIVER NEAR THE MOUTH,BC,52.36008071899414,-126.005859375,2550.0,,1
08FB007,BELLA COOLA RIVER ABOVE BURNT BRIDGE CREEK,BC,52.42221832275391,-126.1580581665039,3720.0,,0
08FB008,BELLA COOLA RIVER AT HAGENSBORG,BC,52.39167022705078,-126.5500030517578,,,0
08FB009,CLAYTON FALLS CREEK NEAR THE MOUTH,BC,52.36444091796875,-126.8080596923828,92.5,,0
08FB010,GIBBS BROOK NEAR HAGENSBORG,BC,52.38972091674805,-126.46778106689452,,,0
08FB011,BELLA COOLA RIVER ABOVE HAMMER CREEK,BC,52.4392204284668,-126.3524398803711,,,0
08FC001,DEAN RIVER NEAR OCEAN FALLS,BC,52.81888961791992,-126.94416809082033,7850.0,,0
08FC002,NASCALL RIVER NEAR OCEAN FALLS,BC,52.49721908569336,-127.28333282470705,383.0,,0
08FC003,DEAN RIVER BELOW TANSWANKET CREEK,BC,52.88946914672852,-125.77117156982422,3720.0,,0
08FC004,DEAN RIVER ABOVE TOWDYSTAN LAKE,BC,52.26028060913086,-125.084716796875,316.0,,0
08FC005,DEAN RIVER NEAR ANAHIM LAKE,BC,52.46001815795898,-125.2635726928711,1060.0,,0
08FD002,PORT JOHN CREEK NEAR BELLA BELLA,BC,52.12833023071289,-127.83332824707033,,,0
08FE001,KEMANO RIVER NEAR BUTEDALE,BC,53.5,-128.0833282470703,777.0,,0
08FE002,KEMANO POWERHOUSE,BC,53.56111145019531,-127.93611145019533,,,0
08FE003,KEMANO RIVER ABOVE POWERHOUSE TAILRACE,BC,53.56354904174805,-127.95236206054688,556.0,,1
08FF001,KITIMAT RIVER BELOW HIRSCH CREEK,BC,54.04872131347656,-128.6905059814453,1990.0,,0
08FF002,HIRSCH CREEK NEAR THE MOUTH,BC,54.06404876708984,-128.6026153564453,353.0,,0
08FF003,LITTLE WEDEENE RIVER BELOW BOWBYES CREEK,BC,54.13582992553711,-128.68324279785156,180.0,,1
08FF004,TETLOCK CREEK NEAR KITIMAT,BC,54.23471832275391,-128.26138305664062,,,0
08FF005,KILOMETRE 18.9 CREEK NEAR KITIMAT,BC,54.21556091308594,-128.22193908691406,12.699999809265137,,0
08FF006,RENEGADE CREEK NEAR KITIMAT,BC,53.94890975952149,-128.73751831054688,3.190000057220459,,1
08GA001,HIXON CREEK AT OUTLET OF BELKNAP LAKE,BC,49.52777862548828,-122.83332824707033,19.899999618530277,,0
08GA002,BRANDT CREEK NEAR VANCOUVER (LOWER STATION),BC,49.526668548583984,-122.89666748046876,,,0
08GA003,HIXON CREEK NEAR THE MOUTH,BC,49.51082992553711,-122.88082885742188,,,0
08GA004,INDIAN RIVER NEAR THE MOUTH,BC,49.48749923706055,-122.88166809082033,181.0,,0
08GA005,INDIAN RIVER NEAR VANCOUVER (UPPER STATION),BC,49.55332946777344,-122.9333267211914,,,0
08GA006,NORTON CREEK NEAR VANCOUVER,BC,49.54167175292969,-122.85250091552734,2.359999895095825,,0
08GA007,YOUNG CREEK NEAR VANCOUVER,BC,49.54999923706055,-122.86750030517578,6.21999979019165,,0
08GA008,BRANDT CREEK NEAR VANCOUVER (UPPER STATION),BC,49.55500030517578,-122.86666870117188,3.369999885559082,,0
08GA009,HIXON CREEK BELOW ANN LAKE,BC,49.54167175292969,-122.83332824707033,16.799999237060547,,0
08GA010,CAPILANO RIVER ABOVE INTAKE,BC,49.396240234375,-123.14584350585938,173.0,,0
08GA011,HIXON CREEK TRIBUTARY,BC,49.52777862548828,-122.83332824707033,,,0
08GA012,LYNN CREEK NEAR NORTH VANCOUVER,BC,49.36027908325195,-123.02555847167967,36.29999923706055,,0
08GA013,SEYMOUR RIVER ABOVE INTAKE,BC,49.3980598449707,-122.98444366455078,153.0,,0
08GA014,CHEAKAMUS RIVER NEAR CHEEKYE,BC,49.7994384765625,-123.15583038330078,1070.0,,0
08GA015,FORESTRY CREEK NEAR VANCOUVER,BC,49.533329010009766,-122.9000015258789,12.199999809265137,,0
08GA016,BRANDYWINE CREEK NEAR BREW,BC,50.03667068481445,-123.12000274658205,46.59999847412109,,0
08GA017,CHEAKAMUS RIVER AT GARIBALDI,BC,49.96527862548828,-123.1508331298828,813.0,,0
08GA018,IOCO NO. 2 CREEK NEAR IOCO,BC,49.30389022827149,-122.87361145019533,,,0
08GA019,IOCO NO. 5 CREEK NEAR IOCO,BC,49.3025016784668,-122.87027740478516,,,0
08GA020,RAINY RIVER AT THE MOUTH,BC,49.52444076538086,-123.48416900634766,69.4000015258789,,0
08GA021,SEYMOUR RIVER AT SEYMOUR FALLS,BC,49.44028091430664,-122.96527862548828,148.0,,0
08GA022,SQUAMISH RIVER NEAR BRACKENDALE,BC,49.795021057128906,-123.20316314697266,2350.0,,0
08GA023,RUBBLE CREEK NEAR GARIBALDI,BC,49.96500015258789,-123.13194274902344,74.0999984741211,,0
08GA024,CHEAKAMUS RIVER NEAR MONS,BC,50.08332824707031,-123.04833221435548,287.0,,0
08GA025,BURWELL CREEK NEAR NORTH VANCOUVER,BC,49.45806121826172,-122.99082946777344,,,0
08GA026,CAPILANO RIVER ABOVE EASTCAP CREEK,BC,49.45458984375,-123.11041259765624,69.9000015258789,,0
08GA027,EASTCAP CREEK NEAR THE MOUTH,BC,49.45027923583984,-123.10333251953124,41.400001525878906,,0
08GA028,SEYMOUR RIVER AT SEYMOUR FALLS DAM,BC,49.44028091430664,-122.96527862548828,148.0,,0
08GA030,SEYMOUR RIVER NEAR NORTH VANCOUVER,BC,49.34197998046875,-123.00212097167967,179.0,,0
08GA031,CAPILANO RIVER AT CANYON,BC,49.357948303222656,-123.11094665527344,197.0,,0
08GA032,GARIBALDI LAKE NEAR GARIBALDI,BC,49.945831298828125,-123.054443359375,,,0
08GA033,RUBBLE CREEK BELOW PARNASSUS CREEK,BC,49.94527816772461,-123.05999755859376,51.79999923706055,,0
08GA034,LESSER GARIBALDI LAKE NEAR GARIBALDI,BC,49.945831298828125,-123.0736083984375,,,0
08GA035,BARRIER LAKE NEAR GARIBALDI,BC,49.94778060913086,-123.07861328125,,,0
08GA036,DAKOTA CREEK NEAR PORT MELLON,BC,49.51082992553711,-123.4955596923828,,,0
08GA037,MCNAIR CREEK NEAR PORT MELLON,BC,49.511940002441406,-123.49472045898438,20.5,,0
08GA038,CHANCE CREEK NEAR GARIBALDI,BC,49.959720611572266,-123.16806030273438,24.899999618530277,,0
08GA039,CHEEKYE CREEK NEAR BRACKENDALE,BC,49.79582977294922,-123.1500015258789,57.5,,0
08GA040,CULLITON CREEK NEAR BRACKENDALE,BC,49.87221908569336,-123.1763916015625,73.80000305175781,,0
08GA041,ELAHO RIVER NEAR SQUAMISH,BC,50.223609924316406,-123.5777816772461,1100.0,,0
08GA043,CHEAKAMUS RIVER NEAR BRACKENDALE,BC,49.8160285949707,-123.15007781982422,965.0,,0
08GA045,RAINY RIVER BELOW INTAKE,BC,49.52999877929688,-123.4888916015625,,,0
08GA046,CHAPMAN CREEK NEAR WILSON CREEK,BC,49.44194030761719,-123.7205581665039,71.5,,0
08GA047,ROBERTS CREEK AT ROBERTS CREEK,BC,49.42082977294922,-123.64022064208984,32.599998474121094,,0
08GA048,MAMQUAM RIVER NEAR SQUAMISH,BC,49.73110961914063,-123.14360809326172,378.0,,0
08GA049,MOSQUITO CREEK NEAR NORTH VANCOUVER,BC,49.34416961669922,-123.086669921875,5.179999828338623,,0
08GA050,CHASTER CREEK ABOVE HIGHWAY NO. 101,BC,49.40666961669922,-123.54055786132812,,,0
08GA051,LANGDALE CREEK AT HIGHWAY NO. 101 NEAR GIBSONS,BC,49.43333053588867,-123.47860717773438,,,0
08GA052,NOONS CREEK NEAR PORT MOODY,BC,49.28472137451172,-122.83055877685548,6.989999771118164,,0
08GA053,SQUAMISH RIVER BELOW MAMQUAM RIVER,BC,49.72222137451172,-123.16500091552734,,,0
08GA054,MAMQUAM RIVER ABOVE MASHITER CREEK,BC,49.72888946533203,-123.10556030273438,334.0,,0
08GA055,RUBBLE CREEK AT OUTLET OF BARRIER LAKE,BC,49.9474983215332,-123.08167266845705,,,0
08GA056,SENTINEL CREEK ABOVE GARIBALDI LAKE,BC,49.90277862548828,-122.99694061279295,5.699999809265137,,0
08GA057,MASHITER CREEK NEAR SQUAMISH,BC,49.74055862426758,-123.1050033569336,38.900001525878906,,0
08GA058,HOP RANCH CREEK ABOVE DRYDEN CREEK,BC,49.75917053222656,-123.12693786621094,2.8499999046325684,,0
08GA059,COQUITLAM LAKE DIVERSION TO BUNTZEN LAKE,BC,49.3638916015625,-122.85360717773438,,,0
08GA060,CHAPMAN CREEK ABOVE SECHELT DIVERSION,BC,49.48221969604492,-123.71083068847656,64.5,,0
08GA061,MACKAY CREEK AT MONTROYAL BOULEVARD,BC,49.35615921020508,-123.09986114501952,3.630000114440918,,0
08GA062,JAMIESON CREEK AT THE MOUTH,BC,49.524169921875,-123.0119400024414,2.8499999046325684,,0
08GA063,UNNAMED CREEK AT MOUNT SEYMOUR PARKWAY,BC,49.314720153808594,-123.00110626220705,,,0
08GA064,STAWAMUS RIVER BELOW RAY CREEK,BC,49.70111083984375,-123.09832763671876,40.400001525878906,,0
08GA065,NOONS CREEK AT MERIDIAN SUBSTATION ROAD,BC,49.30278015136719,-122.8227767944336,2.5899999141693115,,0
08GA067,MILLAR CREEK NEAR OUTLET OF ALPHA LAKE,BC,50.09527969360352,-123.04222106933594,14.5,,0
08GA068,ANNORE CREEK NEAR THE MOUTH,BC,49.32611083984375,-122.8550033569336,3.390000104904175,,0
08GA069,GRAFTON LAKE ON BOWEN ISLAND,BC,49.37361145019531,-123.3638916015625,,,0
08GA070,KILLARNEY LAKE ON BOWEN ISLAND,BC,49.38888931274414,-123.35138702392578,,,0
08GA071,ELAHO RIVER NEAR THE MOUTH,BC,50.11402893066406,-123.42839813232422,1200.0,,0
08GA072,CHEAKAMUS RIVER ABOVE MILLAR CREEK,BC,50.07991027832031,-123.0356216430664,297.0,,0
08GA075,MAMQUAM RIVER ABOVE RING CREEK,BC,49.72594833374024,-123.1020965576172,284.0,,0
08GA076,STAWAMUS RIVER AT HIGHWAY NO. 99,BC,49.6898193359375,-123.14647674560548,52.79999923706055,,0
08GA077,SEYMOUR RIVER BELOW ORCHID CREEK,BC,49.520301818847656,-123.00404357910156,63.0,,0
08GA078,CHAPMAN CREEK BELOW SECHELT DIVERSION,BC,49.48221969604492,-123.71083068847656,65.80000305175781,,0
08GA079,SEYMOUR RIVER ABOVE LAKEHEAD,BC,49.497169494628906,-122.9691162109375,82.9000015258789,,0
08GB003,LOIS RIVER BELOW SCANLON DAM,BC,49.79499816894531,-124.31749725341795,456.0,,0
08GB005,SLIAMMON CREEK NEAR POWELL RIVER,BC,49.89833068847656,-124.60166931152344,,,0
08GB006,PAQ LAKE CREEK AT MADEIRA PARK,BC,49.62194061279297,-124.02388763427734,,,0
08GB007,LANG CREEK NEAR POWELL RIVER,BC,49.79721832275391,-124.37999725341795,128.0,,0
08GB008,PAQ LAKE NEAR MADEIRA PARK,BC,49.61666870117188,-124.02082824707033,,,0
08GB009,EARLE CREEK NEAR EGMONT,BC,49.73749923706055,-123.88082885742188,22.5,,0
08GB010,HOMESITE CREEK NEAR HALFMOON BAY,BC,49.53194046020508,-123.92916870117188,,,0
08GB011,TROUT CREEK AT OUTLET OF TROUT LAKE,BC,49.50056076049805,-123.88194274902344,,,0
08GB012,TROUT LAKE AT HALFMOON BAY,BC,49.50056076049805,-123.88194274902344,,,0
08GB013,CLOWHOM RIVER NEAR CLOWHOM LAKE,BC,49.78718948364258,-123.42041778564452,147.0,,0
08GB014,HORSESHOE RIVER ABOVE LOIS LAKE,BC,49.878028869628906,-124.27835845947266,135.0,,0
08GC003,TAHUMMING RIVER NEAR TOBA INLET,BC,50.5099983215332,-124.42166900634766,233.0,,0
08GC004,THEODOSIA RIVER NEAR BLISS LANDING,BC,50.09278106689453,-124.6227798461914,140.0,,0
08GC005,THEODOSIA RIVER DIVERSION ABOVE OLSEN LAKE,BC,50.12916946411133,-124.54055786132812,,,0
08GC006,THEODOSIA RIVER DIVERSION BYPASS,BC,50.12833023071289,-124.5425033569336,,,0
08GC007,THEODOSIA RIVER BELOW OLSEN LAKE DIVERSION,BC,50.12776947021485,-124.54332733154295,,,0
08GC008,THEODOSIA RIVER ABOVE SCOTTY CREEK,BC,50.09749984741211,-124.6161117553711,,,0
08GD003,HOMATHKO RIVER NEAR TATLA LAKE,BC,51.44499969482422,-124.4491729736328,648.0,,0
08GD004,HOMATHKO RIVER AT THE MOUTH,BC,50.986358642578125,-124.91864013671876,5680.0,,1
08GD005,HOMATHKO RIVER BELOW NUDE CREEK,BC,51.37443923950195,-124.7619400024414,1960.0,,0
08GD006,HOMATHKO RIVER AT TRAGEDY CANYON,BC,51.266109466552734,-124.8869400024414,4070.0,,0
08GD007,MOSLEY CREEK NEAR DUMBELL LAKE,BC,51.40861129760742,-124.93167114257812,1550.0,,0
08GD008,HOMATHKO RIVER AT INLET TO TATLAYOKO LAKE,BC,51.673221588134766,-124.40721893310548,486.0,,0
08GD009,HOMATHKO RIVER BELOW NOSTETUKO RIVER,BC,51.42110824584961,-124.50694274902344,1550.0,,0
08GD010,SOUTHGATE RIVER ABOVE ELLIOT CREEK,BC,50.86167144775391,-124.64389038085938,,,0
08GE001,KLINAKLINI RIVER WEST CHANNEL (OVERFLOW) NEAR THE MOUTH,BC,51.141109466552734,-125.6119384765625,5720.0,,0
08GE002,KLINAKLINI RIVER EAST CHANNEL (MAIN) NEAR THE MOUTH,BC,51.144779205322266,-125.5943603515625,5780.0,,0
08GE003,ICY CREEK NEAR THE MOUTH,BC,51.22761154174805,-125.67146301269533,23.0,,0
08GF001,STAFFORD RIVER NEAR ROY,BC,50.73500061035156,-125.47833251953124,326.0,,0
08GF003,PHILLIPS LAKE NEAR THURLOW,BC,50.58332824707031,-125.36666870117188,,,0
08GF004,TOM BROWNE CREEK AT OUTLET OF TOM BROWNE LAKE,BC,50.64582824707031,-125.7249984741211,,,0
08GF005,KIPPAN CREEK NEAR THE MOUTH,BC,51.06830978393555,-126.35843658447266,54.29999923706055,,0
08GF006,MCALISTER CREEK AT THOMPSON SOUND,BC,50.79689025878906,-126.0096435546875,36.900001525878906,,0
08GF007,WAKEMAN RIVER BELOW ATWAYKELLESSE RIVER,BC,51.10277938842773,-126.4749984741211,698.0,,0
08GF008,KINGCOME RIVER ABOVE ATLATZI RIVER,BC,51.01499938964844,-126.12167358398438,1040.0,,0
08GF009,KINGCOME RIVER BELOW ATLATZI RIVER,BC,51.00249862670898,-126.11778259277344,,,0
08HA001,CHEMAINUS RIVER NEAR WESTHOLME,BC,48.878360748291016,-123.70464324951172,355.0,,1
08HA002,COWICHAN RIVER AT LAKE COWICHAN,BC,48.82590866088867,-124.05304718017578,594.0,,0
08HA003,KOKSILAH RIVER AT COWICHAN STATION,BC,48.72782897949219,-123.67080688476562,209.0,,1
08HA004,SHAWNIGAN CREEK BELOW SHAWNIGAN LAKE,BC,48.65943908691406,-123.62999725341795,68.80000305175781,,0
08HA005,SOOKE RIVER NEAR SOOKE LAKE,BC,48.51832962036133,-123.7005615234375,77.69999694824219,,0
08HA006,SOOKE RIVER (VICTORIA WATER SUPPLY),BC,48.51832962036133,-123.7005615234375,66.9000015258789,,0
08HA007,PELKY SPRING NEAR SAANICHTON,BC,48.59027862548828,-123.3874969482422,,,0
08HA008,BINGS CREEK NEAR DUNCAN,BC,48.78472137451172,-123.74166870117188,14.800000190734863,,0
08HA009,COWICHAN LAKE NEAR LAKE COWICHAN,BC,48.82440185546875,-124.06153106689452,,,0
08HA010,SAN JUAN RIVER NEAR PORT RENFREW,BC,48.57622909545898,-124.3113784790039,578.0,,0
08HA011,COWICHAN RIVER NEAR DUNCAN,BC,48.77307891845703,-123.71446990966795,826.0,,0
08HA013,SOMENOS LAKE NEAR DUNCAN,BC,48.80361175537109,-123.70722198486328,,,0
08HA014,SOMENOS CREEK NEAR DUNCAN,BC,48.78556060791016,-123.6833267211914,63.70000076293945,,0
08HA015,AVERILL CREEK NEAR DUNCAN,BC,48.79693984985352,-123.71499633789062,17.100000381469727,,0
08HA016,BINGS CREEK NEAR THE MOUTH,BC,48.78921890258789,-123.72547149658205,15.5,,0
08HA017,LEECH RIVER AT THE MOUTH,BC,48.49721908569336,-123.727783203125,104.0,,0
08HA018,SOOKE RIVER ABOVE TODD CREEK,BC,48.43193817138672,-123.7125015258789,,,0
08HA019,PATROLAS CREEK NEAR COWICHAN STATION,BC,48.723609924316406,-123.65778350830078,,,0
08HA020,QUAMICHAN LAKE NEAR DUNCAN,BC,48.79056167602539,-123.6744384765625,,,0
08HA021,QUAMICHAN CREEK AT OUTLET OF QUAMICHAN LAKE,BC,48.78805923461914,-123.67138671875,,,0
08HA022,BONSALL CREEK ABOVE WHITEHOUSE CREEK,BC,48.85443878173828,-123.71305847167967,13.0,,0
08HA023,VEITCH CREEK AT THE MOUTH,BC,48.391109466552734,-123.62194061279295,24.600000381469727,,0
08HA024,"ST. MARY LAKE, SALTSPRING ISLAND",BC,48.897499084472656,-123.54611206054688,,,0
08HA025,DE MAMIEL CREEK AT THE MOUTH,BC,48.38972091674805,-123.70861053466795,36.29999923706055,,0
08HA026,CUSHEON CREEK AT OUTLET OF CUSHEON LAKE,BC,48.811668395996094,-123.45443725585938,12.399999618530272,,0
08HA027,DUCK CREEK BELOW OUTLET OF ST. MARY LAKE,BC,48.8761100769043,-123.53888702392578,8.289999961853027,,0
08HA028,NOBLE CREEK AT THE MOUTH,BC,48.54111099243164,-123.3630599975586,,,0
08HA031,TUGWELL CREEK AT THE MOUTH,BC,48.37583160400391,-123.84889221191406,26.899999618530277,,0
08HA032,SHAWNIGAN LAKE OPPOSITE MEMORY ISLAND,BC,48.60889053344727,-123.6402816772461,,,0
08HA033,SHAWNIGAN CREEK NEAR MILL BAY,BC,48.65805816650391,-123.5688934326172,93.9000015258789,,0
08HA034,"CRAIGFLOWER CREEK BELOW BURNSIDE ROAD, VICTORIA",BC,48.46305847167969,-123.43860626220705,13.5,,0
08HA036,COWAN BROOK NEAR YOUBOU,BC,48.89556121826172,-124.27777862548828,0.7300000190734863,,0
08HA037,COLQUITZ RIVER AT HYACINTH ROAD,BC,48.46916961669922,-123.4022216796875,,,0
08HA038,CUSHEON LAKE NEAR GANGES,BC,48.8144416809082,-123.46666717529295,,,0
08HA039,GOLDSTREAM RIVER IN GOLDSTREAM PROVINCIAL PARK,BC,48.46110916137695,-123.55249786376952,,,0
08HA040,DEFIANCE CREEK NEAR PORT RENFREW,BC,48.54999923706055,-124.42278289794922,11.600000381469728,,0
08HA041,QUARANTINE LAKE NEAR METCHOSIN,BC,48.3466682434082,-123.5944366455078,0.5099999904632568,,0
08HA042,BINGS CREEK (WEST BRANCH) NEAR DUNCAN,BC,48.80305862426758,-123.76750183105467,2.25,,0
08HA043,BINGS CREEK AT DRINKWATER ROAD,BC,48.80305862426758,-123.76444244384766,2.990000009536743,,0
08HA044,ST.MARY LAKE AT THE PUMPHOUSE,BC,48.89305877685547,-123.5486068725586,,,0
08HA045,KOKSILAH RIVER BELOW KELVIN CREEK,BC,48.75582885742188,-123.6833267211914,282.0,,0
08HA046,DUCK CREEK AT OUTLET OF ST. MARY LAKE,BC,48.87556076049805,-123.538330078125,5.46999979019165,,0
08HA047,COLQUITZ RIVER AT VIOLET AVENUE,BC,48.46749877929688,-123.39888763427734,,,0
08HA048,BLACKBURN LAKE ON SALTSPRING ISLAND,BC,48.820831298828125,-123.48194122314452,,,0
08HA049,FORD LAKE ON SALTSPRING ISLAND,BC,48.79444122314453,-123.4736099243164,,,0
08HA050,STOWELL LAKE ON SALTSPRING ISLAND,BC,48.78055953979492,-123.4472198486328,,,0
08HA051,WESTON LAKE ON SALTSPRING ISLAND,BC,48.783329010009766,-123.4277801513672,,,0
08HA052,KEMP LAKE NEAR SOOKE,BC,48.38111114501953,-123.77777862548828,,,0
08HA053,PROSPECT LAKE IN SAANICH,BC,48.515281677246094,-123.44416809082033,,,0
08HA054,TOD CREEK BELOW PROSPECT LAKE,BC,48.52471923828125,-123.43778228759766,8.550000190734863,,0
08HA055,FULFORD CREEK ON SALTSPRING ISLAND,BC,48.77471923828125,-123.47028350830078,11.800000190734863,,0
08HA056,GLENORA CREEK NEAR DUNCAN,BC,48.74610900878906,-123.71278381347656,20.799999237060547,,0
08HA057,MAXWELL LAKE ON SALTSPRING ISLAND,BC,48.82500076293945,-123.5374984741211,,,0
08HA058,ROE LAKE ON PENDER ISLAND,BC,48.78110885620117,-123.3027801513672,,,0
08HA059,SOOKE RIVER ABOVE CHARTERS RIVER,BC,48.4244384765625,-123.7125015258789,262.0,,0
08HA060,SANDHILL CREEK AT PAT BAY HIGHWAY,BC,48.58028030395508,-123.397216796875,3.069999933242798,,0
08HA063,HAGAN CREEK NEAR THE MOUTH,BC,48.59111022949219,-123.46056365966795,,,0
08HA064,METCHOSIN CREEK AT HAPPY VALLEY ROAD,BC,48.40361022949219,-123.5486068725586,3.9700000286102295,,0
08HA065,BILSTON CREEK AT GLEN FOREST WAY,BC,48.39944076538086,-123.5486068725586,,,0
08HA066,WILKEN CREEK NEAR MILL BAY,BC,48.64221954345703,-123.55777740478516,,,0
08HA067,HANDYSEN CREEK NEAR MILL BAY,BC,48.644168853759766,-123.56944274902344,3.490000009536743,,0
08HA068,GARBAGE CREEK NEAR THE MOUTH,BC,48.57835006713867,-124.10572052001952,2.880000114440918,,1
08HA069,RENFREW CREEK NEAR PORT RENFREW,BC,48.636749267578125,-124.29171752929688,8.119999885559082,,0
08HA070,HARRIS CREEK NEAR LAKE COWICHAN,BC,48.71937942504883,-124.2260513305664,28.0,,0
08HA071,GRAHAM CREEK AT STELLY'S CROSS ROAD,BC,48.581668853759766,-123.43193817138672,5.769999980926514,,0
08HA072,COTTONWOOD CREEK HEADWATERS,BC,48.93352127075195,-124.249267578125,13.0,,0
08HA073,BONSALL CREEK NEAR THE MOUTH,BC,48.877220153808594,-123.67888641357422,,,0
08HB001,QUALICUM RIVER NEAR BOWSER,BC,49.394168853759766,-124.61499786376952,148.0,,0
08HB002,ENGLISHMAN RIVER NEAR PARKSVILLE,BC,49.31610870361328,-124.28527069091795,319.0,,0
08HB003,HASLAM CREEK NEAR CASSIDY,BC,49.040000915527344,-123.90778350830078,95.5999984741211,,0
08HB004,LITTLE QUALICUM RIVER AT OUTLET OF CAMERON LAKE,BC,49.290828704833984,-124.58332824707033,135.0,,0
08HB005,NANAIMO RIVER NEAR EXTENSION,BC,49.07221984863281,-123.9236068725586,645.0,,0
08HB006,PUNTLEDGE RIVER AT COURTENAY,BC,49.68803024291992,-125.03418731689452,583.0,,0
08HB007,PUNTLEDGE RIVER NEAR CUMBERLAND,BC,49.66389083862305,-125.0930633544922,453.0,,0
08HB008,SPROAT RIVER NEAR ALBERNI,BC,49.28971862792969,-124.9102783203125,351.0,,0
08HB009,STAMP RIVER NEAR GREAT CENTRAL,BC,49.33924865722656,-124.97747039794922,456.0,,0
08HB010,STAMP RIVER NEAR ALBERNI,BC,49.334999084472656,-124.92082977294922,899.0,,0
08HB011,TSOLUM RIVER NEAR COURTENAY,BC,49.70586013793945,-125.01146697998048,251.0,,0
08HB012,NAHMINT RIVER NEAR PORT ALBERNI,BC,49.122779846191406,-124.98999786376952,140.0,,0
08HB014,SARITA RIVER NEAR BAMFIELD,BC,48.89250183105469,-124.9694366455078,162.0,,0
08HB015,SPROAT LAKE NEAR ALBERNI,BC,49.28472137451172,-124.91667175292967,,,0
08HB016,ASH RIVER NEAR GREAT CENTRAL,BC,49.39556121826172,-125.0763931274414,293.0,,0
08HB017,SOMASS RIVER NEAR ALBERNI,BC,49.2763900756836,-124.8550033569336,1280.0,,0
08HB018,QUALICUM RIVER AT OUTLET OF HORNE LAKE,BC,49.34000015258789,-124.6750030517578,111.0,,0
08HB019,CAMERON RIVER NEAR ALBERNI,BC,49.24583053588867,-124.6569366455078,83.0999984741211,,0
08HB021,HORNE LAKE NEAR BOWSER,BC,49.34249877929688,-124.6588897705078,,,0
08HB022,NILE CREEK NEAR BOWSER,BC,49.41852951049805,-124.6523895263672,15.0,,0
08HB023,ASH RIVER BELOW MORAN CREEK,BC,49.36991882324219,-124.9841079711914,387.0,,0
08HB024,TSABLE RIVER NEAR FANNY BAY,BC,49.51750183105469,-124.84166717529295,113.0,,0
08HB025,BROWNS RIVER NEAR COURTENAY,BC,49.69282913208008,-125.06925201416016,87.9000015258789,,1
08HB026,BRANNEN LAKE NEAR WELLINGTON,BC,49.209999084472656,-124.0522232055664,,,0
08HB027,MILLSTONE RIVER NEAR WELLINGTON,BC,49.20610809326172,-124.0522232055664,46.09999847412109,,0
08HB028,LONG LAKE NEAR WELLINGTON,BC,49.21305847167969,-124.02610778808594,,,0
08HB029,LITTLE QUALICUM RIVER NEAR QUALICUM BEACH,BC,49.35459899902344,-124.4833984375,237.0,,0
08HB030,ENOS CREEK AT OUTLET OF ENOS LAKE,BC,49.28694152832031,-124.1588897705078,1.6799999475479126,,0
08HB031,ENOS LAKE NEAR NANOOSE BAY,BC,49.28694152832031,-124.1588897705078,,,0
08HB032,MILLSTONE RIVER AT NANAIMO,BC,49.177391052246094,-123.96903228759766,86.19999694824219,,0
08HB033,NANAIMO RIVER ABOVE ROCKYRUN CREEK,BC,49.08388900756836,-124.39806365966795,75.5999984741211,,0
08HB034,NANAIMO RIVER NEAR CASSIDY,BC,49.06861114501953,-123.8869400024414,676.0,,0
08HB035,CHERRY CREEK NEAR PORT ALBERNI,BC,49.27360916137695,-124.7838897705078,17.100000381469727,,0
08HB036,BEAVER CREEK NEAR ALBERNI,BC,49.3236083984375,-124.88777923583984,,,0
08HB037,ROSEWALL CREEK AT THE MOUTH,BC,49.4627799987793,-124.77278137207033,43.29999923706055,,0
08HB038,FRENCH CREEK AT COOMBS,BC,49.30472183227539,-124.4250030517578,58.29999923706055,,0
08HB039,NANOOSE CREEK AT THE MOUTH,BC,49.26499938964844,-124.20361328125,,,0
08HB040,KNARSTON CREEK AT SUPERIOR ROAD,BC,49.247779846191406,-124.100830078125,3.890000104904175,,0
08HB041,JUMP CREEK AT THE MOUTH,BC,49.02497100830078,-124.1868133544922,62.20000076293945,,0
08HB042,ROY CREEK AT CUMBERLAND ROAD,BC,49.63943862915039,-124.95111083984376,,,0
08HB043,BEAR CREEK AT BRYSON ROAD,BC,49.37110900878906,-124.9311065673828,11.399999618530272,,0
08HB044,TRENT RIVER NEAR ROYSTON,BC,49.63943862915039,-124.93055725097656,72.0,,0
08HB045,GRAHAM CREEK AT THE MOUTH,BC,49.50667190551758,-124.73110961914062,3.369999885559082,,0
08HB046,HOGGAN CREEK AT OUTLET OF HOGGAN LAKE,BC,49.149169921875,-123.82721710205078,6.480000019073486,,0
08HB047,OGDEN CREEK AT OUTLET OF OGDEN LAKE,BC,49.47943878173828,-124.26667022705078,1.8600000143051147,,0
08HB048,CARNATION CREEK AT THE MOUTH,BC,48.91556167602539,-124.9977798461914,10.300000190734863,,0
08HB050,BEAVER CREEK ABOVE 180 M CONTOUR,BC,49.34999847412109,-124.88500213623048,3.890000104904175,,0
08HB051,INDIAN RESERVE CREEK (NORTH FORK) NEAR LANTZVILLE,BC,49.2511100769043,-124.12110900878906,,,0
08HB052,INDIAN RESERVE CREEK (SOUTH FORK) NEAR LANTZVILLE,BC,49.2511100769043,-124.1208267211914,,,0
08HB053,HOGGAN LAKE ON GABRIOLA ISLAND,BC,49.1533317565918,-123.82611083984376,,,0
08HB054,CHASE RIVER NEAR NANAIMO,BC,49.14778137207031,-123.94332885742188,,,0
08HB055,QUENNELL LAKE NEAR CEDAR,BC,49.07167053222656,-123.80667114257812,,,0
08HB056,GRAHAM LAKE ON DENMAN ISLAND,BC,49.51139068603516,-124.75110626220705,,,0
08HB057,CHICADEE LAKE ON DENMAN ISLAND,BC,49.560829162597656,-124.80889129638672,,,0
08HB058,OGDEN LAKE ON LASQUETI ISLAND,BC,49.47972106933594,-124.2699966430664,,,0
08HB059,DEER CREEK AT BEAVER CREEK ROAD NEAR ALBERNI,BC,49.34444046020508,-124.91500091552734,6.480000019073486,,0
08HB060,NAHMINT LAKE NEAR PORT ALBERNI,BC,49.122779846191406,-124.98999786376952,,,0
08HB062,LUGRIN CREEK NEAR PORT ALBERNI,BC,49.27082824707031,-124.83361053466795,3.890000104904175,,0
08HB063,KITSUCKSUS CREEK ABOVE CHERRY CREEK,BC,49.28443908691406,-124.7994384765625,21.700000762939453,,0
08HB064,MERCANTILE CREEK NEAR UCLUELET,BC,48.95832824707031,-125.52333068847656,10.399999618530272,,0
08HB066,PRIEST LAKE NEAR LADYSMITH,BC,49.05500030517578,-123.77111053466795,,,0
08HB068,MCCOY CREEK NEAR ALBERNI,BC,49.26472091674805,-124.86638641357422,15.199999809265137,,0
08HB069,CARNATION CREEK AT 150 M CONTOUR,BC,48.92889022827149,-124.94110870361328,2.5299999713897705,,0
08HB070,MCCOY LAKE NEAR ALBERNI,BC,49.26499938964844,-124.88417053222656,,,0
08HB071,HOLDEN LAKE NEAR NANAIMO,BC,49.10889053344727,-123.82917022705078,,,0
08HB072,FAWN CREEK NEAR ALBERNI,BC,49.34027862548828,-124.90943908691406,7.289999961853027,,0
08HB073,BEAR CREEK AT SOMERS ROAD NEAR ALBERNI,BC,49.372779846191406,-124.9494400024414,1.649999976158142,,0
08HB074,CRUICKSHANK RIVER NEAR THE MOUTH,BC,49.57878112792969,-125.21402740478516,213.0,,0
08HB075,DOVE CREEK NEAR THE MOUTH,BC,49.73657989501953,-125.0857162475586,41.09999847412109,,1
08HB076,SUGSAW LAKE NEAR BAMFIELD,BC,48.84167098999024,-125.09166717529295,,,0
08HB077,CHINA CREEK BELOW MCFARLAND CREEK,BC,49.15972137451172,-124.7750015258789,98.1999969482422,,0
08HB078,FRENCH CREEK ABOVE PUMPHOUSE,BC,49.34000015258789,-124.37471771240234,86.5999984741211,,0
08HB079,BONELL CREEK NEAR NANOOSE,BC,49.223609924316406,-124.19667053222656,,,0
08HB080,ARROWSMITH CREEK AT OUTLET OF ARROWSMITH LAKE,BC,49.22111129760742,-124.53472137451172,,,0
08HB082,COMOX LAKE NEAR COURTENAY,BC,49.64213943481445,-125.09165954589844,,,0
08HB083,COURTENAY RIVER AT 5TH AVENUE BRIDGE,BC,49.6922492980957,-124.99577331542967,858.0,,0
08HB084,PUNTLEDGE RIVER BELOW DIVERSION,BC,49.66833114624024,-125.08721923828124,479.0,,0
08HB086,TOFINO CREEK NEAR THE MOUTH,BC,49.25083160400391,-125.58332824707033,38.59999847412109,,1
08HB087,COMOX HARBOUR AT GOOSE SPIT,BC,49.66389083862305,-124.9173583984375,,,0
08HB088,MARION CREEK NEAR UCLUELET,BC,49.20582962036133,-125.31749725341795,,,0
08HB089,TSOLUM RIVER BELOW MUREX CREEK,BC,49.80881118774414,-125.19503021240234,86.80000305175781,,0
08HB090,HEADQUARTERS CREEK ABOVE TSOLUM RIVER,BC,49.766109466552734,-125.1208267211914,,,0
08HB091,PYRRHOTITE CREEK AT BRANCH 126,BC,49.77389144897461,-125.30471801757812,,,0
08HB092,SOUTH NANAIMO RIVER NEAR JUNCTION,BC,49.06016159057617,-124.12628936767578,211.0,,0
08HB093,NAHMINT RIVER ABOVE BEVERLY CREEK,BC,49.21805953979492,-125.16638946533205,,,0
08HB094,NAHMINT RIVER SOUTH TRIBUTARY AT MOUTH,BC,49.22999954223633,-125.22888946533205,,,0
08HB095,NAHMINT RIVER SOUTH TRIBUTARY MID VALLEY,BC,49.20555877685547,-125.24221801757812,,,0
08HB096,NAHMINT RIVER NORTH TRIBUTARY AT MOUTH,BC,49.22610855102539,-125.22693634033205,,,0
08HB097,NAHMINT RIVER NORTH TRIBUTARY MID VALLEY,BC,49.23360824584961,-125.25360870361328,,,0
08HB098,NAHMINT RIVER TRIBUTARY TO NORTH TRIBUTARY MID VALLEY,BC,49.24528121948242,-125.24639129638672,,,0
08HB099,CHASE RIVER LOWER SPILLWAY,BC,49.14971923828125,-123.96056365966795,,,0
08HC001,GOLD RIVER BELOW UCONA RIVER,BC,49.70230865478516,-126.11141204833984,992.0,,0
08HC002,UCONA RIVER AT THE MOUTH,BC,49.70843124389648,-126.0986099243164,187.0,,0
08HC003,SHARP CREEK ON MEARES ISLAND,BC,49.18056106567383,-125.8652801513672,2.400000095367432,,0
08HC004,BEDWELL RIVER ABOVE URSUS CREEK,BC,49.404441833496094,-125.74749755859376,114.0,,0
08HC005,HEBER RIVER NEAR GOLD RIVER,BC,49.81550979614258,-125.98834228515624,60.0,,0
08HC006,CREST LAKE NEAR HIGHWAY 28,BC,49.841068267822266,-125.90670776367188,,,0
08HC007,HEBER DIVERSION NEAR GOLD RIVER,BC,49.85443878173828,-125.95221710205078,,,0
08HC008,URSUS CREEK NEAR TOFINO,BC,49.37971878051758,-125.54277801513672,,,0
08HC009,HESQUIAT POINT CREEK AT HESQUIAT POINT,BC,49.41278076171875,-126.3888931274414,,,0
08HC010,CYPRE RIVER NEAR GOLD RIVER,BC,49.369720458984375,-125.86833190917967,,,0
08HC011,ATLEO RIVER NEAR GOLD RIVER,BC,49.36943817138672,-126.01222229003906,,,0
08HD001,CAMPBELL RIVER AT OUTLET OF CAMPBELL LAKE,BC,50.002220153808594,-125.3888931274414,1400.0,,0
08HD002,OYSTER RIVER NEAR CAMPBELL RIVER,BC,49.86888885498047,-125.12361145019533,363.0,,0
08HD003,CAMPBELL RIVER NEAR CAMPBELL RIVER,BC,50.03805923461914,-125.2947235107422,1470.0,,0
08HD004,CAMPBELL RIVER NEAR QUINSAM,BC,49.96500015258789,-125.58611297607422,1150.0,,0
08HD005,QUINSAM RIVER NEAR CAMPBELL RIVER,BC,50.02920913696289,-125.3000030517578,278.0,,0
08HD006,SALMON RIVER NEAR SAYWARD,BC,50.31246948242188,-125.90750122070312,1210.0,,0
08HD007,SALMON RIVER ABOVE MEMEKAY RIVER,BC,50.19728088378906,-125.74481201171876,439.0,,0
08HD008,BLACK CREEK NEAR MIRACLE BEACH PARK,BC,49.831390380859375,-125.1241683959961,72.80000305175781,,0
08HD009,STOWE CREEK NEAR SAYWARD,BC,50.29888916015625,-125.8847198486328,17.100000381469727,,0
08HD011,OYSTER RIVER BELOW WOODHUS CREEK,BC,49.89458084106445,-125.24175262451172,302.0,,0
08HD012,SPRINGER CREEK NEAR SAYWARD,BC,50.34027862548828,-125.9055633544922,17.399999618530273,,0
08HD013,BARRON CREEK NEAR BLOEDEL,BC,50.11222076416016,-125.336669921875,,,0
08HD014,BLACK CREEK AT STURGESS ROAD,BC,49.80805969238281,-125.14250183105467,71.69999694824219,,0
08HD015,SALMON RIVER ABOVE CAMPBELL LAKE DIVERSION,BC,50.09041976928711,-125.67822265625,268.0,,0
08HD016,HYACINTHE CREEK ON QUADRA ISLAND,BC,50.133888244628906,-125.25360870361328,7.679999828338623,,0
08HD017,BASIL BROOK ON CORTES ISLAND,BC,50.11528015136719,-124.91583251953124,,,0
08HD018,ELK RIVER ABOVE CAMPBELL LAKE,BC,49.85723114013672,-125.81268310546876,132.0,,0
08HD020,SALMON RIVER DIVERSION NEAR CAMPBELL RIVER,BC,50.09366989135742,-125.66974639892578,270.0,,0
08HD021,QUINSAM RIVER AT ARGONAUT BRIDGE,BC,49.92984008789063,-125.5096435546875,84.19999694824219,,0
08HD022,CAMPBELL RIVER AT CAMPBELL RIVER LODGE,BC,50.03364181518555,-125.267578125,1750.0,,0
08HD023,LITTLE OYSTER RIVER AT YORKE ROAD,BC,49.91157913208008,-125.23197174072266,38.0,,0
08HD024,CAMPBELL RIVER AT ARGONAUT WHARF,BC,50.04227828979492,-125.2471694946289,,,0
08HD025,WOKAS LAKE NEAR CAMPBELL RIVER,BC,49.9102783203125,-125.54638671875,,,0
08HD026,QUINSAM DIVERSION NEAR CAMPBELL RIVER,BC,49.94147109985352,-125.52530670166016,,,0
08HD027,QUINSAM RIVER BELOW LOWER QUINSAM LAKE,BC,49.92964172363281,-125.3389663696289,215.0,,0
08HD029,CAMPBELL RIVER (SPILLWAY FLOWS AT JOHN HART DAM),BC,50.04333114624024,-125.33708190917967,,,0
08HD030,PIGGOTT CREEK AT MOUNT WASHINGTON,BC,49.75,-125.34027862548828,8.369999885559082,,0
08HD031,UPPER CAMPBELL LAKE AT STRATHCONA DAM,BC,49.99694061279297,-125.58656311035156,,,0
08HD032,SALMON RIVER BELOW CAMPBELL LAKE DIVERSION,BC,50.09366989135742,-125.66974639892578,,,0
08HD033,BUTTLE LAKE ABOVE UPPER CAMPBELL LAKE,BC,49.835750579833984,-125.61605834960938,,,0
08HD034,QUINSAM RIVER DIVERSION HEADPOND,BC,49.93000030517578,-125.5205535888672,,,0
08HD035,CAMPBELL RIVER NEAR CAMPBELL RIVER CABLEWAY,BC,50.03736114501953,-125.28691864013672,1505.0,,0
08HDX03,CAMPBELL RIVER NEAR CAMPBELL RIVER (TEST STATION),BC,50.03731155395508,-125.2874984741211,,,0
08HDX05,QUINSAM RIVER NEAR CAMPBELL RIVER (AUXILIARY STATION),BC,50.02920913696289,-125.3000030517578,278.0,,0
08HE001,MARBLE RIVER AT OUTLET OF ALICE LAKE,BC,50.52389144897461,-127.43083190917967,518.0,,0
08HE002,MARBLE RIVER AT OUTLET OF VICTORIA LAKE,BC,50.43027877807617,-127.40389251708984,122.0,,0
08HE003,BENSON RIVER NEAR PORT ALICE,BC,50.4011116027832,-127.29778289794922,228.0,,0
08HE004,RAGING RIVER NEAR PORT ALICE,BC,50.38943862915039,-127.23139190673828,117.0,,0
08HE006,ZEBALLOS RIVER NEAR ZEBALLOS,BC,50.012489318847656,-126.84339904785156,178.0,,0
08HE007,CLANNINICK CREEK AT HEADWATERS,BC,50.10221862792969,-127.39556121826172,,,0
08HE008,ZEBALLOS RIVER AT MOOK PEAK,BC,50.13568878173828,-126.82006072998048,14.600000381469728,,0
08HE009,KLASKISH RIVER NEAR KLASKINO INLET,BC,50.290130615234375,-127.6978988647461,33.29999923706055,,0
08HE010,MCKELVIE CREEK ABOVE INTAKE,BC,49.93867111206055,-126.6414794921875,19.600000381469727,,0
08HF001,KOKISH RIVER AT BEAVER COVE,BC,50.51667022705078,-126.85556030273438,290.0,,0
08HF002,NIMPKISH RIVER NEAR ENGLEWOOD,BC,50.52278137207031,-127.01416778564452,1760.0,,0
08HF003,KOKISH RIVER BELOW BONANZA RIVER,BC,50.47972106933594,-126.8255615234375,269.0,,0
08HF004,TSITIKA RIVER BELOW CATHERINE CREEK,BC,50.44036102294922,-126.57850646972656,365.0,,1
08HF005,NIMPKISH RIVER ABOVE WOSS RIVER,BC,50.21482849121094,-126.61080932617188,783.0,,0
08HF006,SAN JOSEF RIVER BELOW SHARP CREEK,BC,50.66933059692383,-128.16839599609375,64.4000015258789,,0
08HF007,RUSSELL CREEK NEAR THE MOUTH,BC,50.3247184753418,-126.41944122314452,32.599998474121094,,0
08HF008,CATHERINE CREEK NEAR THE MOUTH,BC,50.42472076416016,-126.57888793945312,46.09999847412109,,0
08HF011,GOLD CREEK NEAR WOSS,BC,50.21833038330078,-126.61666870117188,,,0
08HF012,PUGH CREEK NEAR NAHWITTI LAKE,BC,50.734500885009766,-127.88224792480467,22.299999237060547,,0
08HF013,SIMPSON CREEK NEAR KOPRINO HARBOUR,BC,50.512451171875,-127.84200286865234,16.299999237060547,,0
08HF014,KEOGH RIVER NEAR PORT HARDY,BC,50.67197036743164,-127.34867095947266,122.31999969482422,,0
08HF015,EVE RIVER BELOW KUNNUM CREEK,BC,50.3162841796875,-126.23242950439452,,,0
08JA001,NECHAKO RIVER AT FORT FRASER,BC,54.05500030517578,-124.56082916259766,17700.0,,0
08JA002,OOTSA RIVER AT OOTSA LAKE,BC,53.625,-125.73332977294922,4450.0,,0
08JA003,WHITESAIL RIVER NEAR OOTSA LAKE,BC,53.63888931274414,-126.74889373779295,1010.0,,0
08JA004,TETACHUCK RIVER NEAR OOTSA LAKE,BC,53.353328704833984,-125.56944274902344,3320.0,,0
08JA005,TAHTSA RIVER NEAR OOTSA LAKE,BC,53.75556182861328,-126.6999969482422,1420.0,,0
08JA006,TAHTSA RIVER AT OUTLET OF TAHTSA LAKE,BC,53.68333053588867,-127.23332977294922,578.0,,0
08JA007,NECHAKO RIVER AT OUTLET OF NATALKUZ LAKE,BC,53.42778015136719,-125.1111068725586,12100.0,,0
08JA009,CHESLATTA RIVER NEAR OOTSA LAKE,BC,53.64332962036133,-124.9749984741211,1580.0,,0
08JA010,NECHAKO RIVER BELOW BIG BEND CREEK,BC,53.56388854980469,-124.86000061035156,13900.0,,0
08JA011,NECHAKO RIVER NEAR OOTSA LAKE,BC,53.44443893432617,-125.02777862548828,,,0
08JA013,"SKINS LAKE SPILLWAY, NECHAKO RESERVOIR",BC,53.77082824707031,-125.9705581665039,,,0
08JA014,VAN TINE CREEK NEAR THE MOUTH,BC,53.263328552246094,-125.40833282470705,150.0,,0
08JA015,LAVENTIE CREEK NEAR THE MOUTH,BC,53.65208053588867,-127.5377197265625,86.5,,0
08JA016,MACIVOR CREEK NEAR THE MOUTH,BC,53.800559997558594,-126.36000061035156,53.400001525878906,,0
08JA017,NECHAKO RIVER BELOW CHESLATTA FALLS,BC,53.68550109863281,-124.83927917480467,15500.0,,0
08JA018,CHESLATTA LAKE AT WEST END,BC,53.70777893066406,-125.6110610961914,,,0
08JA019,CHEDAKUZ CREEK AT THE MOUTH,BC,53.4002799987793,-124.97110748291016,,,0
08JA020,CHELASLIE RIVER NEAR THE MOUTH,BC,53.46221923828125,-125.86444091796876,,,0
08JA021,COLES CREEK ABOVE TROITSA CREEK,BC,53.4900016784668,-127.20639038085938,,,0
08JA022,NECHAKO RESERVOIR AT KENNEY DAM,BC,53.58028030395508,-124.9727783203125,,,0
08JA023,NECHAKO RESERVOIR AT SKINS LAKE SPILLWAY,BC,53.77238082885742,-125.99723815917967,,,0
08JA024,ENTIAKO RIVER NEAR THE MOUTH,BC,53.3477783203125,-125.35138702392578,,,0
08JA025,KASALKA CREEK AT THE MOUTH,BC,53.64221954345703,-127.14582824707033,,,0
08JA026,MOUNT BAPTISTE CREEK BELOW 1040 M CONTOUR,BC,53.65555953979492,-127.39167022705078,,,0
08JA027,NECHAKO RESERVOIR AT TAHTSA REACH,BC,53.6622200012207,-127.1508331298828,,,0
08JA028,EUTSUK RIVER AT OUTLET OF EUTSUK LAKE,BC,53.234169006347656,-126.1119384765625,,,0
08JA029,WHITESAIL MIDDLE CREEK NEAR TAHTSA REACH,BC,53.66265869140625,-126.9903793334961,7.71999979019165,,0
08JA030,TAHTSA LAKE NEAR KEMANO,BC,53.61722183227539,-127.69416809082033,,,0
08JB001,FRANCOIS LAKE AT SOUTHBANK,BC,54.025001525878906,-125.7652816772461,,,0
08JB002,STELLAKO RIVER AT GLENANNAN,BC,54.00735855102539,-125.0085220336914,3600.0,,1
08JB003,NAUTLEY RIVER NEAR FORT FRASER,BC,54.0850715637207,-124.6008529663086,6030.0,,0
08JB004,ENDAKO RIVER AT ENDAKO,BC,54.081939697265625,-125.02111053466795,1750.0,,0
08JB005,FRASER LAKE AT LEJAC,BC,54.0644416809082,-124.7633285522461,,,0
08JB006,NADINA RIVER NEAR NORALEE,BC,53.99721908569336,-126.5875015258789,1050.0,,0
08JB007,NADINA LAKE NEAR NORALEE,BC,53.90415954589844,-126.97083282470705,,,0
08JB008,NADINA RIVER AT OUTLET OF NADINA LAKE,BC,53.90250015258789,-126.95471954345705,369.0,,0
08JB011,FRANCOIS LAKE AT FRANCOIS LAKE,BC,54.0513916015625,-125.7544403076172,,,0
08JB012,ENDAKO RIVER AT OUTLET OF BURNS LAKE,BC,54.17805862426758,-125.4888916015625,771.0,,0
08JB013,NORTH BEACH CREEK ABOVE ALLIN CREEK,BC,54.1269416809082,-125.92832946777344,9.079999923706056,,0
08JB014,NITHI RIVER NEAR THE MOUTH,BC,53.94194030761719,-124.91555786132812,,,0
08JC001,NECHAKO RIVER AT VANDERHOOF,BC,54.02672958374024,-124.00865173339844,25200.0,,0
08JC002,NECHAKO RIVER AT ISLE PIERRE,BC,53.96044158935547,-123.23486328125,42700.0,,0
08JC005,CHILAKO RIVER NEAR PRINCE GEORGE,BC,53.80889129638672,-122.9888916015625,3390.0,,0
08JC006,MURRAY CREEK AT VANDERHOOF,BC,54.02999877929688,-124.0152816772461,125.0,,0
08JC007,CLEAR CREEK NEAR VANDERHOOF,BC,54.109169006347656,-124.13500213623048,52.09999847412109,,0
08JC008,MURRAY CREEK ABOVE EAST MURRAY CREEK,BC,54.05638885498047,-124.06999969482422,20.200000762939453,,0
08JC009,HOGSBACK CREEK NEAR MAPES,BC,53.90555953979492,-123.86721801757812,110.0,,0
08JC010,STONY CREEK BELOW TACHICK LAKE,BC,53.99306106567383,-124.12110900878906,451.0,,0
08JC011,TRANKLE CREEK NEAR BRAESIDE,BC,54.11611175537109,-124.29528045654295,,,0
08JC013,STONY CREEK AT STONY CREEK,BC,53.94110870361328,-124.10694122314452,342.0,,0
08JC014,BEAVERLEY CREEK NEAR THE MOUTH,BC,53.81193923950195,-122.9680633544922,145.0,,0
08JC015,BEAVERLEY CREEK AT OUTLET OF NADSILNICH LAKE,BC,53.73389053344727,-122.85138702392578,,,0
08JC016,NADSILNICH LAKE AT THE OUTLET,BC,53.73389053344727,-122.85138702392578,,,0
08JC017,CORKSCREW CREEK NEAR THE MOUTH,BC,53.89685821533203,-124.197998046875,,,0
08JD006,DRIFTWOOD RIVER ABOVE KASTBERG CREEK,BC,55.97613906860352,-126.67767333984376,403.0,,1
08JE001,STUART RIVER NEAR FORT ST. JAMES,BC,54.4168586730957,-124.27062225341795,14200.0,,1
08JE002,PINCHI CREEK AT PINCHI LAKE,BC,54.59167098999024,-124.48999786376952,,,0
08JE003,STUART LAKE NEAR FORT ST. JAMES,BC,54.45500183105469,-124.28556060791016,,,0
08JE004,TSILCOH RIVER NEAR THE MOUTH,BC,54.61080932617188,-124.2477569580078,431.0,,1
08JE005,KAZCHEK CREEK NEAR THE MOUTH,BC,54.9002799987793,-125.1380615234375,881.0,,0
08KA001,DORE RIVER NEAR MCBRIDE,BC,53.30924987792969,-120.2490005493164,409.0,,0
08KA003,HOLMES RIVER NEAR MCBRIDE,BC,53.25333023071289,-120.0561065673828,785.0,,0
08KA004,FRASER RIVER AT HANSARD,BC,54.07867050170898,-121.85035705566406,18000.0,,0
08KA005,FRASER RIVER AT MCBRIDE,BC,53.301719665527344,-120.14092254638672,6890.0,,0
08KA007,FRASER RIVER AT RED PASS,BC,52.98627853393555,-119.00666809082033,1710.0,,0
08KA008,MOOSE RIVER NEAR RED PASS,BC,52.91999816894531,-118.8000030517578,458.0,,0
08KA009,MCKALE RIVER NEAR 940 M CONTOUR,BC,53.44406127929688,-120.22013854980467,253.0,,0
08KA010,SWIFT CREEK ABOVE BARRETT CREEK,BC,52.8769416809082,-119.1963882446289,111.0,,0
08KA011,MCLENNAN RIVER NEAR THE MOUTH,BC,52.96110916137695,-119.45806121826172,534.0,,0
08KA012,SWIFT CREEK NEAR THE MOUTH,BC,52.83832931518555,-119.26667022705078,132.0,,0
08KA013,MORKILL RIVER BELOW HELLROARING CREEK,BC,53.681671142578125,-120.59139251708984,1260.0,,0
08KB001,FRASER RIVER AT SHELLEY,BC,54.00366973876953,-122.62474822998048,32400.0,,0
08KB003,MCGREGOR RIVER AT LOWER CANYON,BC,54.23117065429688,-121.6687469482422,4780.0,,1
08KB005,MCGREGOR RIVER AT UPPER CANYON,BC,54.26805877685547,-121.49500274658205,2430.0,,0
08KB006,MULLER CREEK NEAR THE MOUTH,BC,54.29677963256836,-120.9774169921875,103.0,,0
08KC001,SALMON RIVER NEAR PRINCE GEORGE,BC,54.09642028808594,-122.67986297607422,4230.0,,0
08KC002,WRIGHT CREEK AT THE MOUTH,BC,54.09444046020508,-122.68611145019533,181.0,,0
08KC003,MUSKEG RIVER NORTH OF JOANNE LAKE,BC,54.605281829833984,-123.23722076416016,303.0,,0
08KD001,BOWRON RIVER NEAR WELLS,BC,53.2611083984375,-121.41388702392578,458.0,,0
08KD002,WILLOW RIVER AT WELLS,BC,53.10221862792969,-121.56944274902344,50.0,,0
08KD003,WILLOW RIVER NEAR WILLOW RIVER,BC,54.06861114501953,-122.4638900756836,3110.0,,0
08KD004,BOWRON RIVER NEAR HANSARD,BC,54.036109924316406,-121.8791732788086,3550.0,,0
08KD005,BOWRON LAKE NEAR WELLS,BC,53.258331298828125,-121.41388702392578,,,0
08KD006,WILLOW RIVER ABOVE HAY CREEK,BC,54.04555892944336,-122.37306213378906,2860.0,,0
08KD007,BOWRON RIVER BELOW BOX CANYON,BC,54.01694107055664,-122.10285949707033,3330.0,,0
08KE001,FRASER RIVER AT PRINCE GEORGE,BC,53.91249847412109,-122.711669921875,79500.0,,0
08KE002,FRASER RIVER AT QUESNEL,BC,52.97444152832031,-122.49694061279295,97900.0,,0
08KE003,NARCOSLI CREEK NEAR QUESNEL,BC,52.82389068603516,-122.46833038330078,1540.0,,0
08KE004,LIGHTNING CREEK AT WINGDAM,BC,53.04972076416016,-121.95806121826172,204.0,,0
08KE005,CUISSON CREEK NEAR ALEXANDRIA,BC,52.60694122314453,-122.46527862548828,162.0,,0
08KE006,AUSTRALIAN CREEK AT AUSTRALIAN,BC,52.72111129760742,-122.44306182861328,164.0,,0
08KE008,CUISSON CREEK (SOUTH FORK) NEAR MARGUERITE,BC,52.51805877685547,-122.3277816772461,,,0
08KE009,COTTONWOOD RIVER NEAR CINEMA,BC,53.15528106689453,-122.47611236572266,1910.0,,0
08KE014,NAVER CREEK AT HIXON,BC,53.4263916015625,-122.5888900756836,658.0,,0
08KE015,CALE CREEK NEAR RED ROCK,BC,53.75667190551758,-122.64778137207033,188.0,,0
08KE016,BAKER CREEK AT QUESNEL,BC,52.9738883972168,-122.50943756103516,1550.0,,1
08KE017,KERSLEY CREEK NEAR QUESNEL,BC,52.80556106567383,-122.415283203125,37.59999847412109,,0
08KE018,FRASER RIVER AT SOUTH FORT GEORGE,BC,53.90077972412109,-122.73493957519533,79900.0,,0
08KE019,HODSON CREEK NEAR NARCOSLI CREEK,BC,52.71110916137695,-122.5152816772461,,,0
08KE020,BOUCHIE CREEK ABOVE BOUCHIE LAKE,BC,53.036109924316406,-122.6347198486328,,,0
08KE022,SOUTH SISTERS CREEK AT HIGHWAY NO. 97,BC,52.84806060791016,-122.41082763671876,21.5,,0
08KE023,ALIX CREEK AT OUTLET OF ALIX LAKES,BC,52.63471984863281,-122.41361236572266,36.29999923706055,,0
08KE024,LITTLE SWIFT RIVER AT THE MOUTH,BC,52.91490173339844,-121.76747131347656,127.0,,0
08KE025,BOUCHIE CREEK BELOW BOUCHIE LAKE,BC,53.02555847167969,-122.55972290039062,,,0
08KE026,GENERAL CREEK IN ALEXANDRIA I.R. NO. 3,BC,52.5908317565918,-122.49500274658205,,,0
08KE027,TWAN CREEK BELOW STORAGE DAM,BC,52.53055953979492,-122.60556030273438,218.0,,0
08KE028,TABOR CREEK AT HIGHWAY NO. 97 NEAR PRINCE GEORGE,BC,53.79499816894531,-122.65193939208984,113.0,,0
08KE029,LONG JOHN CREEK AT THE MOUTH,BC,52.81111145019531,-123.022216796875,169.0,,0
08KE030,SISTERS CREEK BELOW DALE LAKE,BC,52.869998931884766,-122.3927764892578,16.100000381469727,,0
08KE031,GENERAL CREEK ABOVE DIVERSION,BC,52.59027862548828,-122.53333282470705,,,0
08KE032,TABOR CREEK ABOVE SWEDE CREEK,BC,53.86249923706055,-122.570556640625,60.20000076293945,,0
08KE033,ALIX CREEK ABOVE ALIX LAKES,BC,52.636940002441406,-122.4055633544922,37.29999923706055,,0
08KE034,DESERTERS CREEK ABOVE NARCOSLI CREEK,BC,52.83110809326172,-122.540283203125,99.0999984741211,,0
08KE035,NARCOSLI CREEK ABOVE RAMSEY CREEK,BC,52.494998931884766,-122.75582885742188,173.0,,0
08KE036,NARCOSLI CREEK BELOW RAMSEY CREEK,BC,52.508060455322266,-122.6786117553711,629.0,,0
08KE037,CUISSON CREEK (EAST FORK) ABOVE DAM,BC,52.58110809326172,-122.26917266845705,7.800000190734863,,0
08KF001,NAZKO RIVER ABOVE MICHELLE CREEK,BC,52.92916870117188,-123.5472183227539,3240.0,,0
08KG001,WEST ROAD RIVER NEAR CINEMA,BC,53.306419372558594,-122.89180755615234,12400.0,,0
08KG003,BAEZAEKO RIVER AT LOT 10262,BC,52.98611068725586,-123.8027801513672,992.0,,0
08KG004,CHARLESON CREEK AT THE MOUTH,BC,53.29693984985352,-122.95194244384766,145.0,,0
08KH001,QUESNEL RIVER AT LIKELY,BC,52.61582946777344,-121.57232666015624,5970.0,,0
08KH002,CARIBOO RIVER NEAR LIKELY,BC,52.65805816650391,-121.4741668701172,2560.0,,0
08KH003,CARIBOO RIVER BELOW KANGAROO CREEK,BC,52.66667175292969,-121.67082977294922,3260.0,,0
08KH004,CARIBOO RIVER NEAR BARKERVILLE,BC,52.97777938842773,-121.1763916015625,,,0
08KH005,MATTHEW RIVER NEAR BARKERVILLE,BC,52.99250030517578,-121.1227798461914,,,0
08KH006,QUESNEL RIVER NEAR QUESNEL,BC,52.84305953979492,-122.22528076171876,11500.0,,0
08KH007,HORSEFLY RIVER AT HORSEFLY,BC,52.331668853759766,-121.41278076171876,2310.0,,0
08KH008,LITTLE HORSEFLY RIVER NEAR HORSEFLY,BC,52.3730583190918,-121.31360626220705,422.0,,0
08KH010,HORSEFLY RIVER ABOVE MCKINLEY CREEK,BC,52.29138946533203,-121.0669403076172,790.0,,0
08KH011,QUESNEL LAKE NEAR LIKELY,BC,52.5747184753418,-121.540283203125,,,0
08KH013,CARIBOO RIVER NEAR KEITHLEY CREEK,BC,52.72943878173828,-121.43472290039062,2870.0,,0
08KH014,MITCHELL RIVER AT OUTLET OF MITCHELL LAKE,BC,52.84333038330078,-120.74166870117188,245.0,,0
08KH015,MITCHELL LAKE NEAR KEITHLEY CREEK,BC,52.84333038330078,-120.7361068725586,,,0
08KH016,DRAGON CREEK AT OUTLET OF DRAGON LAKE,BC,52.97417068481445,-122.43499755859376,,,0
08KH017,CARIBOO LAKE NEAR KEITHLEY CREEK,BC,52.74694061279297,-121.42472076416016,,,0
08KH018,BARLOW CREEK NEAR QUESNEL,BC,53.02582931518555,-122.4883270263672,69.9000015258789,,0
08KH019,MOFFAT CREEK NEAR HORSEFLY,BC,52.31571960449219,-121.40843963623048,548.0,,0
08KH020,MCKINLEY CREEK BELOW OUTLET OF MCKINLEY LAKE,BC,52.28083038330078,-121.00135803222656,431.0,,0
08KH021,BEAVER CREEK AT OUTLET OF BEAVER LAKE,BC,52.477500915527344,-121.8505630493164,847.0,,0
08KH022,MACKAY RIVER AT THE MOUTH,BC,52.3738899230957,-120.72222137451172,144.0,,0
08KH023,DRAGON CREEK ABOVE DRAGON LAKE,BC,52.95333099365234,-122.4036102294922,7.25,,0
08KH024,MOLYBDENITE CREEK NEAR HENDRIX LAKE,BC,52.1349983215332,-120.88333129882812,,,0
08KH025,LITTLE HORSEFLY RIVER ABOVE GRUHS LAKE,BC,52.36555862426758,-121.35527801513672,416.0,,0
08KH026,GERIMI CREEK NEAR THE MOUTH,BC,52.8477783203125,-122.22250366210938,56.79999923706055,,0
08KH027,HAZELTINE CREEK BELOW POLLEY LAKE,BC,52.51277923583984,-121.57111358642578,,,0
08KH028,RUDY CREEK BELOW SANDY LAKE,BC,52.68722152709961,-121.78166961669922,3.2100000381469727,,0
08KH029,CAMP CREEK NEAR THE MOUTH,BC,52.78305816650391,-120.73777770996094,6.289999961853027,,0
08KH030,PENFOLD CREEK NEAR THE MOUTH,BC,52.79193878173828,-120.74971771240234,184.0,,0
08KH031,HORSEFLY RIVER ABOVE QUESNEL LAKE,BC,52.44430923461914,-121.41813659667967,,,0
08LA001,CLEARWATER RIVER NEAR CLEARWATER STATION,BC,51.65571975708008,-120.06604766845705,10300.0,,1
08LA002,HEMP CREEK NEAR RAFT RIVER,BC,51.91667175292969,-120.04750061035156,177.0,,0
08LA003,MURTLE RIVER NEAR CLEARWATER STATION,BC,52.05971908569336,-119.9333267211914,1240.0,,0
08LA004,MURTLE RIVER ABOVE DAWSON FALLS,BC,51.97943878173828,-120.10360717773438,1380.0,,0
08LA005,BRIDGE CREEK NEAR 100 MILE HOUSE,BC,51.70500183105469,-121.1758270263672,1330.0,,0
08LA006,CANIM RIVER AT OUTLET OF CANIM LAKE,BC,51.86861038208008,-120.59722137451172,,,0
08LA007,CLEARWATER RIVER AT OUTLET OF CLEARWATER LAKE,BC,52.13888931274414,-120.1916732788086,2950.0,,0
08LA008,MAHOOD RIVER AT OUTLET OF MAHOOD LAKE,BC,51.93193817138672,-120.24138641357422,4710.0,,0
08LA009,CLEARWATER RIVER AT INLET TO CLEARWATER LAKE,BC,52.348609924316406,-120.2638931274414,2380.0,,0
08LA010,MAHOOD LAKE NEAR CLEARWATER STATION,BC,51.93833160400391,-120.2411117553711,,,0
08LA011,CANIM LAKE NEAR CANIM LAKE,BC,51.841941833496094,-120.73027801513672,,,0
08LA012,CLEARWATER LAKE NEAR CLEARWATER STATION,BC,52.14305877685547,-120.1916732788086,,,0
08LA013,CLEARWATER RIVER AT OUTLET OF HOBSON LAKE,BC,52.421669006347656,-120.32389068603516,904.0,,0
08LA014,HOBSON LAKE NEAR CLEARWATER STATION,BC,52.42499923706055,-120.3255615234375,,,0
08LA015,CANIM CREEK AT OUTLET OF SPOUT LAKE,BC,52.00971984863281,-121.44444274902344,65.30000305175781,,0
08LA016,CANDLE CREEK NEAR CLEARWATER STATION,BC,51.69028091430664,-120.0041732788086,25.100000381469727,,0
08LA017,HORSE LAKE NEAR 100 MILE HOUSE,BC,51.60166931152344,-121.19222259521484,,,0
08LA018,HOBSON CREEK BELOW BOIS GRENIER CREEK,BC,52.67499923706055,-120.102783203125,162.0,,0
08LA019,BOSS CREEK ABOVE HENDRIX CREEK,BC,51.94610977172852,-120.70417022705078,122.0,,0
08LA020,BRIDGE CREEK AT OUTLET OF HORSE LAKE,BC,51.60694122314453,-121.23056030273438,912.0,,0
08LA021,SPAHATS CREEK NEAR THE MOUTH,BC,51.734169006347656,-120.00749969482422,52.5,,0
08LA022,BRADLEY CREEK NEAR FOREST GROVE,BC,51.85028076171875,-121.0258331298828,174.0,,0
08LA023,HENDRIX CREEK BELOW STINSON CREEK,BC,52.04111099243164,-120.74138641357422,,,0
08LA024,HENDRIX CREEK AT OUTLET OF HENDRIX LAKE,BC,52.09167098999024,-120.78582763671876,,,0
08LA025,BUFFALO CREEK ABOVE BRIDGE CREEK,BC,51.6763916015625,-121.1875,228.0,,0
08LA026,LITTLE BRIDGE CREEK ABOVE EXETER LAKE,BC,51.6480598449707,-121.375,,,0
08LA027,BRIDGE CREEK BELOW DEKA CREEK,BC,51.58760833740234,-120.9207534790039,,,0
08LA028,WINDY CREEK ABOVE JIM CREEK,BC,51.622779846191406,-120.6722183227539,79.4000015258789,,0
08LA029,JUDSON CREEK NEAR THE MOUTH,BC,51.56999969482422,-120.79888916015624,20.100000381469727,,0
08LB001,CAHILTY CREEK NEAR LOUIS CREEK,BC,50.95417022705078,-120.02777862548828,57.20000076293945,,0
08LB003,EDWARDS CREEK NEAR HEFFLEY CREEK,BC,50.90555953979492,-120.14167022705078,38.900001525878906,,0
08LB004,HEFFLEY CREEK NEAR KAMLOOPS,BC,50.86111068725586,-120.25833129882812,168.0,,0
08LB005,HEFFLEY CREEK NEAR HEFFLEY CREEK,BC,50.85694122314453,-120.15833282470705,72.5,,0
08LB006,HEFFLEY CREEK (ANDERSON DIVERSION) NEAR HEFFLEY CREEK,BC,50.86111068725586,-120.25833129882812,,,0
08LB007,HEFFLEY CREEK (CRAWSHAW DITCH) NEAR HEFFLEY CREEK,BC,50.86111068725586,-120.25833129882812,,,0
08LB008,JAMIESON CREEK ABOVE BRITISH COLUMBIA FRUITLANDS DIVERSION,BC,50.8849983215332,-120.29000091552734,230.0,,0
08LB009,JAMIESON CREEK BELOW BRITISH COLUMBIA FRUITLANDS DIVERSION,BC,50.883331298828125,-120.28500366210938,,,0
08LB010,LOUIS CREEK AT BOUNDARY OF RAILWAY BELT,BC,50.970001220703125,-120.03582763671876,269.0,,0
08LB011,PAUL CREEK ABOVE PINANTAN LAKE,BC,50.72222137451172,-120.0,38.900001525878906,,0
08LB012,PAUL CREEK AT THE OUTLET OF PINANTAN LAKE,BC,50.72499847412109,-120.03278350830078,55.70000076293945,,0
08LB013,PAUL CREEK NEAR KAMLOOPS (STATION A),BC,50.7388916015625,-120.1569366455078,139.0,,0
08LB015,NORTH THOMPSON RIVER NEAR BLACK PINES,BC,50.89167022705078,-120.2541732788086,,,0
08LB016,HEFFLEY CREEK AT INLET TO HEFFLEY LAKE,BC,50.81666946411133,-120.0472183227539,18.100000381469727,,0
08LB017,RAFT RIVER NEAR CLEARWATER,BC,51.63888931274414,-119.96666717529295,764.0,,0
08LB019,WHITEWOOD CREEK AT HIGHWAY BRIDGE NEAR BLACK PINES,BC,51.0625,-120.2388916015625,33.70000076293945,,0
08LB020,BARRIERE RIVER AT THE MOUTH,BC,51.188018798828125,-120.12654113769533,1140.0,,0
08LB021,BARRIERE RIVER (EAST FORK) NEAR BARRIERE,BC,51.24583053588867,-119.9333267211914,155.0,,0
08LB022,NORTH THOMPSON RIVER NEAR BARRIERE,BC,51.18611145019531,-120.1513900756836,17700.0,,0
08LB023,EDWARDS CREEK (LYON'S DIVERSION) NEAR HEFFLEY CREEK,BC,50.9013900756836,-120.14861297607422,,,0
08LB024,FISHTRAP CREEK NEAR MCLURE,BC,51.12202835083008,-120.2089385986328,135.0,,0
08LB025,KNOUFF CREEK BELOW SULLIVAN LAKE,BC,50.9394416809082,-120.18943786621094,41.400001525878906,,0
08LB027,PAUL CREEK NEAR KAMLOOPS (STATION F),BC,50.70832824707031,-120.31999969482422,,,0
08LB028,KNOUFF CREEK AT OUTLET OF SULLIVAN LAKE,BC,50.95555877685547,-120.1208267211914,25.899999618530277,,0
08LB029,SIWASH CREEK NEAR HEFFLEY LAKE,BC,50.84722137451172,-120.0944366455078,11.100000381469728,,0
08LB030,LEONIE CREEK NEAR BARRIERE,BC,51.211669921875,-120.1186065673828,25.899999618530277,,0
08LB031,NELSON CREEK NEAR BARRIERE,BC,51.25,-120.1999969482422,13.0,,0
08LB032,PETERSON CREEK NEAR BARRIERE,BC,51.19443893432617,-120.16388702392578,110.0,,0
08LB033,DUNN CREEK NEAR CHU CHUA,BC,51.4102783203125,-120.09944152832033,,,0
08LB037,THUNDER RIVER NEAR BLUE RIVER,BC,52.223331451416016,-119.21527862548828,175.0,,0
08LB038,BLUE RIVER NEAR BLUE RIVER,BC,52.11669158935547,-119.30194091796876,272.0,,0
08LB039,MAD RIVER NEAR IRVINE,BC,51.6763916015625,-119.60417175292967,280.0,,0
08LB040,REG CHRISTIE CREEK NEAR VAVENBY,BC,51.59722137451172,-119.66667175292967,72.0,,0
08LB041,CHUCK CREEK NEAR VAVENBY,BC,51.5888900756836,-119.6986083984375,77.69999694824219,,0
08LB042,LEMIEUX CREEK NEAR MOUNT OLIE,BC,51.46667098999024,-120.2161102294922,195.0,,0
08LB043,NEHALLISTON CREEK NEAR MOUNT OLIE,BC,51.48332977294922,-120.24305725097656,155.0,,0
08LB044,CHU CHUA CREEK NEAR CHU CHUA,BC,51.35139083862305,-120.13333129882812,31.200000762939453,,0
08LB045,DARLINGTON CREEK NEAR CHINOOK COVE,BC,51.3236083984375,-120.1833267211914,77.69999694824219,,0
08LB046,LINDQUIST CREEK NEAR CHINOOK COVE,BC,51.31388854980469,-120.18193817138672,77.69999694824219,,0
08LB047,NORTH THOMPSON RIVER AT BIRCH ISLAND,BC,51.60186004638672,-119.9143524169922,4490.0,,0
08LB049,LOUIS CREEK NEAR LOUIS CREEK,BC,51.1361083984375,-120.1152801513672,515.0,,0
08LB050,MANN CREEK NEAR BLACKPOOL,BC,51.57611083984375,-120.1383285522461,295.0,,0
08LB051,BARRIERE RIVER NEAR BARRIERE (AT DAM),BC,51.23749923706055,-120.00556182861328,1030.0,,0
08LB052,BARRIERE RIVER B.C.E.R. FLUME NEAR BARRIERE,BC,51.23332977294922,-120.0152816772461,,,0
08LB053,PAUL LAKE NEAR KAMLOOPS,BC,50.7388916015625,-120.1569366455078,,,0
08LB054,PAUL CREEK NEAR KAMLOOPS (STATION B),BC,50.7400016784668,-120.19000244140624,117.0,,0
08LB055,PAUL CREEK NEAR KAMLOOPS (STATION C),BC,50.73500061035156,-120.20999908447266,222.0,,0
08LB056,PAUL CREEK NEAR KAMLOOPS (STATION D),BC,50.72555923461914,-120.26000213623048,212.0,,0
08LB057,PAUL CREEK NEAR KAMLOOPS (STATION E),BC,50.71667098999024,-120.27667236328124,254.0,,0
08LB058,COLD CREEK NEAR KAMLOOPS (UPPER STATION),BC,50.76250076293945,-120.2027816772461,59.59999847412109,,0
08LB059,COLD CREEK NEAR KAMLOOPS (LOWER STATION),BC,50.74250030517578,-120.2013931274414,64.80000305175781,,0
08LB060,PAUL CREEK (INDIAN DIVERSION) NEAR KAMLOOPS,BC,50.74306106567383,-120.1999969482422,,,0
08LB061,BADGER CREEK NEAR HEFFLEY CREEK,BC,51.06666946411133,-120.14582824707033,21.200000762939453,,0
08LB062,BADGER CREEK NEAR LOUIS CREEK,BC,51.09027862548828,-120.16806030273438,29.0,,0
08LB064,NORTH THOMPSON RIVER AT MCLURE,BC,51.04093170166016,-120.24046325683594,19600.0,,0
08LB065,CHRISTIAN CREEK NEAR HEFFLEY CREEK,BC,50.8388900756836,-120.0097198486328,7.510000228881836,,0
08LB066,HEFFLEY LAKE NEAR HEFFLEY CREEK,BC,50.83332824707031,-120.04528045654295,,,0
08LB068,BARRIERE RIVER BELOW LEE CREEK,BC,51.28055953979492,-119.9333267211914,585.0,,0
08LB069,BARRIERE RIVER BELOW SPRAGUE CREEK,BC,51.24533081054688,-119.9376983642578,624.0,,0
08LB070,HASCHEAK CREEK BELOW RUSSELL CREEK,BC,51.63249969482422,-120.0263900756836,24.299999237060547,,0
08LB071,HASCHEAK CREEK ABOVE RUSSELL CREEK,BC,51.62916946411133,-120.022216796875,8.029999732971191,,0
08LB072,LOUIS CREEK AT THE MOUTH,BC,51.1349983215332,-120.1227798461914,515.0,,0
08LB075,MCDOUGALL CREEK NEAR BIRCH ISLAND,BC,51.60583114624024,-119.9897232055664,17.899999618530273,,0
08LB076,HARPER CREEK NEAR THE MOUTH,BC,51.3543815612793,-119.8816375732422,166.0,,1
08LB077,BONE CREEK NEAR BLUE RIVER,BC,52.255001068115234,-119.1786117553711,267.0,,0
08LB078,LEMIEUX CREEK NEAR THE MOUTH,BC,51.42758941650391,-120.20204162597656,443.0,,0
08LB079,AVOLA CREEK (SOUTH FORK) NEAR AVOLA,BC,51.78221893310547,-119.3263931274414,,,0
08LB081,LOUIS CREEK ABOVE MCGILLIVRAY CREEK,BC,50.86027908325195,-119.97332763671876,,,0
08LB082,MCQUEEN LAKE AT THE OUTLET,BC,50.83028030395508,-120.4375,,,0
08LB083,JAMIESON CREEK ABOVE DIVERSIONS,BC,50.88471984863281,-120.28778076171876,230.0,,0
08LC002,SHUSWAP RIVER NEAR ENDERBY,BC,50.54365921020508,-119.01284790039062,4720.0,,0
08LC003,SHUSWAP RIVER NEAR LUMBY,BC,50.30278015136719,-118.81861114501952,2000.0,,0
08LC004,BRASH CREEK NEAR ENDERBY,BC,50.56666946411133,-119.04167175292967,32.599998474121094,,0
08LC005,BESSETTE CREEK NEAR LUMBY,BC,50.23471832275391,-118.9680633544922,253.0,,0
08LC006,DUTEAU CREEK NEAR LAVINGTON,BC,50.1974983215332,-119.03443908691406,,,0
08LC007,VERNON IRRIGATION DISTRICT DIVERSION NEAR LAVINGTON,BC,50.19778060913086,-119.03472137451172,,,0
08LC008,NICKLEN CREEK NEAR LUMBY (LOWER STATION),BC,50.1986083984375,-119.00277709960938,30.799999237060547,,0
08LC009,MCAULEY CREEK NEAR LUMBY,BC,50.15777969360352,-118.9055633544922,32.599998474121094,,0
08LC010,NICKLEN CREEK NEAR LUMBY (UPPER STATION),BC,50.14167022705078,-119.0152816772461,11.899999618530272,,0
08LC014,DUTEAU CREEK AT OUTLET OF HADDO LAKE,BC,50.09693908691406,-119.08416748046876,81.0999984741211,,0
08LC015,PARADISE CREEK NEAR LUMBY,BC,50.06666946411133,-118.91667175292967,13.5,,0
08LC017,DERMONT CREEK NEAR LAVINGTON,BC,50.10610961914063,-119.0749969482422,,,0
08LC018,SHUSWAP RIVER AT OUTLET OF SUGAR LAKE RESERVOIR,BC,50.34510040283203,-118.54785919189452,1130.0,,0
08LC019,SHUSWAP RIVER AT OUTLET OF MABEL LAKE,BC,50.60277938842773,-118.7383270263672,4040.0,,0
08LC020,VIOLET CREEK NEAR GRINDROD (UPPER STATION),BC,50.69472122192383,-119.12860870361328,13.0,,0
08LC021,LARCH HILLS CREEK NEAR MARA,BC,50.71527862548828,-119.04167175292967,13.0,,0
08LC022,MONASHEE CREEK NEAR CHERRYVILLE,BC,50.21944046020508,-118.54750061035156,311.0,,0
08LC023,HUMMING BIRD CREEK NEAR SICAMOUS,BC,50.76667022705078,-119.00332641601562,23.299999237060547,,0
08LC024,MARA CREEK NEAR SICAMOUS,BC,50.76556015014648,-119.00332641601562,23.299999237060547,,0
08LC025,BLURTON CREEK NEAR MARA,BC,50.67916870117188,-119.04582977294922,19.200000762939453,,0
08LC026,JOHNSON CREEK NEAR MARA,BC,50.699440002441406,-119.03472137451172,20.700000762939453,,0
08LC027,SICAMOUS CREEK NEAR SICAMOUS,BC,50.810001373291016,-118.96833038330078,64.80000305175781,,0
08LC028,PTARMIGAN CREEK NEAR MARA,BC,50.66611099243164,-119.06443786621094,,,0
08LC029,BONGARD CREEK NEAR MARA,BC,50.657501220703125,-119.06999969482422,13.0,,0
08LC030,VIOLET CREEK NEAR GRINDROD (LOWER STATION),BC,50.6875,-119.1227798461914,,,0
08LC031,FORTUNE CREEK AT STEPNEY,BC,50.50278091430664,-119.12361145019533,132.0,,0
08LC032,SHUSWAP RIVER BELOW SKOOKUMCHUCK RAPIDS,BC,50.61111068725586,-118.7750015258789,,,0
08LC033,CREIGHTON CREEK NEAR LUMBY,BC,50.21110916137695,-118.77082824707033,37.59999847412109,,0
08LC034,FERRY CREEK NEAR LUMBY,BC,50.24193954467773,-118.647216796875,145.0,,0
08LC035,FORTUNE CREEK NEAR ARMSTRONG,BC,50.43833160400391,-119.14221954345705,41.20000076293945,,0
08LC036,GARDOM CREEK NEAR GRINDROD,BC,50.61249923706055,-119.1500015258789,25.899999618530277,,0
08LC037,MARA LAKE NEAR SICAMOUS,BC,50.7763900756836,-119.0044403076172,,,0
08LC038,MABEL LAKE AT THE OUTLET,BC,50.60277938842773,-118.7383270263672,,,0
08LC039,BESSETTE CREEK ABOVE BEAVERJACK CREEK,BC,50.29790115356445,-118.85912322998048,769.0,,0
08LC040,VANCE CREEK BELOW DEAFIES CREEK,BC,50.28432083129883,-118.94703674316406,70.9000015258789,,0
08LC041,SUGAR LAKE RESERVOIR AT THE OUTLET,BC,50.357669830322266,-118.53826141357422,,,0
08LC042,BESSETTE CREEK ABOVE LUMBY LAGOON OUTFALL,BC,50.25246810913086,-118.96124267578124,632.0,,0
08LC043,ABERDEEN LAKE AT THE OUTLET,BC,50.10472106933594,-119.07305908203124,,,0
08LC044,HADDO LAKE AT THE OUTLET,BC,50.09444046020508,-119.08416748046876,,,0
08LC046,CREIGHTON CREEK NEAR CREIGHTON VALLEY,BC,50.21028137207031,-118.85916900634766,,,0
08LC047,GRIZZLY SWAMP NEAR HADDO LAKE,BC,50.0888900756836,-119.08332824707033,,,0
08LC048,TRINITY CREEK ABOVE DIVERSION,BC,50.41389083862305,-118.9333267211914,42.900001525878906,,0
08LC049,CHERRY CREEK NEAR CHERRYVILLE,BC,50.25611114501953,-118.63333129882812,503.0,,0
08LC050,TRINITY CREEK NEAR THE MOUTH,BC,50.53361129760742,-118.96916961669922,191.0,,0
08LD001,ADAMS RIVER NEAR SQUILAX,BC,50.937591552734375,-119.65634155273438,3210.0,,1
08LD002,HIUIHILL CREEK ABOVE DIVERSIONS,BC,50.88555908203125,-119.73278045654295,69.69999694824219,,0
08LD003,ADAMS LAKE NEAR SQUILAX,BC,50.95357894897461,-119.6753921508789,,,0
08LD004,SINMAX CREEK BELOW JOHNSON CREEK,BC,51.125,-119.86666870117188,130.0,,0
08LD005,HOMESTAKE CREEK NEAR LOUIS CREEK,BC,51.10832977294922,-119.8277816772461,16.799999237060547,,0
08LD006,HIUIHILL CREEK NEAR SQUILAX (LOWER STATION),BC,50.921669006347656,-119.64472198486328,104.0,,0
08LD009,FISHER CREEK AT WEST BOUNDARY D.L. 3599,BC,51.425559997558594,-119.46778106689452,14.699999809265137,,0
08LE001,BOLEAN CREEK AT FALKLAND,BC,50.50083160400391,-119.56194305419922,228.0,,0
08LE002,CAMPBELL CREEK NEAR BARNHART VALE,BC,50.63777923583984,-120.12222290039062,518.0,,0
08LE003,CAMPBELL CREEK NEAR MONTE CREEK,BC,50.6522216796875,-120.08332824707033,,,0
08LE004,CANOE CREEK NEAR SALMON ARM,BC,50.7216682434082,-119.22750091552734,70.19999694824219,,0
08LE005,CHASE CREEK NEAR CHASE,BC,50.79721832275391,-119.6508331298828,279.0,,0
08LE006,PRINGLE CREEK NEAR WESTWOLD,BC,50.47888946533203,-119.81999969482422,15.5,,0
08LE007,EAGLE RIVER NEAR SICAMOUS,BC,50.84167098999024,-118.97917175292967,1230.0,,0
08LE008,INGRAM CREEK NEAR THE MOUTH,BC,50.456668853759766,-119.6916732788086,63.20000076293945,,0
08LE009,JACKO CREEK NEAR KAMLOOPS,BC,50.5988883972168,-120.44667053222656,10.899999618530272,,0
08LE010,MARTIN CREEK NEAR PRITCHARD,BC,50.6763916015625,-119.7597198486328,38.900001525878906,,0
08LE011,MONTE CREEK (DIVERSION TO MONTE LAKE) NEAR MONTE LAKE,BC,50.518890380859375,-119.85694122314452,,,0
08LE012,MONTE CREEK NEAR MONTE LAKE,BC,50.52000045776367,-119.85888671875,60.59999847412109,,0
08LE013,MONTE CREEK NEAR MONTE CREEK,BC,50.62083053588867,-119.92250061035156,184.0,,0
08LE014,MOULTON CREEK NEAR PRITCHARD,BC,50.68333053588867,-119.8902816772461,15.5,,0
08LE015,NEDS CREEK NEAR PRITCHARD (LOWER STATION),BC,50.66722106933594,-119.83943939208984,15.5,,0
08LE016,NISKONLITH CREEK NEAR SHUSWAP,BC,50.7611083984375,-119.77361297607422,130.0,,0
08LE017,PEMBERTON CREEK NEAR PRITCHARD,BC,50.70222091674805,-119.8625030517578,20.700000762939453,,0
08LE018,ROBBINS CREEK NEAR MONTE LAKE (LOWER STATION),BC,50.61943817138672,-119.98056030273438,38.900001525878906,,0
08LE019,SALMON RIVER ABOVE ADELPHI CREEK,BC,50.408329010009766,-119.81082916259766,546.0,,0
08LE020,SALMON RIVER AT FALKLAND,BC,50.49856185913086,-119.55860900878906,1030.0,,0
08LE021,SALMON RIVER NEAR SALMON ARM,BC,50.692508697509766,-119.33052825927734,1550.0,,0
08LE022,ROBBINS CREEK NEAR ROBBINS RANGE,BC,50.57500076293945,-120.03333282470705,15.5,,0
08LE023,WARREN CREEK NEAR SALMON ARM,BC,50.49028015136719,-119.52916717529295,25.899999618530277,,0
08LE024,EAGLE RIVER NEAR MALAKWA,BC,50.93634033203125,-118.80165100097656,932.0,,0
08LE025,CELISTA CREEK NEAR ALBAS,BC,51.20832824707031,-119.00749969482422,282.0,,0
08LE026,CRAZY CREEK AT TAFT,BC,50.99250030517578,-118.64389038085938,117.0,,0
08LE027,SEYMOUR RIVER NEAR SEYMOUR ARM,BC,51.2622184753418,-118.94644165039062,805.0,,0
08LE028,ONYX CREEK NEAR MAGNA BAY,BC,50.956939697265625,-119.29306030273438,50.79999923706055,,0
08LE029,ROSS CREEK NEAR ANGLEMONT,BC,50.97639083862305,-119.227783203125,104.0,,0
08LE030,SCOTCH CREEK NEAR SORRENTO,BC,50.93193817138672,-119.46527862548828,635.0,,0
08LE031,SOUTH THOMPSON RIVER AT CHASE,BC,50.76311111450195,-119.7431182861328,15800.0,,0
08LE032,NISKONLITH CREEK ABOVE NISKONLITH LAKE,BC,50.76805877685547,-119.8000030517578,31.100000381469727,,0
08LE033,LOAKIN CREEK ABOVE INDIAN DIVERSION,BC,50.83055877685547,-119.75556182861328,51.79999923706055,,0
08LE034,NEDS CREEK NEAR PRITCHARD (UPPER STATION),BC,50.65528106689453,-119.79444122314452,5.179999828338623,,0
08LE035,PETERSON CREEK NEAR KAMLOOPS,BC,50.60639190673828,-120.375,64.80000305175781,,0
08LE036,SCUITTO CREEK NEAR BARNHART VALE,BC,50.5736083984375,-120.1833267211914,122.0,,0
08LE037,CAMPBELL CREEK NEAR BARNHART VALE (UPPER STATION),BC,50.571388244628906,-120.21111297607422,285.0,,0
08LE038,BLAIR CREEK NEAR FALKLAND (LOWER STATION),BC,50.546669006347656,-119.59832763671876,77.69999694824219,,0
08LE039,WHITE CREEK NEAR CARLIN,BC,50.87055969238281,-119.31777954101562,64.19999694824219,,0
08LE040,BLAIR CREEK NEAR FALKLAND (UPPER STATION),BC,50.57971954345703,-119.58805847167967,77.69999694824219,,0
08LE041,TAPPEN CREEK NEAR TAPPEN,BC,50.78388977050781,-119.3486099243164,26.899999618530277,,0
08LE042,SPA CREEK ABOVE COWPERSMITH DIVERSION,BC,50.54861068725586,-119.4013900756836,13.0,,0
08LE043,SILVER CREEK NEAR SALMON ARM,BC,50.59167098999024,-119.3638916015625,25.899999618530277,,0
08LE044,GORDON CREEK NEAR SALMON ARM,BC,50.661109924316406,-119.37638854980467,18.899999618530277,,0
08LE045,GRIER CREEK NEAR SALMON ARM,BC,50.62638854980469,-119.4000015258789,13.0,,0
08LE046,KERNAGHAN CREEK NEAR SALMON ARM,BC,50.63888931274414,-119.4013900756836,13.0,,0
08LE047,SHUSWAP LAKE NEAR SORRENTO,BC,50.88056182861328,-119.4647216796875,,,0
08LE048,NISKONLITH CREEK (INDIAN DIVERSION) NEAR SHUSWAP,BC,50.76388931274414,-119.77361297607422,,,0
08LE049,NISKONLITH CREEK (HOFFMAN AND ROSS DIVERSION) NEAR SHUSWAP,BC,50.76250076293945,-119.7805633544922,,,0
08LE050,NISKONLITH LAKE SPILLWAY,BC,50.7641716003418,-119.7830581665039,,,0
08LE051,LOAKIN CREEK (INDIAN DIVERSION) NEAR SHUSWAP,BC,50.81999969482422,-119.75694274902344,,,0
08LE053,SHUSWAP LAKE NEAR SICAMOUS,BC,50.85139083862305,-119.0119400024414,,,0
08LE054,EAST CANOE CREEK NEAR SALMON ARM,BC,50.695831298828125,-119.1972198486328,20.5,,0
08LE055,FARRELL CREEK NEAR TAPPEN (LOWER STATION),BC,50.77777862548828,-119.2874984741211,9.579999923706056,,0
08LE056,FARRELL CREEK NEAR TAPPEN (UPPER STATION),BC,50.80278015136719,-119.28778076171876,,,0
08LE057,LITTLE SHUSWAP LAKE AT CHASE,BC,50.82833099365234,-119.6744384765625,,,0
08LE058,CAMPBELL CREEK BELOW SCUITTO CREEK,BC,50.58110809326172,-120.1897201538086,521.0,,0
08LE059,SALMON RIVER NEAR WESTWOLD,BC,50.456939697265625,-119.77082824707033,601.0,,0
08LE060,SPA CREEK BELOW COWPERSMITH DIVERSION,BC,50.54444122314453,-119.37777709960938,13.0,,0
08LE061,PETERSON CREEK NEAR KNUTSFORD,BC,50.63750076293945,-120.33139038085938,103.0,,0
08LE063,SALMON RIVER NEAR DOUGLAS LAKE,BC,50.29999923706055,-119.9861068725586,237.0,,0
08LE064,SALMON RIVER NEAR FALKLAND,BC,50.4474983215332,-119.4694366455078,1120.0,,0
08LE065,SALMON RIVER AT GLENEMMA,BC,50.46944046020508,-119.3499984741211,1160.0,,0
08LE066,NEWSOME CREEK AT SORRENTO,BC,50.87361145019531,-119.4680633544922,18.899999618530277,,0
08LE067,FOWLER CREEK NEAR FALKLAND,BC,50.52555847167969,-119.37528228759766,15.800000190734863,,0
08LE068,MONTE LAKE NEAR MONTE LAKE,BC,50.49166870117188,-119.83332824707033,,,0
08LE069,SOUTH THOMPSON RIVER AT MONTE CREEK,BC,50.6533317565918,-119.95944213867188,16600.0,,0
08LE070,SHUSWAP LAKE AT SALMON ARM,BC,50.70943069458008,-119.2840576171875,,,0
08LE071,SHUSWAP LAKE AT SEYMOUR ARM,BC,51.2388916015625,-118.9277801513672,,,0
08LE072,PALMER CREEK NEAR SALMON ARM,BC,50.70417022705078,-119.34722137451172,18.100000381469727,,0
08LE073,WHITE CREEK AT TAPPEN,BC,50.78889083862305,-119.33110809326172,125.0,,0
08LE074,CANOE CREEK ABOVE EAST CANOE CREEK,BC,50.70138931274414,-119.2236099243164,39.09999847412109,,0
08LE075,SALMON RIVER ABOVE SALMON LAKE,BC,50.28889083862305,-119.95555877685548,143.0,,0
08LE077,CORNING CREEK NEAR SQUILAX,BC,50.91316986083984,-119.5328369140625,26.200000762939453,,0
08LE078,ROBBINS CREEK ABOVE DISDERO CREEK,BC,50.57500076293945,-119.98139190673828,32.099998474121094,,0
08LE079,NISKONLITH LAKE NEAR SHUSWAP,BC,50.7641716003418,-119.7830581665039,,,0
08LE080,NEWSOME CREEK AT THE MOUTH,BC,50.88056182861328,-119.47083282470705,20.200000762939453,,0
08LE081,CHUM CREEK NEAR SQUILAX,BC,50.83443832397461,-119.57083129882812,,,0
08LE086,RATCHFORD CREEK AT 600 M CONTOUR,BC,51.3650016784668,-118.80638885498048,253.0,,0
08LE087,TAPPEN CREEK AT THE SOURCE,BC,50.79582977294922,-119.39472198486328,4.400000095367432,,0
08LE088,SALMON RIVER ABOVE KERNAGHAN CREEK,BC,50.63471984863281,-119.3874969482422,1400.0,,0
08LE089,SALMON RIVER ABOVE FOWLER CREEK,BC,50.513328552246094,-119.3491668701172,1070.0,,0
08LE090,SALMON RIVER BELOW SILVER CREEK,BC,50.60860824584961,-119.36277770996094,1210.0,,0
08LE091,KERNAGHAN CREEK ABOVE DIVERSIONS,BC,50.63444137573242,-119.3902816772461,8.289999961853027,,0
08LE092,GORDON CREEK ABOVE DIVERSIONS,BC,50.661109924316406,-119.383056640625,17.899999618530273,,0
08LE093,PALMER CREEK ABOVE DIVERSIONS,BC,50.71667098999024,-119.3630599975586,15.5,,0
08LE094,BOLEAN CREEK NEAR THE MOUTH,BC,50.50917053222656,-119.56944274902344,224.0,,0
08LE095,WEYMAN CREEK NEAR THE MOUTH,BC,50.36222076416016,-119.92916870117188,95.5999984741211,,0
08LE096,FOWLER CREEK AT 640 M CONTOUR,BC,50.52360916137695,-119.3852767944336,15.800000190734863,,0
08LE097,SALMON RIVER NEAR GLENEMMA,BC,50.49861145019531,-119.34583282470705,1170.0,,0
08LE099,NORTH PAXTON CREEK ABOVE DIVERSIONS,BC,50.53388977050781,-119.81221771240234,,,0
08LE101,KNIGHT CREEK ABOVE DIVERSIONS,BC,50.80305862426758,-119.17806243896484,5.670000076293945,,0
08LE102,PETERSON CREEK ABOVE JACKO CREEK,BC,50.5877799987793,-120.44583129882812,21.399999618530277,,0
08LE103,MONTE CREEK ABOVE MONTE LAKE DIVERSION,BC,50.52278137207031,-119.85250091552734,64.30000305175781,,0
08LE104,HLINA CREEK BELOW RASMUSSEN CREEK,BC,50.95750045776367,-119.37693786621094,15.899999618530272,,0
08LE105,HLINA CREEK AT THE MOUTH,BC,50.94361114501953,-119.3491668701172,24.700000762939453,,0
08LE106,SOUTH PASS CREEK AT THE MOUTH,BC,50.9263916015625,-118.47444152832033,30.200000762939453,,0
08LE107,HUDSON CREEK NEAR THE MOUTH,BC,50.9636116027832,-119.163330078125,4.699999809265137,,0
08LE108,EAST CANOE CREEK ABOVE DAM,BC,50.69665145874024,-119.19615936279295,20.799999237060547,,0
08LE109,SHUSWAP LAKE AT CANOE,BC,50.75471878051758,-119.22860717773438,,,0
08LE110,LOFTUS CREEK AT MALAKWA,BC,50.935001373291016,-118.80583190917967,,,0
08LE111,SHUSWAP LAKE AT BLIND BAY,BC,50.88803863525391,-119.39408111572266,,,0
08LE112,CHASE CREEK ABOVE THE MOUTH,BC,50.81909942626953,-119.68153381347656,297.0,,0
08LF001,BARNES CREEK NEAR ASHCROFT,BC,50.70750045776367,-121.23194122314452,100.0,,0
08LF002,BONAPARTE RIVER BELOW CACHE CREEK,BC,50.802978515625,-121.3233413696289,5020.0,,0
08LF003,BOTANIE CREEK NEAR LYTTON,BC,50.3125,-121.5486068725586,98.4000015258789,,0
08LF004,CACHE CREEK NEAR CACHE CREEK,BC,50.82500076293945,-121.25833129882812,90.6999969482422,,0
08LF005,CHERRY CREEK NEAR KAMLOOPS,BC,50.625,-120.53694152832033,53.09999847412109,,0
08LF006,CORNWALL CREEK NEAR ASHCROFT,BC,50.72639083862305,-121.3444366455078,90.6999969482422,,0
08LF007,CRISS CREEK NEAR SAVONA,BC,50.8838996887207,-120.9659423828125,479.0,,0
08LF008,BEATON CREEK NEAR KAMLOOPS,BC,50.658329010009766,-120.625,33.70000076293945,,0
08LF009,DEADMAN RIVER ABOVE WALHACHIN FLUME,BC,50.87778091430664,-120.97222137451172,1170.0,,0
08LF010,DEADMAN RIVER (WALHACHIN FLUME),BC,50.84999847412109,-120.96111297607422,,,0
08LF011,DEADMAN RIVER BELOW WALHACHIN FLUME,BC,50.783329010009766,-120.9222183227539,,,0
08LF013,HAT CREEK NEAR ASHCROFT,BC,50.61222076416016,-121.56916809082033,74.0999984741211,,0
08LF014,HAT CREEK - HAMMOND DIVERSION TO OREGON JACK CREEK,BC,50.62083053588867,-121.56944274902344,,,0
08LF015,HAT CREEK NEAR CACHE CREEK,BC,50.88444137573242,-121.42028045654295,658.0,,0
08LF017,MURRAY CREEK NEAR SPENCES BRIDGE,BC,50.42499923706055,-121.36943817138672,119.0,,0
08LF018,PUCKETT CREEK NEAR ASHCROFT,BC,50.68056106567383,-121.25556182861328,13.0,,0
08LF019,OREGON JACK CREEK NEAR ASHCROFT,BC,50.638328552246094,-121.4244384765625,64.80000305175781,,0
08LF020,PENDLETON CREEK NEAR CHERRY CREEK,BC,50.67499923706055,-120.5749969482422,10.399999618530272,,0
08LF021,SCOTTIE CREEK NEAR CACHE CREEK,BC,50.95111083984375,-121.43138885498048,174.0,,0
08LF022,THOMPSON RIVER AT SPENCES BRIDGE,BC,50.42082977294922,-121.34166717529295,54600.0,,0
08LF023,THOMPSON RIVER AT KAMLOOPS,BC,50.68751907348633,-120.36412048339844,37800.0,,0
08LF024,TRANQUILLE RIVER NEAR KAMLOOPS,BC,50.73611068725586,-120.51667022705078,596.0,,0
08LF025,TWAAL CREEK NEAR SPENCES BRIDGE,BC,50.46667098999024,-121.3375015258789,84.69999694824219,,0
08LF026,VENABLES CREEK AT OUTLET OF VENABLES LAKE,BC,50.55693817138672,-121.33556365966795,15.5,,0
08LF027,DEADMAN RIVER ABOVE CRISS CREEK,BC,50.8980712890625,-120.97598266601562,878.0,,0
08LF028,DURAND CREEK BELOW GUICHON DIVERSION,BC,50.62778091430664,-120.8083267211914,130.0,,0
08LF029,CACHE CREEK (MCABEE DIVERSION) NEAR CACHE CREEK,BC,50.84638977050781,-121.21056365966795,,,0
08LF030,DURAND CREEK (FERGUSON DIVERSION) NEAR SAVONA,BC,50.663330078125,-120.76416778564452,,,0
08LF032,DURAND CREEK NEAR SAVONA,BC,50.665828704833984,-120.76555633544922,130.0,,0
08LF033,THOMPSON RIVER NEAR SAVONA,BC,50.752079010009766,-120.87361145019533,39100.0,,0
08LF034,HAT CREEK ABOVE MARBLE CANYON,BC,50.79167175292969,-121.6111068725586,430.0,,0
08LF035,HAT CREEK NEAR CARQUILE,BC,50.88471984863281,-121.49861145019533,699.0,,0
08LF036,PUKAIST CREEK NEAR ASCROFT,BC,50.54750061035156,-121.195556640625,139.0,,0
08LF037,CUTOFF VALLEY CREEK NEAR CLINTON,BC,51.05611038208008,-121.6616668701172,58.0,,0
08LF038,CLINTON CREEK AT CLINTON,BC,51.09722137451172,-121.59027862548828,63.70000076293945,,0
08LF039,OREGON JACK CREEK NEAR ASHCROFT (LOWER STATION),BC,50.61861038208008,-121.33444213867188,82.0999984741211,,0
08LF040,STUDHORSE CREEK NEAR ASHCROFT,BC,50.709999084472656,-121.19750213623048,25.899999618530277,,0
08LF041,ALKALI CREEK NEAR KAMLOOPS,BC,50.62221908569336,-120.4875030517578,6.480000019073486,,0
08LF042,RUSH CREEK NEAR KAMLOOPS,BC,50.59444046020508,-120.47083282470705,1.2999999523162842,,0
08LF043,THOMPSON RIVER NEAR WALHACHIN,BC,50.76443862915039,-121.03221893310548,40900.0,,0
08LF046,KAMLOOPS LAKE AT SAVONA,BC,50.75278091430664,-120.84722137451172,,,0
08LF047,FIFTYSEVEN CREEK NEAR CLINTON,BC,51.182220458984375,-121.58332824707033,80.5,,0
08LF048,FIFTYNINE CREEK NEAR CHASM,BC,51.21860885620117,-121.50749969482422,203.0,,0
08LF049,WATCHING CREEK NEAR KAMLOOPS,BC,50.85277938842773,-120.50167083740234,79.5,,0
08LF050,NOISET SPRING NEAR SPENCES BRIDGE,BC,50.45417022705078,-121.3116683959961,,,0
08LF051,THOMPSON RIVER NEAR SPENCES BRIDGE,BC,50.35462951660156,-121.39364624023438,55400.0,,0
08LF060,BONAPARTE RIVER NEAR CACHE CREEK,BC,50.915828704833984,-121.41139221191406,4090.0,,0
08LF061,HAT CREEK NEAR UPPER HAT CREEK,BC,50.75611114501953,-121.5883331298828,350.0,,0
08LF062,BONAPARTE RIVER NEAR BRIDGE LAKE,BC,51.3355598449707,-120.7986068725586,666.0,,0
08LF063,GLADWIN CREEK NEAR LYTTON,BC,50.24694061279297,-121.48416900634766,5.699999809265137,,0
08LF064,CLINTON CREEK NEAR THE MOUTH,BC,51.11111068725586,-121.4875030517578,252.0,,0
08LF065,BONAPARTE RIVER ABOVE CLINTON CREEK,BC,51.1138916015625,-121.4736099243164,3210.0,,0
08LF066,BONAPARTE RIVER ABOVE LOON CREEK,BC,51.035831451416016,-121.44139099121094,3520.0,,0
08LF067,BARNARD CREEK NEAR ASHCROFT,BC,50.66860961914063,-121.27832794189452,29.0,,0
08LF068,VENABLES CREEK ABOVE VENABLES LAKE,BC,50.57500076293945,-121.3499984741211,25.899999618530277,,0
08LF069,PUKAIST CREEK BELOW WOODS CREEK,BC,50.557498931884766,-121.15778350830078,103.0,,0
08LF070,BARNES CREEK ABOVE PENSE LAKE DIVERSION,BC,50.67472076416016,-121.06999969482422,32.400001525878906,,0
08LF071,LOON CREEK NEAR THE MOUTH,BC,51.036109924316406,-121.44082641601562,479.0,,0
08LF075,GREEN LAKE NEAR 70 MILE HOUSE,BC,51.44166946411133,-121.14167022705078,,,0
08LF079,CHERRY CREEK NEAR THE MOUTH,BC,50.716941833496094,-120.6347198486328,190.0,,0
08LF080,FIFTYNINE CREEK NEAR CLINTON,BC,51.258331298828125,-121.6811065673828,36.400001525878906,,0
08LF081,AMBUSTEN CREEK NEAR THE MOUTH,BC,50.7369384765625,-121.57611083984376,32.900001525878906,,0
08LF082,MEDICINE CREEK NEAR THE MOUTH,BC,50.75917053222656,-121.5561065673828,,,0
08LF083,MEDICINE CREEK DIVERSION NEAR ASHCROFT,BC,50.75,-121.4741668701172,,,0
08LF084,ANDERSON CREEK ABOVE DIVERSIONS,BC,50.72639083862305,-121.6352767944336,31.899999618530277,,0
08LF085,KAMLOOPS LAKE NEAR KAMLOOPS,BC,50.707218170166016,-120.53417205810548,,,0
08LF086,CHERRY CREEK BELOW PENDLETON CREEK,BC,50.6775016784668,-120.5744400024414,143.0,,0
08LF088,GLADWIN CREEK ABOVE DIVERSIONS,BC,50.24222183227539,-121.47028350830078,,,0
08LF089,SCOTTIE CREEK ABOVE CHROME CREEK,BC,50.98360824584961,-121.39833068847656,141.0,,0
08LF090,HAT CREEK ABOVE HARRY CREEK,BC,50.79888916015625,-121.6050033569336,,,0
08LF091,HELLER CREEK ABOVE DIVERSIONS,BC,51.01028060913086,-120.75360870361328,46.59999847412109,,0
08LF092,HAT CREEK ABOVE ANDERSON CREEK,BC,50.72666931152344,-121.59944152832033,,,0
08LF093,ROBERTSON CREEK NEAR THE MOUTH,BC,50.84527969360352,-121.5425033569336,44.59999847412109,,0
08LF094,JOE ROSS CREEK NEAR THE MOUTH,BC,51.15229034423828,-120.85823059082033,98.9000015258789,,0
08LF095,MCDONALD CREEK NEAR BRIDGE LAKE,BC,51.43193817138672,-120.6152801513672,20.399999618530277,,0
08LF096,LOON CREEK ABOVE LOON LAKE,BC,51.16416931152344,-121.13639068603516,,,0
08LF097,BONAPARTE RIVER BELOW BONAPARTE LAKE,BC,51.28110885620117,-120.67806243896484,325.0,,0
08LF099,ARROWSTONE CREEK NEAR THE MOUTH,BC,50.835750579833984,-121.23995208740234,50.5,,0
08LF100,DAIRY CREEK ABOVE TSOTIN LAKE,BC,50.84078979492188,-121.1544418334961,10.600000381469728,,0
08LG001,CHARTRAND CREEK NEAR MAMETTE LAKE POST OFFICE,BC,50.48917007446289,-120.82333374023438,64.80000305175781,,0
08LG002,GREENSTONE CREEK NEAR MAMETTE LAKE,BC,50.48194122314453,-120.69471740722656,51.79999923706055,,0
08LG003,GUICHON CREEK ABOVE MAMIT LAKE,BC,50.40277862548828,-120.81527709960938,847.0,,0
08LG004,GUICHON CREEK NEAR LOWER NICOLA,BC,50.15010833740234,-120.87808227539062,1230.0,,0
08LG005,MEADOW CREEK NEAR THE MOUTH,BC,50.47222137451172,-120.80972290039062,,,0
08LG006,NICOLA RIVER NEAR SPENCES BRIDGE,BC,50.33086013793945,-121.226806640625,7100.0,,0
08LG007,NICOLA RIVER NEAR MERRITT,BC,50.144439697265625,-120.88500213623048,4300.0,,0
08LG008,SPIUS CREEK NEAR CANFORD,BC,50.13618087768555,-121.03002166748048,775.0,,0
08LG009,WITCHES BROOK NEAR MERRITT,BC,50.49250030517578,-120.85806274414062,139.0,,0
08LG010,COLDWATER RIVER AT MERRITT,BC,50.10979843139648,-120.8030014038086,917.0,,0
08LG011,MOORE CREEK NEAR QUILCHENA,BC,50.30693817138672,-120.44306182861328,215.0,,0
08LG013,NICOLA RIVER AT NICOLA,BC,50.163330078125,-120.66583251953124,2900.0,,0
08LG014,GUICHON CREEK DIVERSION TO TUNKWA LAKE,BC,50.59999847412109,-120.88333129882812,,,0
08LG015,CLAPPERTON CREEK NEAR NICOLA,BC,50.16389083862305,-120.6691665649414,181.0,,0
08LG016,PENNASK CREEK NEAR QUILCHENA,BC,49.96492004394531,-120.13493347167967,87.5999984741211,,1
08LG017,QUILCHENA CREEK AT QUILCHENA,BC,50.14160919189453,-120.4999008178711,787.0,,0
08LG018,SPAHOMIN CREEK NEAR DOUGLAS LAKE,BC,50.11528015136719,-120.2861099243164,233.0,,0
08LG019,STUMBLES CREEK NEAR LOWER NICOLA,BC,50.1511116027832,-120.88555908203124,52.29999923706055,,0
08LG020,SPAHOMIN CREEK AT OUTLET OF PENNASK LAKE,BC,50.02806091308594,-120.11833190917967,130.0,,0
08LG021,REY CREEK NEAR MAMETTE LAKE,BC,50.36000061035156,-120.79556274414062,64.80000305175781,,0
08LG022,STUMPLAKE CREEK NEAR STUMP LAKE,BC,50.38750076293945,-120.24832916259766,38.900001525878906,,0
08LG023,CHARTRAND CREEK NEAR SAVONA,BC,50.54167175292969,-120.79167175292967,25.899999618530277,,0
08LG024,CHARTRAND CREEK DIVERSION TO TUNKWA LAKE,BC,50.59999847412109,-120.85832977294922,,,0
08LG025,HOWARTH CREEK NEAR MERRITT,BC,50.00971984863281,-120.74166870117188,13.0,,0
08LG026,HOWARTH CREEK (WEST FORK) NEAR MERRITT,BC,50.00138854980469,-120.75694274902344,3.890000104904175,,0
08LG027,KWINSHATIN CREEK NEAR MERRITT,BC,50.02360916137695,-120.83332824707033,18.899999618530277,,0
08LG028,NICOLA RIVER AT OUTLET OF DOUGLAS LAKE,BC,50.13988876342773,-120.28363800048828,1300.0,,0
08LG029,MOORE CREEK AT THE MOUTH,BC,50.25611114501953,-120.45333099365234,181.0,,0
08LG030,STUMPLAKE CREEK NEAR QUILCHENA,BC,50.2488899230957,-120.45221710205078,306.0,,0
08LG031,MAMIT LAKE NEAR MERRITT,BC,50.36333084106445,-120.80889129638672,,,0
08LG032,GUICHON CREEK BELOW QUENVILLE CREEK,BC,50.41527938842773,-120.8125,800.0,,0
08LG033,QUENVILLE CREEK NEAR MERRITT,BC,50.41999816894531,-120.80583190917967,41.400001525878906,,0
08LG034,PENNASK LAKE NEAR QUILCHENA,BC,49.99861145019531,-120.1449966430664,,,0
08LG035,DANISH CREEK NEAR MERRITT,BC,50.3236083984375,-120.81527709960938,3.109999895095825,,0
08LG036,MELLIN CREEK NEAR DOUGLAS LAKE,BC,50.14305877685547,-120.11083221435548,58.0,,0
08LG041,GUICHON CREEK AT OUTLET OF MAMIT LAKE,BC,50.36111068725586,-120.8099365234375,871.0,,0
08LG042,STUMPLAKE CREEK (NORTH FORK) NEAR QUILCHENA,BC,50.39167022705078,-120.1750030517578,,,0
08LG043,NICOLA POWER CANAL AT NICOLA,BC,50.16360855102539,-120.66583251953124,,,0
08LG044,STUMPLAKE CREEK (BELOW FORKS) NEAR QUILCHENA,BC,50.3861083984375,-120.1916732788086,44.5,,0
08LG046,NICOLA LAKE NEAR QUILCHENA,BC,50.158390045166016,-120.5251007080078,,,0
08LG047,NICOLA RIVER NEAR LOWER NICOLA,BC,50.13888931274414,-120.93888854980467,,,0
08LG048,COLDWATER RIVER NEAR BROOKMERE,BC,49.85644912719727,-120.9094467163086,316.0,,0
08LG049,NICOLA RIVER ABOVE NICOLA LAKE,BC,50.182559967041016,-120.37510681152344,1500.0,,0
08LG051,AXE CREEK AT LOT 781,BC,50.53443908691406,-120.86833190917967,26.200000762939453,,0
08LG052,MELBA CREEK ABOVE WALLOPER CREEK,BC,50.48611068725586,-120.5561065673828,14.199999809265137,,0
08LG053,WALLOPER CREEK ABOVE WALLOPER LAKE,BC,50.48556137084961,-120.54444122314452,19.399999618530277,,0
08LG054,SKEIKUT CREEK ABOVE INTAKE,BC,50.324440002441406,-121.22860717773438,24.100000381469727,,0
08LG055,BETHSAIDA CREEK ABOVE HIGHLAND VALLEY ROAD,BC,50.47999954223633,-121.03333282470705,15.5,,0
08LG056,GUICHON CREEK ABOVE TUNKWA LAKE DIVERSION,BC,50.60783004760742,-120.91085815429688,78.19999694824219,,1
08LG057,MIDDAY CREEK ABOVE DIVERSIONS,BC,50.00582885742188,-120.9816665649414,34.400001525878906,,0
08LG058,MIDDAY CREEK NEAR THE MOUTH,BC,49.97777938842773,-120.94000244140624,87.5,,0
08LG059,MIDDAY CREEK ABOVE 800 M CONTOUR,BC,49.99639129638672,-120.9847183227539,44.0,,0
08LG060,SPAHOMIN CREEK NEAR THE MOUTH,BC,50.13555908203125,-120.2750015258789,241.0,,0
08LG062,STUMPLAKE CREEK BELOW DIVERSION,BC,50.38471984863281,-120.20249938964844,,,0
08LG063,SALT LAKE CREEK ABOVE NICOLA LAKE,BC,50.274169921875,-120.4116668701172,,,0
08LG064,BEAK CREEK AT THE MOUTH,BC,50.11111068725586,-119.98249816894533,85.0,,0
08LG065,NICOLA RIVER AT OUTLET OF NICOLA LAKE,BC,50.162139892578125,-120.66876220703124,2960.0,,0
08LG066,CHATAWAY CREEK NEAR THE MOUTH,BC,50.33110809326172,-120.92305755615234,32.20000076293945,,0
08LG067,GUICHON CREEK AT THE MOUTH,BC,50.14588165283203,-120.88227081298828,1230.0,,0
08LG068,SPIUS CREEK BELOW SILVER CREEK,BC,49.95027160644531,-121.09644317626952,178.0,,0
08LG069,DOUGLAS LAKE AT SPAXOMIN,BC,50.14324951171875,-120.27957153320312,,,0
08LG070,NICOLA RIVER SOUTH OF SHACKAN,BC,50.24781036376953,-121.1115493774414,6630.60009765625,,0
08MA001,CHILKO RIVER NEAR REDSTONE,BC,52.06975173950195,-123.53949737548828,6880.0,,0
08MA002,CHILKO RIVER AT OUTLET OF CHILKO LAKE,BC,51.62485885620117,-124.1433563232422,2130.0,,1
08MA003,TASEKO RIVER AT OUTLET OF TASEKO LAKES,BC,51.37900161743164,-123.63121795654295,1520.0,,0
08MA006,LINGFIELD CREEK NEAR THE MOUTH,BC,51.673858642578125,-124.1453094482422,98.8000030517578,,1
08MA007,BIDWELL CREEK AT THE MOUTH,BC,51.921669006347656,-123.82611083984376,144.0,,0
08MB001,BAMBRICK CREEK NEAR BIG CREEK,BC,51.67499923706055,-123.15277862548828,,,0
08MB002,ANAHIM CREEK NEAR ALEXIS CREEK,BC,52.03166961669922,-123.1852798461914,686.0,,0
08MB003,CHILCOTIN RIVER NEAR REDSTONE,BC,52.09333038330078,-123.52916717529295,6220.0,,0
08MB004,CHILANKO RIVER NEAR REDSTONE,BC,52.125,-123.6916732788086,1790.0,,0
08MB005,CHILCOTIN RIVER BELOW BIG CREEK,BC,51.847938537597656,-122.65477752685548,19200.0,,0
08MB006,BIG CREEK ABOVE GROUNDHOG CREEK,BC,51.52368927001953,-123.11589050292967,1010.0,,1
08MB007,BIG CREEK BELOW GRAVEYARD CREEK,BC,51.25397109985352,-123.10449981689452,232.0,,0
08MB008,FARWELL CREEK NEAR THE MOUTH,BC,51.827781677246094,-122.5722198486328,154.0,,0
08MB009,GROUNDHOG CREEK ABOVE BIG CREEK,BC,51.5230598449707,-123.11666870117188,246.0,,0
08MB010,CHILCOTIN RIVER ABOVE CLUSKO RIVER,BC,52.42610931396485,-124.15249633789062,1490.0,,0
08MB011,PUNTZI CREEK ABOVE PUNTZI LAKE,BC,52.20806121826172,-124.06832885742188,508.0,,0
08MB012,CHILCOTIN RIVER NEAR HANCEVILLE,BC,51.92060852050781,-123.0808334350586,,,0
08MC001,BORLAND CREEK NEAR 150 MILE HOUSE,BC,52.10832977294922,-121.9124984741211,,,0
08MC002,VALLEY CREEK NEAR 150 MILE HOUSE,BC,52.11943817138672,-121.9124984741211,,,0
08MC003,HAWKS CREEK NEAR OCHILTREE,BC,52.23332977294922,-121.77916717529295,,,0
08MC004,CHIMNEY CREEK NEAR WILLIAMS LAKE,BC,52.03889083862305,-122.05194091796876,,,0
08MC005,WILLIAMS LAKE RIVER AT OUTLET OF WILLIAMS LAKE,BC,52.12194061279297,-122.13999938964844,2240.0,,0
08MC006,SAN JOSE RIVER NEAR LAC LA HACHE,BC,51.875,-121.66889190673828,,,0
08MC007,ROCK CREEK NEAR 100 MILE HOUSE,BC,51.70582962036133,-121.42333221435548,,,0
08MC008,ONE HUNDRED AND ELEVEN MILE CREEK NEAR 100 MILE HOUSE,BC,51.7894401550293,-121.4499969482422,,,0
08MC009,LAC LA HACHE NEAR LAC LA HACHE,BC,51.848331451416016,-121.5869369506836,,,0
08MC011,TINGLEY CREEK NEAR CASTLE ROCK,BC,52.50556182861328,-122.445556640625,,,0
08MC012,HAWKS CREEK NEAR WILLIAMS LAKE,BC,52.220829010009766,-121.8375015258789,110.0,,0
08MC013,HAWKS CREEK NEAR SODA CREEK,BC,52.265281677246094,-122.12889099121094,445.0,,0
08MC014,KNIFE CREEK AT 141 MILE HOUSE,BC,52.011940002441406,-121.8652801513672,,,0
08MC016,ROSE LAKE NEAR OCHILTREE,BC,52.2388916015625,-121.7597198486328,,,0
08MC017,MELDRUM CREEK NEAR MELDRUM CREEK,BC,52.12055969238281,-122.34610748291016,267.0,,0
08MC018,FRASER RIVER NEAR MARGUERITE,BC,52.53028106689453,-122.44432830810548,114000.0,,0
08MC019,JONES CREEK NEAR 150 MILE HOUSE,BC,52.077781677246094,-121.91806030273438,92.6999969482422,,0
08MC022,FORBES CREEK NEAR LAC LA HACHE,BC,51.84999847412109,-121.5875015258789,,,0
08MC023,WILLIAMS LAKE NEAR WILLIAMS LAKE,BC,52.12194061279297,-122.10916900634766,,,0
08MC024,HAWKS CREEK ABOVE LYNE CREEK,BC,52.27861022949219,-122.1508331298828,456.0,,0
08MC025,MISSIONER CREEK BELOW RESERVOIR LAKE,BC,52.17110824584961,-122.10166931152344,31.100000381469727,,0
08MC026,PABLO CREEK BELOW WESTWICK LAKE,BC,52.00611114501953,-122.17305755615234,,,0
08MC027,FIVE MILE CREEK BELOW CARIBOO BILL LAKE,BC,52.17472076416016,-121.95443725585938,,,0
08MC028,BORLAND CREEK ABOVE EAGLE MEADOWS DAM,BC,52.09167098999024,-121.80555725097656,4.920000076293945,,0
08MC029,WEETMAN CREEK BELOW STORAGE DAM,BC,52.10443878173828,-122.10417175292967,,,0
08MC030,SODA CREEK NEAR THE MOUTH,BC,52.34027862548828,-122.26667022705078,54.900001525878906,,0
08MC031,ROBERTS SPRING OVERFLOW NEAR WILLIAMS LAKE,BC,52.10583114624024,-122.04167175292967,,,0
08MC032,MCLEESE CREEK BELOW DUCKWORTH LAKE,BC,52.3627815246582,-122.27306365966795,151.0,,0
08MC033,WEETMAN CREEK ABOVE STORAGE DAM,BC,52.102500915527344,-122.1116714477539,,,0
08MC035,TINGLEY CREEK AT LOT 9494,BC,52.47499847412109,-122.5263900756836,105.0,,0
08MC036,CHIMNEY CREEK AT DOG CREEK ROAD,BC,52.05833053588867,-122.1116714477539,,,0
08MC037,BORLAND CREEK BELOW WISE CREEK,BC,52.11222076416016,-121.90471649169922,,,0
08MC038,KNIFE CREEK BELOW OUTLET OF SQUAWK LAKE,BC,52.00333023071289,-121.6555633544922,,,0
08MC039,BORLAND CREEK BELOW VALLEY CREEK,BC,52.11471939086914,-121.93721771240234,185.1999969482422,,0
08MC040,SAN JOSE RIVER ABOVE BORLAND CREEK,BC,52.07707977294922,-121.99188995361328,1990.0,,0
08MC041,FORBES CREEK NEAR THE MOUTH,BC,51.872501373291016,-121.58805847167967,,,0
08MC042,VALLEY CREEK AT THE MOUTH,BC,52.1150016784668,-121.9330596923828,,,0
08MC043,MELDRUM CREEK BELOW MCTAGGART LAKE,BC,52.15277862548828,-122.55638885498048,82.69999694824219,,0
08MC044,COLDSPRING CREEK NEAR 950 M CONTOUR,BC,52.0263900756836,-121.68611145019533,,,0
08MC045,SHERIDAN CREEK ABOVE MCLEESE LAKE,BC,52.42625045776367,-122.29463958740234,99.0,,0
08MC046,SQUAWK LAKE NEAR 141 MILE HOUSE,BC,52.03778076171875,-121.60360717773438,81.4000015258789,,0
08MC047,KNIFE CREEK ABOVE DIVERSIONS,BC,52.0,-121.6630630493164,,,0
08MC049,BORLAND CREEK ABOVE VALLEY CREEK,BC,52.11050033569336,-121.9305191040039,120.0999984741211,,0
08MD001,FOUNTAIN CREEK NEAR LILLOOET,BC,50.720829010009766,-121.8597183227539,51.79999923706055,,0
08MD002,PAVILION CREEK NEAR PAVILION (LOWER STATION),BC,50.89305877685547,-121.7972183227539,207.0,,0
08MD003,PORCUPINE CREEK NEAR CLINTON,BC,51.04138946533203,-121.79444122314452,,,0
08MD004,GILLON CREEK NEAR PAVILION,BC,50.93193817138672,-121.8166732788086,13.0,,0
08MD005,MILKRANCH CREEK NEAR PAVILION,BC,50.921669006347656,-121.76693725585938,5.179999828338623,,0
08MD006,CLARK CREEK NEAR PAVILION,BC,50.92055892944336,-121.76222229003906,5.179999828338623,,0
08MD007,PAVILION CREEK NEAR PAVILION LAKE,BC,50.90972137451172,-121.7347183227539,51.79999923706055,,0
08MD008,CANOE CREEK NEAR GANG RANCH,BC,51.43333053588867,-122.0722198486328,267.0,,0
08MD009,DOG CREEK NEAR DOG CREEK,BC,51.61333084106445,-122.06443786621094,570.0,,0
08MD010,GASPARD CREEK AT GANG RANCH,BC,51.5605583190918,-122.36360931396484,,,0
08MD011,BIG BAR CREEK NEAR JESMOND,BC,51.25917053222656,-121.99082946777344,,,0
08MD012,CHURN CREEK NEAR GANG RANCH,BC,51.519439697265625,-122.2861099243164,979.0,,0
08MD013,FRASER RIVER AT BIG BAR CREEK,BC,51.18367004394531,-122.132080078125,146000.0,,0
08MD014,PAVILION LAKE NEAR PAVILION,BC,50.87083053588867,-121.7388916015625,,,0
08MD016,PAVILION CREEK AT OUTLET OF PAVILION LAKE,BC,50.88888931274414,-121.7611083984375,106.0,,0
08MD017,PAVILION CREEK ABOVE PAVILION LAKE,BC,50.89167022705078,-121.7611083984375,45.79999923706055,,0
08MD018,FRENCH BAR CREEK NEAR BIG BAR CREEK,BC,51.23332977294922,-122.17056274414062,,,0
08MD019,KOSTERING CREEK NEAR JESMOND,BC,51.1349983215332,-121.9069366455078,,,0
08MD020,KIRKPATRICK CREEK NEAR ALKALI LAKE,BC,51.78472137451172,-122.21778106689452,,,0
08MD023,LEE CREEK NEAR PAVILION,BC,50.834720611572266,-121.89582824707033,36.79999923706055,,0
08MD024,SLOK CREEK NEAR PAVILION,BC,50.86111068725586,-121.90277862548828,,,0
08MD025,MCKAY CREEK NEAR PAVILION,BC,50.91249847412109,-121.90416717529295,,,0
08MD026,FOUNTAIN CREEK ABOVE KWOTLENEMO LAKE,BC,50.67277908325195,-121.80110931396484,29.799999237060547,,0
08MD027,BIG BAR CREEK BELOW KOSTERING CREEK,BC,51.223609924316406,-122.0688934326172,440.0,,0
08MD028,PAVILION CREEK ABOVE DIVERSIONS,BC,50.9113883972168,-121.71778106689452,37.09999847412109,,0
08MD029,BLACKHILL CREEK NEAR PAVILION,BC,50.80221939086914,-121.89527893066406,13.800000190734863,,0
08MD030,RUSTY CREEK NEAR THE MOUTH,BC,50.69610977172852,-121.81221771240234,10.899999618530272,,0
08MD031,GASPARD LAKE ABOVE OUTLET,BC,51.477500915527344,-122.74472045898438,,,0
08MD032,GASPARD CREEK BELOW OUTLET OF GASPARD LAKE,BC,51.478328704833984,-122.74472045898438,,,0
08MD033,LEE CREEK ABOVE DIVERSIONS,BC,50.83528137207031,-121.9013900756836,36.29999923706055,,0
08MD034,FAIRLESS CREEK BELOW BORIN CREEK,BC,51.36888885498047,-122.61083221435548,,,0
08MD035,DASH CREEK ABOVE CHURN CREEK,BC,51.24491882324219,-122.92169189453124,,,0
08ME001,BRIDGE RIVER NEAR SHALALTH,BC,50.78749847412109,-122.2249984741211,3650.0,,0
08ME002,CAYOOSH CREEK NEAR LILLOOET,BC,50.66931915283203,-121.96533966064452,885.0,,0
08ME003,SETON RIVER NEAR LILLOOET,BC,50.67110824584961,-121.9695281982422,1020.0,,0
08ME004,BRIDGE RIVER AT LAJOIE FALLS,BC,50.837501525878906,-122.8566665649414,956.0,,0
08ME005,BRIDGE RIVER NEAR GOLD BRIDGE,BC,50.85110855102539,-122.84583282470705,1650.0,,0
08ME006,GUN CREEK NEAR MINTO CITY,BC,50.89500045776367,-122.77333068847656,570.0,,0
08ME007,TYAUGHTON CREEK NEAR BRIDGE RIVER,BC,50.89860916137695,-122.6138916015625,759.0,,0
08ME011,HURLEY RIVER NEAR BRALORNE,BC,50.76805877685547,-122.85694122314452,368.0,,0
08ME012,DICKEY CREEK NEAR LILLOOET,BC,50.73611068725586,-121.9416732788086,14.800000190734863,,0
08ME013,TOWN CREEK AT LILLOOET,BC,50.68888854980469,-121.9527816772461,13.5,,0
08ME014,BRIDGE RIVER BELOW TYAUGHTON CREEK,BC,50.890281677246094,-122.625,3190.0,,0
08ME015,PORTAGE RIVER NEAR SETON LAKE P.O.,BC,50.702781677246094,-122.3000030517578,728.0,,0
08ME016,PETERS CREEK NEAR SHALALTH,BC,50.723609924316406,-122.24443817138672,,,0
08ME017,SETON LAKE NEAR SHALALTH,BC,50.72777938842773,-122.23332977294922,,,0
08ME018,SETON RIVER BELOW CAYOOSH CREEK,BC,50.67221832275391,-121.95693969726562,1660.0,,0
08ME019,FRASER RIVER AT LILLOOET,BC,50.709720611572266,-121.9124984741211,,,0
08ME022,GATES RIVER BELOW HAYLMORE CREEK,BC,50.54360961914063,-122.49166870117188,326.0,,0
08ME023,BRIDGE RIVER (SOUTH BRANCH) BELOW BRIDGE GLACIER,BC,50.85622024536133,-123.45327758789062,144.0,,0
08ME024,MOON CREEK ABOVE DIVERSIONS,BC,50.76250076293945,-122.02471923828124,11.100000381469728,,0
08ME025,YALAKOM RIVER ABOVE ORE CREEK,BC,50.9126091003418,-122.23931121826172,581.0,,0
08ME026,JUNCTION CREEK NEAR LILLOOET,BC,50.9605598449707,-122.3036117553711,86.4000015258789,,0
08ME027,HURLEY RIVER BELOW LONE GOAT CREEK,BC,50.73088836669922,-122.9420166015625,312.0,,0
08ME028,BRIDGE RIVER ABOVE DOWNTON LAKE,BC,50.82093811035156,-123.2034912109375,708.0,,1
08ME029,BRIDGE RIVER BELOW LAJOIE DAM,BC,50.845401763916016,-122.84940338134766,,,0
08ME030,GUN CREEK ABOVE CARPENTER LAKE,BC,50.91352844238281,-122.92510986328124,,,0
08MF001,ANDERSON RIVER NEAR BOSTON BAR,BC,49.84000015258789,-121.42832946777344,492.0,,0
08MF002,BOULDER CREEK NEAR LAIDLAW,BC,49.25083160400391,-121.60221862792967,29.799999237060547,,0
08MF003,COQUIHALLA RIVER NEAR HOPE,BC,49.37527847290039,-121.41944122314452,741.0,,0
08MF004,FRASER RIVER ABOVE THOMPSON RIVER,BC,50.2480583190918,-121.58917236328124,154000.0,,0
08MF005,FRASER RIVER AT HOPE,BC,49.38595962524414,-121.45423889160156,217000.0,,0
08MF006,WAHLEACH CREEK NEAR LAIDLAW (UPPER STATION),BC,49.25056076049805,-121.60443878173828,64.80000305175781,,0
08MF007,NAHATLATCH RIVER AT OUTLET OF FRANCES LAKE,BC,50.00917053222656,-121.64639282226562,777.0,,0
08MF008,NAHATLATCH RIVER NEAR KEEFERS,BC,50.00667190551758,-121.61499786376952,1040.0,,0
08MF009,SILVERHOPE CREEK NEAR HOPE,BC,49.363059997558594,-121.46916961669922,350.0,,0
08MF011,STEIN RIVER NEAR LYTTON,BC,50.2841682434082,-121.63333129882812,1050.0,,0
08MF012,NICOLUM CREEK NEAR HOPE,BC,49.334171295166016,-121.29694366455078,77.69999694824219,,0
08MF013,LALUWISSIN CREEK NEAR LYTTON,BC,50.4658317565918,-121.6755599975586,73.0,,0
08MF014,RILEY CREEK NEAR LILLOOET,BC,50.58443832397461,-121.86721801757812,19.200000762939453,,0
08MF015,TEXAS CREEK NEAR LILLOOET,BC,50.56111145019531,-121.82917022705078,163.0,,0
08MF016,MCGILLIVRAY CREEK NEAR LILLOOET,BC,50.49861145019531,-121.695556640625,47.400001525878906,,0
08MF017,FRASER RIVER BELOW SETON RIVER,BC,50.67778015136719,-121.9222183227539,,,0
08MF018,ELK CREEK NEAR ROSEDALE,BC,49.13861083984375,-121.83110809326172,11.100000381469728,,0
08MF020,CINQUEFOIL CREEK NEAR LILLOOET,BC,50.56306076049805,-121.76721954345705,57.0,,0
08MF021,IZMAN CREEK NEAR LYTTON,BC,50.383888244628906,-121.65306091308594,15.5,,0
08MF022,LOCHORE CREEK NEAR LILLOOET,BC,50.53889083862305,-121.7388916015625,13.0,,0
08MF023,CINQUEFOIL DIVERSION TO LOCHORE CREEK,BC,50.53889083862305,-121.74166870117188,,,0
08MF027,COPELAND SPRINGS NEAR LILLOOET,BC,50.661109924316406,-121.9263916015625,10.399999618530272,,0
08MF028,FRASER RIVER AT CATHMAR (ABOVE HELLS GATE),BC,49.7852783203125,-121.44972229003906,,,0
08MF030,EMORY CREEK NEAR CHOATE,BC,49.50917053222656,-121.42056274414062,65.30000305175781,,0
08MF031,YALE CREEK AT YALE,BC,49.56417083740234,-121.42472076416016,37.29999923706055,,0
08MF032,AMERICAN CREEK NEAR HOPE,BC,49.43111038208008,-121.43639373779295,32.400001525878906,,0
08MF033,AINSLIE CREEK NEAR BOSTON BAR,BC,49.95610809326172,-121.45361328125,148.0,,0
08MF034,WAHLEACH CREEK NEAR LAIDLAW (LOWER STATION),BC,49.31306076049805,-121.62555694580078,114.0,,0
08MF035,FRASER RIVER NEAR AGASSIZ,BC,49.20368957519531,-121.7758331298828,218000.0,,0
08MF036,HOPE SLOUGH NEAR ROSEDALE,BC,49.1752815246582,-121.85443878173828,,,0
08MF037,WAHLEACH CREEK NEAR LAIDLAW (MIDDLE STATION),BC,49.25056076049805,-121.60443878173828,88.30000305175781,,0
08MF038,FRASER RIVER AT CANNOR,BC,49.14397811889648,-122.0708465576172,,,0
08MF039,ONE AND ONE QUARTER MILE CREEK NEAR BOSTON BAR,BC,49.87221908569336,-121.43888854980467,,,0
08MF040,FRASER RIVER ABOVE TEXAS CREEK,BC,50.61367034912109,-121.85343933105467,154000.0,,0
08MF047,FRASER RIVER AT WAHLEACH POWER HOUSE,BC,49.23749923706055,-121.6833267211914,,,0
08MF048,ELK CREEK AT PRAIRIE CENTRAL ROAD,BC,49.14611053466797,-121.83332824707033,11.899999618530272,,0
08MF049,ANNIS DITCH NEAR ROSEDALE,BC,49.15861129760742,-121.8263931274414,,,0
08MF052,MARIA SLOUGH NEAR AGASSIZ,BC,49.24721908569336,-121.73194122314452,,,0
08MF054,MOUNTAIN SLOUGH NEAR AGASSIZ,BC,49.25416946411133,-121.84722137451172,,,0
08MF059,WILSON SLOUGH NEAR SARDIS,BC,49.14083099365234,-122.0380630493164,,,0
08MF061,CHILLIWACK CREEK NEAR CHILLIWACK,BC,49.1513900756836,-121.9486083984375,,,0
08MF062,COQUIHALLA RIVER BELOW NEEDLE CREEK,BC,49.54188919067383,-121.1199722290039,85.5,,1
08MF063,LYTTON CREEK AT LYTTON,BC,50.21667098999024,-121.5513916015625,,,0
08MF064,FRASER RIVER NEAR CHILLIWACK,BC,49.19889068603516,-121.9513931274414,,,0
08MF065,NAHATLATCH RIVER BELOW TACHEWANA CREEK,BC,49.953861236572266,-121.86286926269533,712.0,,1
08MF066,CINQUEFOIL CREEK ABOVE DIVERSIONS,BC,50.63444137573242,-121.77027893066406,,,0
08MF067,KOPP CREEK ABOVE MENZ CREEK,BC,49.38417053222656,-121.39111328125,,,0
08MF068,COQUIHALLA RIVER ABOVE ALEXANDER CREEK,BC,49.36846160888672,-121.38449096679688,720.0,,0
08MF071,BOULDER CREEK NEAR THE MOUTH,BC,49.249168395996094,-121.5999984741211,,,0
08MF072,FRASER RIVER AT LAIDLAW,BC,49.31769180297852,-121.62928009033205,,,0
08MF073,FRASER RIVER AT HARRISON MILLS,BC,49.21805953979492,-121.94712829589844,,,0
08MF074,FRASER RIVER ABOVE HERRLING ISLAND,BC,49.26499938964844,-121.68128204345705,,,0
08MF075,FRASER RIVER AT LOWER KENT,BC,49.2264404296875,-121.90608215332033,,,0
08MF076,FRASER RIVER ABOVE HUNTER CREEK,BC,49.36064147949219,-121.5691909790039,,,0
08MG001,CHEHALIS RIVER NEAR HARRISON MILLS,BC,49.30002975463867,-121.9377670288086,383.0,,1
08MG003,GREEN RIVER NEAR PEMBERTON,BC,50.28194046020508,-122.85138702392578,855.0,,0
08MG004,GREEN RIVER NEAR RAINBOW,BC,50.17082977294922,-122.91667175292967,195.0,,0
08MG005,LILLOOET RIVER NEAR PEMBERTON,BC,50.33602142333984,-122.8002471923828,2100.0,,1
08MG006,RUTHERFORD CREEK NEAR PEMBERTON,BC,50.26667022705078,-122.87222290039062,179.0,,0
08MG007,SOO RIVER NEAR PEMBERTON,BC,50.22499847412109,-122.88333129882812,283.0,,0
08MG008,BIRKENHEAD RIVER AT MOUNT CURRIE,BC,50.3388900756836,-122.727783203125,596.0,,0
08MG009,WEAVER CREEK NEAR HARRISON HOT SPRINGS,BC,49.32110977172852,-121.88111114501952,42.20000076293945,,0
08MG010,WEAVER CREEK NEAR HARRISON HOT SPRINGS (UPPER STATION),BC,49.33000183105469,-121.87389373779295,,,0
08MG012,HARRISON LAKE NEAR HARRISON HOT SPRINGS,BC,49.30926132202149,-121.7737274169922,,,0
08MG013,HARRISON RIVER NEAR HARRISON HOT SPRINGS,BC,49.300418853759766,-121.82964324951172,7890.0,,0
08MG014,HARRISON RIVER AT HARRISON MILLS,BC,49.234649658203125,-121.95931243896484,,,0
08MG017,MIAMI CREEK NEAR HARRISON HOT SPRINGS (LOWER STATION),BC,49.28055953979492,-121.78333282470705,,,0
08MG018,MIAMI CREEK NEAR AGASSIZ (UPPER STATION),BC,49.25971984863281,-121.790283203125,,,0
08MG019,PLACE CREEK NEAR BIRKEN,BC,50.43611145019531,-122.61083221435548,7.25,,0
08MG020,LILLOOET LAKE NEAR PEMBERTON,BC,50.240360260009766,-122.48113250732422,,,0
08MG021,TWENTYONE MILE CREEK AT 670 M CONTOUR,BC,50.13056182861328,-122.9861068725586,28.200000762939453,,0
08MG022,HARRISON RIVER BELOW MORRIS CREEK,BC,49.28501129150391,-121.9041976928711,7950.0,,0
08MG023,CHEHALIS RIVER BELOW STATLU CREEK,BC,49.32971954345703,-121.97528076171876,357.0,,0
08MG025,PEMBERTON CREEK NEAR PEMBERTON,BC,50.3155403137207,-122.80464935302734,32.400001525878906,,0
08MG026,FITZSIMMONS CREEK BELOW BLACKCOMB CREEK,BC,50.1202507019043,-122.94880676269533,89.69999694824219,,0
08MG027,LILLOOET RIVER AT TENAS NARROWS,BC,50.09159851074219,-122.53656005859376,,,0
08MG028,RYAN RIVER NEAR PEMBERTON MEADOWS,BC,50.39933013916016,-122.89582824707033,416.0,,0
08MH001,CHILLIWACK RIVER AT VEDDER CROSSING,BC,49.09738159179688,-121.9674835205078,1230.0,,1
08MH002,COQUITLAM RIVER AT PORT COQUITLAM,BC,49.26523971557617,-122.78150177001952,238.0,,0
08MH003,MUNRO CREEK NEAR PORT COQUITLAM,BC,49.32917022705078,-122.6750030517578,20.700000762939453,,0
08MH004,OR CREEK NEAR PORT COQUITLAM,BC,49.35417175292969,-122.75694274902344,19.200000762939453,,0
08MH005,ALOUETTE RIVER NEAR HANEY,BC,49.23899841308594,-122.57975006103516,233.0,,0
08MH006,"NORTH ALOUETTE RIVER AT 232ND STREET, MAPLE RIDGE",BC,49.24264907836914,-122.5801773071289,37.29999923706055,,1
08MH008,GURNEY CREEK NEAR PORT COQUITLAM,BC,49.48332977294922,-122.53443908691406,38.900001525878906,,0
08MH009,RUSHTON CREEK NEAR THE MOUTH,BC,49.39500045776367,-122.5319366455078,,,0
08MH010,WIDGEON CREEK NEAR PORT COQUITLAM,BC,49.38417053222656,-122.63443756103516,50.79999923706055,,0
08MH011,STAVE RIVER AT STAVE FALLS,BC,49.22943878173828,-122.3550033569336,1140.0,,0
08MH012,SWELTZER RIVER NEAR SARDIS,BC,49.0897216796875,-121.96028137207033,90.6999969482422,,0
08MH014,ALOUETTE RIVER AT OUTLET OF ALOUETTE LAKE,BC,49.28667068481445,-122.4866714477539,,,0
08MH016,CHILLIWACK RIVER AT OUTLET OF CHILLIWACK LAKE,BC,49.08364868164063,-121.45844268798828,335.0,,1
08MH017,PITT RIVER NEAR ALVIN,BC,49.66389083862305,-122.68611145019533,515.0,,0
08MH018,MAHOOD CREEK NEAR NEWTON,BC,49.15610885620117,-122.8419418334961,18.399999618530277,,0
08MH019,SPRING CREEK NEAR NEWTON,BC,49.1511116027832,-122.83556365966795,1.0399999618530271,,0
08MH020,MAHOOD CREEK NEAR SULLIVAN,BC,49.14527893066406,-122.7994384765625,34.400001525878906,,0
08MH021,BRUNETTE RIVER NEAR BUENA VISTA,BC,49.249168395996094,-122.91278076171876,,,0
08MH022,DEER CREEK AT BURNABY LAKE,BC,49.24055862426758,-122.96360778808594,13.0,,0
08MH024,FRASER RIVER AT MISSION,BC,49.12773895263672,-122.30294036865234,228000.0,,0
08MH026,BRUNETTE RIVER AT SAPPERTON,BC,49.24388885498047,-122.89861297607422,68.5999984741211,,0
08MH028,FRASER RIVER AT STEVESTON,BC,49.12451934814453,-123.19219970703124,,,0
08MH029,SUMAS RIVER NEAR HUNTINGDON,BC,49.00249099731445,-122.2322998046875,144.0,,0
08MH031,MILLER SLOUGH NEAR SARDIS,BC,49.12749862670898,-122.08389282226562,,,0
08MH032,NORTH ARM FRASER RIVER AT VANCOUVER,BC,49.205360412597656,-123.08863830566406,,,0
08MH033,SWELTZER RIVER AT CULTUS LAKE,BC,49.077781677246094,-121.977783203125,65.0,,0
08MH035,PITT RIVER NEAR PORT COQUITLAM,BC,49.24480819702149,-122.73406982421876,1640.0,,0
08MH037,TAMIHI CREEK NEAR VEDDER CROSSING,BC,49.070831298828125,-121.83999633789062,,,0
08MH044,FRASER RIVER AT WHONOCK,BC,49.17229843139648,-122.4754409790039,,,0
08MH045,BOUCHIER CREEK NEAR HATZIC,BC,49.21332931518555,-122.2541732788086,1.1399999856948853,,0
08MH046,BURNABY LAKE AT PIPER AVENUE,BC,49.24222183227539,-122.93389129638672,,,0
08MH047,VEDDER RIVER NEAR YARROW,BC,49.09167098999024,-122.0361099243164,,,0
08MH049,CLAYBURN CREEK NEAR CLAYBURN (UPPER STATION),BC,49.08277893066406,-122.2522201538086,,,0
08MH050,NICOMEKL RIVER AT 192ND STREET,BC,49.095829010009766,-122.6897201538086,99.5,,0
08MH051,WILLBAND CREEK AT ABBOTSFORD,BC,49.04582977294922,-122.2972183227539,,,0
08MH053,FRASER RIVER AT DEAS ISLAND TUNNEL,BC,49.124210357666016,-123.07695770263672,,,0
08MH055,CHILLIWACK RIVER BELOW SLESSE CREEK,BC,49.081668853759766,-121.7205581665039,860.0,,0
08MH056,SLESSE CREEK NEAR VEDDER CROSSING,BC,49.071720123291016,-121.6997528076172,160.0,,0
08MH058,NORRISH CREEK NEAR DEWDNEY,BC,49.19028091430664,-122.15917205810548,117.0,,0
08MH059,CAMPBELL RIVER NEAR WHITE ROCK,BC,49.01583099365234,-122.7227783203125,63.70000076293945,,0
08MH060,SERPENTINE RIVER NEAR PORT KELLS,BC,49.17306137084961,-122.75556182861328,13.0,,0
08MH061,STILL CREEK AT BURNABY,BC,49.2622184753418,-123.01361083984376,,,0
08MH068,"CLAYBURN CREEK AT CLAYBURN ROAD, MATSQUI",BC,49.081939697265625,-122.2772216796875,37.0,,0
08MH069,DEER LAKE NEAR NORTH BURNABY,BC,49.23611068725586,-122.96527862548828,,,0
08MH070,DEROCHE CREEK AT DEROCHE,BC,49.18611145019531,-122.0749969482422,,,0
08MH071,FRASER RIVER AT HATZIC LAKE PUMPHOUSE,BC,49.14611053466797,-122.24639129638672,,,0
08MH072,FROSST CREEK NEAR LINDELL BEACH,BC,49.03388977050781,-122.0250015258789,36.29999923706055,,0
08MH073,GIFFORD SLOUGH NEAR MATSQUI,BC,49.08361053466797,-122.31610870361328,,,0
08MH074,HATZIC LAKE NEAR HATZIC,BC,49.17082977294922,-122.24443817138672,,,0
08MH075,HATZIC LAKE AT PUMPHOUSE,BC,49.144439697265625,-122.23332977294922,,,0
08MH076,KANAKA CREEK NEAR WEBSTER CORNERS,BC,49.20708847045898,-122.53661346435548,47.70000076293945,45.59999847412109,0
08MH077,KENWORTHY CREEK NEAR HATZIC,BC,49.1986083984375,-122.25833129882812,4.920000076293945,,0
08MH079,LONZO CREEK (NORTH FORK) NEAR KILGARD,BC,49.05778121948242,-122.195556640625,,,0
08MH080,LONZO CREEK NEAR ABBOTSFORD,BC,49.02917098999024,-122.2619400024414,,,0
08MH081,MCGILLIVRAY SLOUGH NEAR YARROW,BC,49.12778091430664,-122.04444122314452,,,0
08MH082,MCLENNAN CREEK NEAR MOUNT LEHMAN,BC,49.086669921875,-122.3638916015625,9.06999969482422,,0
08MH083,MATSQUI SLOUGH AT MATSQUI,BC,49.10971832275391,-122.29167175292967,,,0
08MH084,NATHAN CREEK NEAR GLEN VALLEY,BC,49.13444137573242,-122.47083282470705,,,0
08MH085,NICOMEN SLOUGH AT DEROCHE,BC,49.18611145019531,-122.06806182861328,,,0
08MH086,NICOMEN SLOUGH AT DEWDNEY,BC,49.16305923461914,-122.19306182861328,,,0
08MH088,SAAR CREEK NEAR UPPER SUMAS,BC,49.01721954345703,-122.1883316040039,,,0
08MH089,SALMON RIVER AT SEAL KAP FARMS,BC,49.14250183105469,-122.60028076171876,,,0
08MH090,"SALMON RIVER AT 72 AVENUE, LANGLEY",BC,49.13354110717773,-122.59642791748048,48.900001525878906,,0
08MH091,SILVERDALE CREEK NEAR MISSION,BC,49.14833068847656,-122.33721923828124,17.100000381469727,,0
08MH092,SMILING CREEK NEAR PORT COQUITLAM,BC,49.28889083862305,-122.74250030517578,,,0
08MH093,SUMAS RIVER AT ATKINSON ROAD,BC,49.06333160400391,-122.17082977294922,,,0
08MH094,SUMAS RIVER NEAR YARROW,BC,49.11582946777344,-122.1111068725586,,,0
08MH095,UNNAMED CREEK NEAR HATZIC,BC,49.21805953979492,-122.25055694580078,,,0
08MH096,UNNAMED CREEK NEAR KILGARD,BC,49.04861068725586,-122.22332763671876,,,0
08MH097,YORKSON CREEK NEAR WALNUT GROVE,BC,49.17721939086914,-122.6513900756836,5.960000038146973,,0
08MH098,WEST CREEK NEAR FORT LANGLEY,BC,49.14767074584961,-122.53186798095705,11.399999618530272,,0
08MH099,WHONOCK CREEK NEAR WHONOCK,BC,49.17499923706055,-122.4552764892578,,,0
08MH100,WHONOCK LAKE NEAR WEBSTER CORNERS,BC,49.21667098999024,-122.44805908203124,,,0
08MH103,CHILLIWACK RIVER ABOVE SLESSE CREEK,BC,49.10171890258789,-121.66300201416016,650.0,,0
08MH104,ANDERSON CREEK AT THE MOUTH,BC,49.09278106689453,-122.68277740478516,27.200000762939453,,0
08MH105,NICOMEKL RIVER BELOW MURRAY CREEK,BC,49.10055923461914,-122.64556121826172,64.5,,0
08MH107,MURRAY CREEK NEAR MURRAYVILLE,BC,49.0897216796875,-122.6361083984375,,,0
08MH108,JACOBS CREEK ABOVE JACOBS LAKE,BC,49.31888961791992,-122.54694366455078,12.199999809265137,,0
08MH112,DEER LAKE BROOK AT BURNABY,BC,49.24250030517578,-122.9625015258789,,,0
08MH117,STONEY CREEK NEAR BURNABY,BC,49.25,-122.90750122070312,,,0
08MH123,CAMPBELL RIVER ABOVE SAM HILL CREEK,BC,49.024169921875,-122.71778106689452,,,0
08MH125,JACOBS LAKE NEAR HANEY,BC,49.30971908569336,-122.54805755615234,,,0
08MH126,FRASER RIVER AT PORT MANN PUMPING STATION,BC,49.21780014038086,-122.8246612548828,232000.0,,0
08MH129,"MURRAY CREEK AT 216 STREET, LANGLEY",BC,49.0724983215332,-122.6241683959961,26.200000762939453,,0
08MH130,SUMAS RIVER NEAR B.C. HYDRO RAILWAY BRIDGE,BC,49.01583099365234,-122.21556091308594,,,0
08MH131,SUMAS RIVER ABOVE PUMPHOUSE,BC,49.11444091796875,-122.11083221435548,,,0
08MH133,SUMAS RIVER AT MCDERMOT ROAD,BC,49.0755615234375,-122.16221618652344,,,0
08MH134,"UNNAMED CREEK AT 114 AVENUE, WHALLEY",BC,49.209720611572266,-122.85193634033205,,,0
08MH138,HAIRSINE CREEK NEAR THE MOUTH,BC,49.19055938720703,-122.375,,,0
08MH139,HYDE CREEK AT DE BOVILLE SLOUGH,BC,49.283329010009766,-122.7366714477539,,,0
08MH141,COQUITLAM RIVER ABOVE COQUITLAM LAKE,BC,49.48794174194336,-122.79251098632812,52.5,,0
08MH145,DOWNES CREEK NEAR CLEARBROOK,BC,49.0747184753418,-122.3255615234375,,,0
08MH146,RICHMOND LANDFILL OUTFALL,BC,49.16249847412109,-123.04444122314452,,,0
08MH147,STAVE RIVER ABOVE STAVE LAKE,BC,49.556190490722656,-122.32306671142578,290.0,,0
08MH148,ALOUETTE LAKE FOREBAY,BC,49.2872200012207,-122.48444366455078,,,0
08MH149,COQUITLAM LAKE FOREBAY,BC,49.35573959350586,-122.7791976928711,,,0
08MH150,NORRISH CREEK ABOVE ROSE CREEK,BC,49.23971939086914,-122.1272201538086,78.19999694824219,,0
08MH151,RICHMOND LANDFILL OUTFALL SITE 2,BC,49.1480598449707,-123.04582977294922,,,0
08MH152,BERTRAND CREEK AT INTERNATIONAL BOUNDARY,BC,49.00239181518555,-122.52339935302734,46.59999847412109,,0
08MH153,FISHTRAP CREEK AT INTERNATIONAL BOUNDARY,BC,49.0023307800293,-122.4069595336914,19.0,,0
08MH154,"MAHOOD CREEK AT 144 STREET, SURREY",BC,49.14611053466797,-122.82193756103516,,,0
08MH155,"NICOMEKL RIVER AT 203 STREET, LANGLEY",BC,49.095699310302734,-122.66008758544922,70.0,,0
08MH156,PEPIN CREEK AT INTERNATIONAL BOUNDARY,BC,49.00368118286133,-122.47187042236328,12.199999809265137,,0
08MH157,LIUMCHEN CREEK NEAR THE MOUTH,BC,49.077781677246094,-121.91722106933594,54.400001525878906,,0
08MH163,FOLEY CREEK ABOVE FOLEY LAKE,BC,49.15277862548828,-121.53861236572266,,,0
08MH166,CEDAR CREEK ABOVE THE MOUTH,BC,49.38098907470703,-122.77684783935548,,,0
08MH167,HAYWARD LAKE ABOVE RUSKIN DAM,BC,49.19791030883789,-122.4073715209961,,,0
08MH168,OR CREEK NEAR COQUITLAM,BC,49.363868713378906,-122.73465728759766,,,0
08NA001,BUGABOO CREEK NEAR SPILLIMACHEEN,BC,50.877220153808594,-116.37832641601562,381.0,,0
08NA002,COLUMBIA RIVER AT NICHOLSON,BC,51.243560791015625,-116.91293334960938,6660.0,,0
08NA004,COLUMBIA RIVER AT ATHALMER,BC,50.51556015014648,-116.01889038085938,1340.0,,0
08NA005,HORSETHIEF CREEK NEAR WILMER,BC,50.57332992553711,-116.0955581665039,606.0,,0
08NA006,KICKING HORSE RIVER AT GOLDEN,BC,51.30118179321289,-116.9720687866211,1850.0,,0
08NA007,KICKING HORSE RIVER NEAR FIELD,BC,51.41833114624024,-116.44000244140624,344.0,,0
08NA008,KICKING HORSE RIVER AT NO. 2 TUNNEL,BC,51.43278121948242,-116.39861297607422,126.0,,0
08NA009,FORSTER CREEK NEAR WILMER,BC,50.58832931518555,-116.1291732788086,508.0,,0
08NA010,OTTERTAIL RIVER NEAR FIELD,BC,51.332218170166016,-116.54972076416016,233.0,,0
08NA011,SPILLIMACHEEN RIVER NEAR SPILLIMACHEEN,BC,50.90435028076172,-116.40682220458984,1460.0,,0
08NA012,TOBY CREEK NEAR ATHALMER,BC,50.51082992553711,-116.04360961914062,684.0,,0
08NA014,DUTCH CREEK NEAR FAIRMONT HOT SPRINGS,BC,50.31193923950195,-115.89749908447266,686.0,,0
08NA015,FIELD SPRING (NO. 1) NEAR FIELD,BC,51.397499084472656,-116.47693634033205,,,0
08NA016,FIELD SPRING (NO. 2) NEAR FIELD,BC,51.397499084472656,-116.47693634033205,,,0
08NA017,FIELD SPRING (NO. 3) NEAR FIELD,BC,51.397499084472656,-116.47693634033205,,,0
08NA018,SINCLAIR CREEK AT RADIUM HOT SPRINGS,BC,50.62916946411133,-116.06722259521484,94.3000030517578,,0
08NA019,SHUSWAP CREEK NEAR ATHALMER,BC,50.53499984741211,-115.9633331298828,41.20000076293945,,0
08NA020,STODDART CREEK NEAR ATHALMER,BC,50.56832885742188,-115.99138641357422,21.200000762939453,,0
08NA021,LUXOR CREEK NEAR BRISCO,BC,50.75944137573242,-116.19000244140624,87.0999984741211,,0
08NA022,KINDERSLEY CREEK NEAR BRISCO,BC,50.76166915893555,-116.05249786376952,,,0
08NA023,FRALING CREEK NEAR SPILLIMACHEEN,BC,50.901668548583984,-116.336669921875,31.600000381469727,,0
08NA024,WINDERMERE CREEK NEAR WINDERMERE,BC,50.484169006347656,-115.93389129638672,84.19999694824219,,0
08NA025,MALLARD CREEK NEAR PARSON,BC,51.09471893310547,-116.68028259277344,6.989999771118164,,0
08NA026,GOLDIE CREEK NEAR INVERMERE,BC,50.46971893310547,-116.0494384765625,32.900001525878906,,0
08NA028,QUINN CREEK NEAR CASTLEDALE,BC,51.04222106933594,-116.54055786132812,6.480000019073486,,0
08NA029,BIRCHLANDS CREEK NEAR GOLDEN,BC,51.15888977050781,-116.7925033569336,16.600000381469727,,0
08NA030,COOLSPRING CREEK NEAR FAIRMONT HOT SPRINGS,BC,50.33528137207031,-115.8499984741211,8.550000190734863,,0
08NA031,WARM SPRINGS CREEK NEAR FAIRMONT,BC,50.32917022705078,-115.8375015258789,10.100000381469728,,0
08NA034,WARM SPRINGS CREEK NEAR FAIRMONT (UPPER STATION),BC,50.32917022705078,-115.8375015258789,,,0
08NA035,WARM SPRINGS CREEK NEAR FAIRMONT (LOWER STATION),BC,50.32917022705078,-115.8375015258789,,,0
08NA036,BEARD CREEK NEAR PARSON,BC,51.06528091430664,-116.57694244384766,9.579999923706056,,0
08NA037,CARBONATE CREEK NEAR MCMURDO,BC,51.14305877685547,-116.7397232055664,8.029999732971191,,0
08NA038,HOGRANCH CREEK AT PARSON,BC,51.06888961791992,-116.63417053222656,13.199999809265137,,0
08NA039,MACAULAY CREEK NEAR EDGEWATER,BC,50.69721984863281,-116.08611297607422,9.84000015258789,,0
08NA041,HORSE CREEK NEAR GOLDEN,BC,51.22027969360352,-116.86222076416016,22.799999237060547,,0
08NA042,MCCREADY CREEK NEAR BRISCO,BC,50.78971862792969,-116.2125015258789,2.8499999046325684,,0
08NA043,EAST SPRING CREEK NEAR WINDERMERE,BC,50.45193862915039,-115.9633331298828,,,0
08NA045,COLUMBIA RIVER NEAR FAIRMONT HOT SPRINGS,BC,50.3236083984375,-115.8625030517578,891.0,,0
08NA046,SOLES CREEK NEAR GALENA,BC,50.957218170166016,-116.40721893310548,9.06999969482422,,0
08NA047,CEDARED CREEK NEAR SPILLIMACHEEN,BC,50.93471908569336,-116.38443756103516,13.699999809265137,,0
08NA048,HATCH CREEK NEAR SPILLIMACHEEN,BC,50.97499847412109,-116.4277801513672,12.199999809265137,,0
08NA049,TEMPLETON RIVER NEAR BRISCO,BC,50.834999084472656,-116.31832885742188,170.0,,0
08NA050,SIXTY TWO MILE CREEK NEAR EDGEWATER,BC,50.70000076293945,-116.11666870117188,10.600000381469728,,0
08NA051,FRANCES CREEK NEAR WILMER,BC,50.69166946411133,-116.26583099365234,225.0,,0
08NA052,COLUMBIA RIVER NEAR EDGEWATER,BC,50.73278045654297,-116.19444274902344,3550.0,,0
08NA053,KICKING HORSE RIVER BELOW SHERBROOKE CREEK,BC,51.43693923950195,-116.37444305419922,119.0,,0
08NA054,SUNLIGHT CREEK NEAR INVERMERE,BC,50.47027969360352,-116.0944366455078,2.5899999141693115,,0
08NA055,GOLDIE CREEK (SOUTH FORK) NEAR INVERMERE,BC,50.46028137207031,-116.09610748291016,17.600000381469727,,0
08NA056,DRY GULCH CREEK NEAR RADIUM JUNCTION,BC,50.58694076538086,-116.03333282470705,4.400000095367432,,0
08NA057,WILMER CREEK NEAR WILMER,BC,50.54639053344727,-116.09832763671876,6.730000019073486,,0
08NA058,HOTSPRING CREEK NEAR FAIRMONT HOT SPRINGS,BC,50.32833099365234,-115.83917236328124,10.399999618530272,,0
08NA060,BRUCE CREEK NEAR WILMER,BC,50.56222152709961,-116.2411117553711,80.80000305175781,,0
08NA061,UNNAMED CREEK NEAR MCMURDO,BC,51.11555862426758,-116.7147216796875,11.100000381469728,,0
08NA062,MARION CREEK NEAR CANAL FLATS,BC,50.212501525878906,-115.88555908203124,0.36000001430511475,,0
08NA063,MARION CREEK (WEST FORK) NEAR CANAL FLATS,BC,50.21194076538086,-115.8861083984375,9.06999969482422,,0
08NA067,BOWER CREEK NEAR THE MOUTH,BC,51.19778060913086,-116.8499984741211,,,0
08NA068,PAGLIARO CREEK NEAR GOLDEN,BC,51.19778060913086,-116.85305786132812,4.400000095367432,,0
08NB001,BLAEBERRY RIVER NEAR GOLDEN,BC,51.42388916015625,-117.04055786132812,738.0,,0
08NB002,HOSPITAL CREEK NEAR GOLDEN,BC,51.3236083984375,-116.95916748046876,54.09999847412109,,0
08NB003,BEAVER RIVER NEAR ROGERS,BC,51.48722076416016,-117.49082946777344,1140.0,,0
08NB004,EDELWEISS CREEK NEAR GOLDEN,BC,51.32500076293945,-116.9736099243164,,,0
08NB005,COLUMBIA RIVER AT DONALD,BC,51.48329925537109,-117.18038940429688,9700.0,,1
08NB006,COLUMBIA RIVER AT SURPRISE RAPIDS,BC,51.77138900756836,-117.6866683959961,14000.0,,0
08NB009,HOSPITAL CREEK NORTH FORK NEAR GOLDEN,BC,51.34138870239258,-116.94972229003906,25.100000381469727,,0
08NB010,HOSPITAL CREEK ABOVE HOSPITAL CREEK NORTH FORK,BC,51.32971954345703,-116.95777893066406,21.5,,0
08NB011,COLUMBIA RIVER AT BIG BEND HIGHWAY CROSSING,BC,52.11471939086914,-118.4244384765625,16800.0,,0
08NB012,BLAEBERRY RIVER ABOVE WILLOWBANK CREEK,BC,51.48249816894531,-116.9693603515625,587.0,,0
08NB013,GOLD RIVER ABOVE BACHELOR CREEK,BC,51.613059997558594,-117.7411117553711,135.0,,0
08NB014,GOLD RIVER ABOVE PALMER CREEK,BC,51.6779899597168,-117.71849822998048,429.0,,0
08NB015,BLAEBERRY RIVER BELOW ENSIGN CREEK,BC,51.65472030639648,-116.74250030517578,230.0,,0
08NB016,SPLIT CREEK AT THE MOUTH,BC,51.5265007019043,-116.8989028930664,80.5,,0
08NB017,KINBASKET LAKE BELOW GARRETT CREEK,BC,51.89067077636719,-117.91207885742188,,,0
08NB018,CONNAUGHT CREEK ABOVE DIVERSION,BC,51.30556106567383,-117.51667022705078,11.899999618530272,,0
08NB019,BEAVER RIVER NEAR THE MOUTH,BC,51.509090423583984,-117.46530151367188,1150.0,,0
08NB020,NORDIC CREEK AT THE OUTLET OF NORDIC GLACIER,BC,51.44881057739258,-117.6939697265625,7.489999771118164,,0
08NB021,BEAVER RIVER ABOVE CUPOLA CREEK,BC,51.48780822753906,-117.49160766601562,950.0,,0
08NC001,WOOD RIVER NEAR DONALD,BC,52.1522216796875,-118.4044418334961,956.0,,0
08NC002,CANOE RIVER NEAR DONALD,BC,52.18917083740234,-118.45333099365234,3290.0,,0
08NC003,CANOE RIVER NEAR VALEMOUNT,BC,52.76667022705078,-119.2616729736328,368.0,,0
08NC004,CANOE RIVER BELOW KIMMEL CREEK,BC,52.73152923583984,-119.38485717773438,305.0,,1
08NC005,CAMP CREEK AT HIGHWAY NO. 5,BC,52.73360824584961,-119.26721954345705,,,0
08ND001,AKOLKOLEX RIVER NEAR REVELSTOKE,BC,50.824440002441406,-118.02889251708984,394.0,,0
08ND002,COLUMBIA RIVER AT REVELSTOKE,BC,51.008060455322266,-118.21916961669922,26700.0,,0
08ND003,ILLECILLEWAET RIVER NEAR REVELSTOKE,BC,50.9858283996582,-118.18167114257812,1230.0,,0
08ND004,JORDAN RIVER NEAR REVELSTOKE,BC,51.01443862915039,-118.23777770996094,350.0,,0
08ND005,ILLECILLEWAET RIVER NEAR GLACIER,BC,51.26639175415039,-117.5177764892578,53.400001525878906,,0
08ND006,COLUMBIA RIVER AT TWELVE MILE FERRY,BC,50.85306167602539,-118.1066665649414,28500.0,,0
08ND007,COLUMBIA RIVER ABOVE NAGLE CREEK,BC,52.05527877807617,-118.58416748046876,21500.0,,0
08ND009,DOWNIE CREEK NEAR REVELSTOKE,BC,51.4769401550293,-118.4255599975586,655.0,,0
08ND011,COLUMBIA RIVER ABOVE STEAMBOAT RAPIDS,BC,51.04193878173828,-118.21305847167967,26400.0,,0
08ND012,GOLDSTREAM RIVER BELOW OLD CAMP CREEK,BC,51.66878128051758,-118.59619903564452,934.0,,0
08ND013,ILLECILLEWAET RIVER AT GREELEY,BC,51.01263046264648,-118.08513641357422,1150.0,,1
08ND014,JORDAN RIVER ABOVE KIRKUP CREEK,BC,51.04444122314453,-118.26917266845705,272.0,,0
08ND015,MICA CREEK NEAR REVELSTOKE,BC,52.01139068603516,-118.56749725341795,82.4000015258789,,0
08ND016,WEST WOOLSEY CREEK AT SOURCE,BC,51.133888244628906,-118.0361099243164,,,0
08ND017,KINBASKET LAKE AT MICA DAM,BC,52.07806015014648,-118.5616683959961,,,0
08ND018,STITT CREEK AT THE MOUTH,BC,51.65943908691406,-118.10443878173828,139.0,,0
08ND019,KIRBYVILLE CREEK NEAR THE MOUTH,BC,51.63943862915039,-118.67056274414062,112.0,,0
08ND021,GREELEY CREEK ABOVE DIVERSION,BC,51.00600051879883,-118.05699920654295,47.0,,0
08ND022,DOLAN CREEK ABOVE DIVERSIONS,BC,50.9888916015625,-118.2397232055664,,,0
08ND024,GREELEY CREEK NEAR THE MOUTH,BC,51.01721954345703,-118.06111145019533,47.59999847412109,,0
08ND025,REVELSTOKE PROJECT OUTFLOW,BC,51.04444122314453,-118.1972198486328,,,0
08ND026,REVELSTOKE RESERVOIR AT MARTHA CREEK,BC,51.146610260009766,-118.20053100585938,,,0
08NE001,INCOMAPPLEUX RIVER NEAR BEATON,BC,50.77360916137695,-117.67666625976562,1020.0,,0
08NE002,COLUMBIA RIVER AT CASTLEGAR,BC,49.332218170166016,-117.6758270263672,36500.0,,0
08NE003,COLUMBIA RIVER AT TRAIL,BC,49.09389114379883,-117.6977767944336,88100.0,,0
08NE005,CARIBOU CREEK NEAR BURTON CITY,BC,49.9877815246582,-117.89861297607422,531.0,,0
08NE006,KUSKANAX CREEK NEAR NAKUSP,BC,50.28290939331055,-117.73448181152344,330.0,,1
08NE007,NAKUSP CREEK NEAR NAKUSP,BC,50.22888946533203,-117.77249908447266,104.0,,0
08NE008,BEATON CREEK NEAR BEATON,BC,50.73445892333984,-117.7293472290039,96.6999969482422,,0
08NE009,INONOAKLIN CREEK NEAR EDGEWOOD,BC,49.790000915527344,-118.14556121826172,401.0,,0
08NE010,PEND OREILLE RIVER AT INTERNATIONAL BOUNDARY,WA,48.9988899230957,-117.35250091552734,65300.0,,0
08NE011,WENSLEY CREEK NEAR BROUSE,BC,50.21749877929688,-117.72193908691406,18.100000381469727,,0
08NE012,INCOMAPPLEUX RIVER NEAR CAMBORNE,BC,50.80500030517578,-117.6427764892578,930.0,,0
08NE016,FRUITVALE CREEK NEAR FRUITVALE,BC,49.125,-117.56582641601562,5.699999809265137,,0
08NE017,SHEEP CREEK NEAR SALMO,BC,49.14250183105469,-117.25305938720705,134.0,,0
08NE019,HADDEN CREEK NEAR ARROW PARK,BC,50.095829010009766,-117.9472198486328,2.150000095367432,,0
08NE020,SWEETING CREEK NEAR ARROW PARK,BC,50.10472106933594,-117.94611358642578,,,0
08NE021,BROUSE CREEK ABOVE DIVERSIONS,BC,50.25,-117.727783203125,1.0099999904632568,,0
08NE022,BROUSE CREEK NEAR NAKUSP (LOWER STATION),BC,50.234169006347656,-117.75360870361328,6.21999979019165,,0
08NE023,MAUCHLINE CREEK NEAR ARROW PARK,BC,50.081668853759766,-117.9713897705078,0.3400000035762787,,0
08NE024,MCQUARRIE CREEK NEAR TRAIL,BC,49.10417175292969,-117.69805908203124,1.7599999904632568,,0
08NE025,BATH CREEK NEAR FRUITVALE,BC,49.09444046020508,-117.57917022705078,3.630000114440918,,0
08NE026,BROUSE CREEK (WEST FORK) NEAR NAKUSP,BC,50.238059997558594,-117.75611114501952,4.659999847412109,,0
08NE027,FERGUSON CREEK NEAR EDGEWOOD,BC,49.84999847412109,-118.16944122314452,1.919999957084656,,0
08NE028,RENATA CREEK NEAR RENATA,BC,49.42082977294922,-118.10916900634766,195.0,,0
08NE030,MCLEAN CREEK NEAR EDGEWOOD,BC,49.82332992553711,-118.16221618652344,6.989999771118164,,0
08NE031,BLOOMER CREEK NEAR CASTLEGAR,BC,49.31917190551758,-117.67194366455078,,,0
08NE032,MERRY CREEK NEAR CASTLEGAR,BC,49.29639053344727,-117.6758270263672,,,0
08NE033,TOPPING (STONY) CREEK NEAR TRAIL,BC,49.1119384765625,-117.75,20.700000762939453,,0
08NE034,REINECKER CREEK NEAR BURTON,BC,50.0263900756836,-117.9013900756836,3.630000114440918,,0
08NE035,STRAUSS CREEK NEAR NAKUSP,BC,50.23749923706055,-117.75721740722656,,,0
08NE036,YMIR CREEK NEAR YMIR,BC,49.29528045654297,-117.20610809326172,80.0,,0
08NE037,ACTIVE CREEK NEAR YMIR,BC,49.25693893432617,-117.1433334350586,11.399999618530272,,0
08NE038,UPPER ARROW LAKE AT ARROWHEAD,BC,50.692501068115234,-117.89666748046876,,,0
08NE039,BIG SHEEP CREEK NEAR ROSSLAND,BC,49.0146484375,-117.94529724121094,347.0,,0
08NE042,BEAVER CREEK AT FRUITVALE,BC,49.11528015136719,-117.540283203125,196.0,,0
08NE043,BLUEBERRY CREEK AT BLUEBERRY CREEK,BC,49.24139022827149,-117.66443634033205,147.0,,0
08NE044,SALMO RIVER NEAR WANETA,BC,49.03028106689453,-117.37389373779295,1300.0,,0
08NE045,UPPER ARROW LAKE AT NAKUSP,BC,50.23667144775391,-117.80194091796876,,,0
08NE046,LOWER ARROW LAKE AT NEEDLES,BC,49.874168395996094,-118.0930633544922,,,0
08NE047,GILLIAM CREEK NEAR ERIE,BC,49.18056106567383,-117.33416748046876,4.139999866485596,,0
08NE048,HALFWAY CREEK NEAR SALMO,BC,49.17221832275391,-117.25499725341795,7.25,,0
08NE049,COLUMBIA RIVER AT BIRCHBANK,BC,49.17784118652344,-117.7176513671875,87400.0,,0
08NE050,PIN CREEK NEAR FAUQUIER,BC,49.88750076293945,-118.05555725097656,0.8500000238418579,,0
08NE051,HEART CREEK NEAR FAUQUIER,BC,49.85221862792969,-118.054443359375,23.799999237060547,,0
08NE052,FAUQUIER CREEK NEAR FAUQUIER,BC,49.872779846191406,-118.06194305419922,9.84000015258789,,0
08NE053,NUGGET CREEK NEAR SHEEP CREEK,BC,49.1511116027832,-117.1449966430664,9.31999969482422,,0
08NE054,BILLINGS CREEK NEAR SHEEP CREEK,BC,49.144439697265625,-117.147216796875,2.8499999046325684,,0
08NE055,CASINO CREEK NEAR TRAIL,BC,49.0513916015625,-117.6611099243164,0.9100000262260436,,0
08NE056,KELLY CREEK NEAR FRUITVALE (UPPER STATION),BC,49.1127815246582,-117.49082946777344,19.200000762939453,,0
08NE057,KELLY CREEK NEAR FRUITVALE (LOWER STATION),BC,49.10499954223633,-117.5527801513672,61.400001525878906,,0
08NE058,COLUMBIA RIVER AT INTERNATIONAL BOUNDARY,WA,49.00083160400391,-117.62832641601562,156000.0,,0
08NE060,BANGOR BROOK NEAR ROSSLAND,BC,49.07305908203125,-117.77555847167967,,,0
08NE061,ANDREAS SPRING NEAR TRAIL,BC,49.1391716003418,-117.7436065673828,,,0
08NE062,BALFOUR CREEK NEAR ROBSON,BC,49.34722137451172,-117.7316665649414,10.600000381469728,,0
08NE063,WHATSHAN RIVER AT NEEDLES,BC,49.87083053588867,-118.10360717773438,609.0,,0
08NE064,BARCLAY CREEK NEAR FRUITVALE,BC,49.08943939208984,-117.55638885498048,2.490000009536743,,0
08NE065,CREGGAN CREEK NEAR NELWAY,BC,49.0111083984375,-117.2744369506836,2.119999885559082,,0
08NE066,ELDORADO CREEK NEAR NELWAY,BC,49.016109466552734,-117.2772216796875,7.769999980926514,,0
08NE067,WALKER CREEK NEAR ROBSON,BC,49.34722137451172,-117.74832916259766,0.6700000166893005,,0
08NE068,UPPER ARROW LAKE AT BEATON,BC,50.7400016784668,-117.73249816894533,,,0
08NE069,ALLISON BROOK NEAR BRILLIANT,BC,49.41167068481445,-117.68472290039062,,,0
08NE070,LANG CREEK NEAR BRILLIANT,BC,49.4122200012207,-117.68778228759766,1.1399999856948853,,0
08NE071,KELLY CREEK NEAR FRUITVALE,BC,49.10499954223633,-117.51917266845705,31.299999237060547,,0
08NE072,NORNS CREEK NEAR CASTLEGAR,BC,49.3477783203125,-117.66806030273438,194.0,,0
08NE073,BLUEBERRY CREEK NEAR BLUEBERRY CREEK,BC,49.25556182861328,-117.68055725097656,145.0,,0
08NE074,SALMO RIVER NEAR SALMO,BC,49.04713821411133,-117.2942886352539,1240.0,,0
08NE075,SULLIVAN CREEK NEAR TRAIL,BC,49.19221878051758,-117.7300033569336,11.699999809265137,,0
08NE076,MERRY CREEK NEAR KINNAIRD,BC,49.29444122314453,-117.6602783203125,3.630000114440918,,0
08NE077,BARNES CREEK NEAR NEEDLES,BC,49.905181884765625,-118.12547302246094,204.0,,0
08NE078,WHATSHAN RIVER NEAR NEEDLES,BC,49.9122200012207,-118.12332916259766,396.0,,0
08NE080,HANNA CREEK NEAR TRAIL,BC,49.13582992553711,-117.79138946533205,25.0,,0
08NE082,CAYUSE CREEK NEAR DEER PARK,BC,49.40694046020508,-117.9888916015625,51.29999923706055,,0
08NE083,LITTLE CAYUSE CREEK NEAR DEER PARK,BC,49.411109924316406,-118.0,24.600000381469727,,0
08NE085,SYRINGA CREEK NEAR SYRINGA CREEK,BC,49.34444046020508,-117.8708267211914,21.5,,0
08NE086,GIBSON CREEK NEAR BRILLIANT,BC,49.36528015136719,-117.65833282470705,2.0199999809265137,,0
08NE087,DEER CREEK AT DEER PARK,BC,49.44847106933594,-118.04199981689452,81.5999984741211,,0
08NE088,CHINA CREEK NEAR CHINA CREEK,BC,49.22777938842773,-117.6916732788086,28.5,,0
08NE089,PETERSON BROOK NEAR BLUEBERRY CREEK,BC,49.23749923706055,-117.67278289794922,,,0
08NE090,BEAR CREEK NEAR TRAIL,BC,49.0988883972168,-117.63555908203124,40.70000076293945,,0
08NE091,IRON CREEK NEAR BRILLIANT,BC,49.28472137451172,-117.60556030273438,7.769999980926514,,0
08NE092,OOTISCHENIA CREEK NEAR BRILLIANT,BC,49.293060302734375,-117.60556030273438,0.5199999809265137,,0
08NE094,CAI CREEK NEAR BRILLIANT,BC,49.26721954345703,-117.6241683959961,2.8499999046325684,,0
08NE095,CHAMPION CREEK NEAR CHINA CREEK,BC,49.21916961669922,-117.64888763427734,67.9000015258789,,0
08NE096,BEAR CREEK ABOVE FALLS NEAR TRAIL,BC,49.10166931152344,-117.63111114501952,40.09999847412109,,0
08NE097,PARKS CREEK AT PARKS,BC,49.168060302734375,-117.4888916015625,5.440000057220459,,0
08NE098,COLUMBIA RIVER AT CASTLEGAR (AUXILIARY GAUGE NO. 1),BC,49.31917190551758,-117.65193939208984,,,0
08NE099,MICHAEL CREEK NEAR CASTLEGAR,BC,49.38582992553711,-117.69027709960938,1.3700000047683716,,0
08NE100,BARRIE CREEK NEAR CASTLEGAR,BC,49.38471984863281,-117.69055938720705,0.9300000071525574,,0
08NE101,HALFWAY CREEK (WEST FORK OF WENSLEY CREEK) NEAR NAKUSP,BC,50.25278091430664,-117.70333099365234,2.069999933242798,,0
08NE102,ARROW RESERVOIR AT FAUQUIER,BC,49.87205123901367,-118.0816879272461,,,0
08NE103,ARROW RESERVOIR AT HUGH KEENLEYSIDE DAM,BC,49.33832931518555,-117.77056121826172,,,0
08NE104,ARROW RESERVOIR AT NAKUSP,BC,50.2374382019043,-117.7978515625,,,0
08NE105,COLUMBIA RIVER AT HUGH KEENLEYSIDE DAM TAILRACE,BC,49.3388900756836,-117.76416778564452,,,0
08NE106,BEAVER CREEK AT THE MOUTH,BC,49.06943893432617,-117.600830078125,267.0,,0
08NE107,ARROW RESERVOIR AT SHELTER BAY,BC,50.62778091430664,-117.94444274902344,,,0
08NE108,EDGREN CREEK AT THE MOUTH,BC,49.01721954345703,-117.72222137451172,3.890000104904175,,0
08NE109,STUSSI CREEK AT THE MOUTH,BC,49.02333068847656,-117.71861267089844,1.2999999523162842,,0
08NE110,INONOAKLIN CREEK ABOVE VALLEY CREEK,BC,49.896949768066406,-118.1898422241211,298.0,,0
08NE111,LITTLE SHEEP CREEK NEAR ROSSLAND,BC,49.098331451416016,-117.8277816772461,1.2699999809265137,,0
08NE112,RECORD CREEK NEAR ROSSLAND,BC,49.06111145019531,-117.86778259277344,5.440000057220459,,0
08NE113,KELLY CREEK AT 850 M CONTOUR,BC,49.10943984985352,-117.5022201538086,23.100000381469727,,0
08NE114,HIDDEN CREEK NEAR THE MOUTH,BC,49.23453903198242,-117.23916625976562,56.70000076293945,,1
08NE115,APEX CREEK NEAR THE MOUTH,BC,49.40694046020508,-117.2027816772461,21.799999237060547,,0
08NE116,CLEARWATER CREEK BELOW QUA CREEK,BC,49.390281677246094,-117.18888854980467,49.70000076293945,,0
08NE117,KUSKANAX CREEK AT 1040 M CONTOUR,BC,50.34333038330078,-117.51805877685548,113.0,,0
08NE118,"TRAIL CREEK AT FRENCH STREET,TRAIL",BC,49.09638977050781,-117.7347183227539,51.0,,0
08NE119,PEND D'OREILLE RIVER BELOW INTERNATIONAL BOUNDARY,BC,49.01472091674805,-117.36778259277344,,,0
08NE120,HILL CREEK AT MILL ROAD BRIDGE,BC,50.675559997558594,-117.8244400024414,28.200000762939453,,0
08NE121,HILL CREEK NEAR 820 M CONTOUR,BC,50.685279846191406,-117.77306365966795,17.100000381469727,,0
08NE122,MACKENZIE CREEK NEAR 520 M CONTOUR,BC,50.65306091308594,-117.8277816772461,20.700000762939453,,0
08NE123,CRANBERRY CREEK ABOVE B.C. HYDRO INTAKE,BC,50.79389190673828,-118.08072662353516,99.5999984741211,,0
08NE124,HILL CREEK ABOVE SPAWNING CHANNEL,BC,50.67805862426758,-117.81111145019533,15.100000381469728,,0
08NE125,MACKENZIE CREEK ABOVE FISH AND WILDLIFE DIVERSION,BC,50.65555953979492,-117.81639099121094,,,0
08NE126,ARROW RESERVOIR OUTFLOW,BC,49.3388900756836,-117.76416778564452,,,0
08NE127,INONOAKLIN CREEK NEAR THE MOUTH,BC,49.78110885620117,-118.13777923583984,377.0,,0
08NE128,COURSIER LAKE AT THE DAM,BC,50.706390380859375,-118.11028289794922,,,0
08NE129,TRIDENT CREEK AT NANCY GREENE JUNCTION,BC,49.26361083984375,-117.93277740478516,,,0
08NE130,WHATSHAN RIVER BELOW BARNES CREEK,BC,49.899559020996094,-118.1253890991211,,,0
08NF001,KOOTENAY RIVER AT KOOTENAY CROSSING,BC,50.88703155517578,-116.0460968017578,416.0,,1
08NF002,KOOTENAY RIVER AT CANAL FLATS,BC,50.14778137207031,-115.7991714477539,5390.0,,0
08NF003,WHITE RIVER NEAR CANAL FLATS,BC,50.158329010009766,-115.41667175292967,987.0,,0
08NF004,VERMILION RIVER NEAR RADIUM HOT SPRINGS,BC,50.91667175292969,-116.00138854980467,951.0,,0
08NF005,ALBERT RIVER AT 1310 M CONTOUR,BC,50.65972137451172,-115.52999877929688,69.69999694824219,,0
08NF006,PALLISER RIVER IN LOT SL49,BC,50.5252799987793,-115.61917114257812,653.0,,0
08NG001,FINDLAY CREEK NEAR CANAL FLATS,BC,50.13193893432617,-115.96527862548828,793.0,,0
08NG002,BULL RIVER NEAR WARDNER,BC,49.49362182617188,-115.36583709716795,1520.0,,0
08NG003,MATHER CREEK NEAR THE MOUTH,BC,49.69028091430664,-115.73722076416016,264.0,,0
08NG004,GOLD CREEK NEAR NEWGATE,BC,49.0747184753418,-115.24305725097656,914.0,,0
08NG005,KOOTENAY RIVER AT WARDNER,BC,49.42028045654297,-115.41944122314452,13600.0,,0
08NG006,LINKLATER CREEK NEAR NEWGATE,BC,49.03916931152344,-115.23444366455078,94.0,,0
08NG007,MARK CREEK NEAR MARYSVILLE,BC,49.63750076293945,-115.96056365966795,233.0,,0
08NG008,PHILLIPPS CREEK AT ROOSVILLE,BC,49.025001525878906,-115.01471710205078,59.59999847412109,,0
08NG009,CAITHNESS (ROCK) CREEK NEAR GALLOWAY,BC,49.3224983215332,-115.17694091796876,39.400001525878906,,0
08NG010,SAND CREEK NEAR GALLOWAY,BC,49.36888885498047,-115.24527740478516,135.0,,0
08NG011,LITTLE SAND CREEK NEAR JAFFRAY,BC,49.37778091430664,-115.29083251953124,116.0,,0
08NG012,ST. MARY RIVER AT WYCLIFFE,BC,49.60028076171875,-115.86277770996094,2360.0,,0
08NG013,MUD CREEK NEAR ELKO,BC,49.3255615234375,-115.1755599975586,,,0
08NG014,JOSEPH CREEK NEAR CRANBROOK,BC,49.48611068725586,-115.71111297607422,,,0
08NG015,JOSEPH CREEK AT CRANBROOK,BC,49.5111083984375,-115.7597198486328,,,0
08NG016,LUSSIER CREEK NEAR WASA,BC,49.96028137207031,-115.66944122314452,777.0,,0
08NG017,GOLD CREEK NEAR CRANBROOK,BC,49.39944076538086,-115.62027740478516,95.3000030517578,,0
08NG021,TAMARACK CREEK NEAR SKOOKUMCHUCK,BC,49.93082809448242,-115.79666900634766,,,0
08NG022,FINDLAY CREEK AT THE MOUTH,BC,50.095829010009766,-115.790283203125,886.0,,0
08NG023,PERRY CREEK NEAR WYCLIFFE,BC,49.55332946777344,-115.96499633789062,156.0,,0
08NG024,JIM SMITH CREEK NEAR CRANBROOK,BC,49.48833084106445,-115.8249969482422,,,0
08NG026,TA TA CREEK AT TA TA CREEK,BC,49.77917098999024,-115.790283203125,,,0
08NG027,LAKIT CREEK AT THE UPPER FORKS,BC,49.67832946777344,-115.63861083984376,,,0
08NG028,EIMER CREEK NEAR KIMBERLEY,BC,49.66944122314453,-115.98056030273438,,,0
08NG029,FLAG CREEK NEAR FLAGSTONE,BC,49.125,-115.08999633789062,,,0
08NG030,MAUSE CREEK NEAR FORT STEELE,BC,49.6349983215332,-115.54833221435548,,,0
08NG031,CASSIMAYOOK CREEK NEAR BAKER,BC,49.50749969482422,-115.60221862792967,23.100000381469727,,0
08NG032,WOLF CREEK NEAR TA TA CREEK,BC,49.83805847167969,-115.6722183227539,29.5,,0
08NG033,MARK CREEK NEAR KIMBERLEY,BC,49.69443893432617,-116.01611328125,,,0
08NG034,HAHA CREEK NEAR WARDNER,BC,49.45027923583984,-115.54694366455078,30.799999237060547,,0
08NG035,RED CANYON CREEK NEAR FLAGSTONE,BC,49.14778137207031,-115.09082794189452,,,0
08NG036,MATHER CREEK ABOVE WAIT CREEK,BC,49.675559997558594,-115.78943634033205,,,0
08NG037,ARNOLD CREEK NEAR BAKER,BC,49.48139190673828,-115.59722137451172,,,0
08NG038,ANGUS CREEK NEAR CRANBROOK,BC,49.4858283996582,-115.84806060791016,6.21999979019165,,0
08NG039,KOOTENAI RIVER NEAR REXFORD,MT,48.86666870117188,-115.23332977294922,21800.0,,0
08NG040,MATHER CREEK BELOW LOST DOG CANYON,BC,49.70138931274414,-115.8499984741211,215.0,,0
08NG042,KOOTENAY RIVER AT NEWGATE,BC,49.01443862915039,-115.1741714477539,20000.0,,0
08NG043,GOLD CREEK DIVERSION NEAR CRANBROOK,BC,49.439720153808594,-115.6630630493164,,,0
08NG044,LUSSIER RIVER NEAR CANAL FLATS,BC,50.12667083740234,-115.56500244140624,246.0,,0
08NG045,ARCHIBALD BROOK NEAR KIMBERLEY,BC,49.67778015136719,-115.98194122314452,,,0
08NG046,ST. MARY RIVER NEAR MARYSVILLE,BC,49.60805892944336,-116.16860961914062,1480.0,,0
08NG047,PHILLIPPS CREEK NEAR ROOSVILLE (LOWER STATION),BC,49.00333023071289,-115.05889129638672,120.0,,0
08NG048,PHILLIPPS CREEK NEAR ROOSVILLE (UPPER STATION),BC,49.025001525878906,-115.02777862548828,52.79999923706055,,0
08NG049,LEWIS CREEK NEAR TA TA CREEK,BC,49.81222152709961,-115.62667083740234,,,0
08NG051,SKOOKUMCHUCK CREEK NEAR SKOOKUMCHUCK,BC,49.91167068481445,-115.76750183105467,637.0,,0
08NG052,WILD HORSE RIVER NEAR FORT STEELE,BC,49.619998931884766,-115.61888885498048,201.0,,0
08NG053,KOOTENAY RIVER NEAR SKOOKUMCHUCK,BC,49.91056060791016,-115.73555755615234,7120.0,,0
08NG056,HOULE CREEK NEAR KIMBERLEY,BC,49.73332977294922,-115.93055725097656,,,0
08NG057,KIMBERLEY CREEK NEAR KIMBERLEY,BC,49.69667053222656,-115.9741668701172,14.800000190734863,,0
08NG058,NORBURY CREEK NEAR WARDNER,BC,49.48556137084961,-115.4552764892578,55.900001525878906,,0
08NG059,LAKIT CREEK NEAR FORT STEELE,BC,49.70500183105469,-115.64833068847656,14.800000190734863,,0
08NG060,SAND CREEK NEAR GALLOWAY ABOVE DIVERSION,BC,49.37638854980469,-115.22389221191406,,,0
08NG061,CHIPKA CREEK NEAR WARDNER,BC,49.37971878051758,-115.4499969482422,16.799999237060547,,0
08NG062,LITTLE BULL CREEK NEAR BULL RIVER,BC,49.50667190551758,-115.4477767944336,16.799999237060547,,0
08NG063,NORBURY CREEK AT OUTLET OF NORBURY LAKES,BC,49.53028106689453,-115.47860717773438,,,0
08NG064,SUPPLY CREEK NEAR BULL RIVER,BC,49.47917175292969,-115.32943725585938,,,0
08NG065,KOOTENAY RIVER AT FORT STEELE,BC,49.61203002929688,-115.63533782958984,11500.0,,0
08NG068,JOSEPH CREEK IN LOT SL-1A,BC,49.45111083984375,-115.68778228759766,54.09999847412109,,0
08NG069,GOLD CREEK ABOVE DIVERSION,BC,49.37583160400391,-115.63166809082033,84.69999694824219,,0
08NG070,JOSEPH CREEK IN LOT 5450,BC,49.46889114379883,-115.7052764892578,58.5,,0
08NG071,WAIT CREEK ABOVE BARTHOLOMEW LAKE,BC,49.69388961791992,-115.788330078125,19.399999618530277,,0
08NG072,WAIT CREEK IN LOT 7660,BC,49.6986083984375,-115.79167175292967,14.800000190734863,,0
08NG073,MARK CREEK IN LOT 12434,BC,49.69417190551758,-116.0102767944336,103.0,,0
08NG074,JOSEPH CREEK ABOVE LAGOON OUTFALL,BC,49.54138946533203,-115.74221801757812,,,0
08NG076,MATHER CREEK BELOW HOULE CREEK,BC,49.713661193847656,-115.896728515625,135.0,,0
08NG077,ST. MARY RIVER BELOW MORRIS CREEK,BC,49.73727035522461,-116.43504333496094,208.0,,0
08NG078,CAVEN CREEK BELOW BLOOM CREEK,BC,49.18833160400391,-115.43639373779295,313.0,,0
08NG079,LAKE KOOCANUSA AT INTERNATIONAL BOUNDARY,BC,48.99972152709961,-115.16999816894533,,,0
08NG080,GOLD CREEK DIVERSION CHANNEL NEAR THE MOUTH,BC,49.4486083984375,-115.68250274658205,,,0
08NG082,MILLER CREEK AT HIGHWAY NO. 93,BC,49.05278015136719,-115.06305694580078,,,0
08NG083,MILLER CREEK NEAR 1160 M CONTOUR,BC,49.056671142578125,-115.04444122314452,6.989999771118164,,0
08NG084,LEWIS CREEK AT THE MOUTH,BC,49.76556015014648,-115.72306060791016,76.69999694824219,,0
08NG085,MARK CREEK ABOVE DIVERSIONS,BC,49.69667053222656,-116.02999877929688,102.0,,0
08NG086,MATTHEW CREEK ABOVE DIVERSIONS,BC,49.66056060791016,-116.07028198242188,148.0,,0
08NG087,MARK CREEK AT KIMBERLEY,BC,49.68722152709961,-115.98944091796876,,,0
08NG088,MARK CREEK AT THE MOUTH,BC,49.63056182861328,-115.96111297607422,,,0
08NH001,DUNCAN RIVER NEAR HOWSER,BC,50.285831451416016,-116.945556640625,2160.0,,0
08NH002,FRY CREEK NEAR LARDO,BC,50.057220458984375,-116.86138916015624,,,0
08NH003,GLACIER CREEK NEAR HOWSER,BC,50.28139114379883,-116.92278289794922,282.0,,0
08NH004,GOAT RIVER NEAR ERICKSON,BC,49.089168548583984,-116.45555877685548,1180.0,,0
08NH005,KASLO RIVER BELOW KEMP CREEK,BC,49.90761947631836,-116.9534912109375,442.0,,1
08NH006,MOYIE RIVER AT EASTPORT,ID,48.999168395996094,-116.17971801757812,1480.0,,0
08NH007,LARDEAU RIVER AT MARBLEHEAD,BC,50.26287078857422,-116.96829223632812,1640.0,,0
08NH008,FLOYD CREEK NEAR ERICKSON,BC,49.0625,-116.44583129882812,1.7400000095367432,,0
08NH009,CAMP RUN CREEK NEAR CANYON,BC,49.07944107055664,-116.4250030517578,5.440000057220459,,0
08NH010,HUGGARD CREEK NEAR WYNNDEL,BC,49.20138931274414,-116.52999877929688,2.5899999141693115,,0
08NH011,HUSCROFT CREEK NEAR LISTER,BC,49.01082992553711,-116.44277954101562,,,0
08NH012,WYNNDEL CREEK NEAR CRESTON,BC,49.161109924316406,-116.52777862548828,,,0
08NH013,RYKERT CREEK NEAR LISTER,BC,49.01361083984375,-116.43277740478516,8.029999732971191,,0
08NH014,SULLIVAN CREEK NEAR ERICKSON,BC,49.10110855102539,-116.44277954101562,5.699999809265137,,0
08NH015,WILDS CREEK (SOUTH FORK) NEAR WYNNDEL,BC,49.20832824707031,-116.5666732788086,1.2200000286102295,,0
08NH016,DUCK CREEK NEAR WYNNDEL,BC,49.20262908935547,-116.5339126586914,57.0,,1
08NH018,KOOTENAY LAKE AT PROCTER (GAUGE NO. 24),BC,49.62110900878906,-116.95777893066406,,,0
08NH019,DAVIS CREEK NEAR CRAWFORD BAY,BC,49.70000076293945,-116.8000030517578,,,0
08NH020,MCGREGOR CREEK NEAR CRAWFORD BAY,BC,49.44667053222656,-116.7633285522461,,,0
08NH021,KOOTENAI RIVER AT PORTHILL,ID,49.0,-116.50277709960938,34300.0,,0
08NH024,KOOTENAY LAKE AT KASLO,BC,49.91416931152344,-116.9069366455078,,,0
08NH026,KOOTENAY RIVER AT SLOUGH BRIDGE,BC,49.2611083984375,-116.64778137207033,,,0
08NH028,KOOTENAY RIVER AT CRESTON FERRY,BC,49.084999084472656,-116.57917022705078,,,0
08NH031,KOOTENAI RIVER NEAR COPELAND,ID,48.90499877929688,-116.40193939208984,34700.0,,0
08NH032,BOUNDARY CREEK NEAR PORTHILL,ID,48.99721908569336,-116.56806182861328,242.0,,1
08NH034,MOYIE RIVER AT MOYIE,BC,49.258331298828125,-115.8499984741211,725.0,,0
08NH036,AYLMER CREEK (SOUTH FORK) NEAR QUEENS BAY,BC,49.66667175292969,-116.93888854980467,,,0
08NH037,AYLMER CREEK (NORTH FORK) NEAR QUEENS BAY,BC,49.66667175292969,-116.93611145019533,,,0
08NH038,AYLMER CREEK NEAR QUEENS BAY,BC,49.658329010009766,-116.93055725097656,,,0
08NH039,UNNAMED CREEK NEAR CRESTON,BC,49.109169006347656,-116.50472259521484,,,0
08NH040,ROSS CREEK NEAR QUEENS BAY,BC,49.66056060791016,-116.93556213378906,1.190000057220459,,0
08NH041,MUNN CREEK NEAR AINSWORTH,BC,49.73638916015625,-116.91388702392578,0.800000011920929,,0
08NH042,HOLIDAY CREEK NEAR BOSWELL,BC,49.47888946533203,-116.7563934326172,2.069999933242798,,0
08NH043,ELSIE HOLMES CREEK NEAR WYNNDEL,BC,49.17667007446289,-116.53083038330078,,,0
08NH044,WILDS CREEK (NORTH FORK) NEAR WYNNDEL,BC,49.20832824707031,-116.5666732788086,,,0
08NH045,SIRDAR CREEK AT SIRDAR,BC,49.24388885498047,-116.61943817138672,,,0
08NH046,WING CREEK NEAR KASLO,BC,49.95500183105469,-116.91667175292967,1.4800000190734863,,0
08NH047,ATHOL CREEK NEAR KASLO,BC,49.94778060913086,-116.91221618652344,,,0
08NH048,GOLDSMITH CREEK NEAR KASLO,BC,49.95000076293945,-116.91583251953124,0.9100000262260436,,0
08NH049,BIRKBECK CREEK NEAR GRAY CREEK,BC,49.61027908325195,-116.7699966430664,1.6100000143051147,,0
08NH050,TUNNEL CREEK NEAR WYNNDEL,BC,49.17916870117188,-116.5361099243164,,,0
08NH051,ARGENTA CREEK NEAR ARGENTA,BC,50.16389083862305,-116.90028381347656,5.699999809265137,,0
08NH052,BURDEN CREEK NEAR CRAWFORD BAY,BC,49.67028045654297,-116.8000030517578,3.369999885559082,,0
08NH053,KOOTENAY LAKE NEAR BALFOUR (GAUGE NO. 25),BC,49.630001068115234,-116.94471740722656,,,0
08NH054,KEMP CREEK NEAR KASLO,BC,49.90388870239258,-116.96861267089844,11.899999618530272,,0
08NH056,BOND CREEK NEAR CANYON,BC,49.07917022705078,-116.42694091796876,,,0
08NH057,BJERKNESS CREEK AT MIRROR LAKE,BC,49.87166976928711,-116.91056060791016,25.100000381469727,,0
08NH058,ELMIRA CREEK NEAR YAHK,BC,49.05833053588867,-116.14167022705078,8.029999732971191,,0
08NH059,ELMER CREEK NEAR KINGSGATE,BC,49.03277969360352,-116.16806030273438,15.0,,0
08NH060,KOOTENAY RIVER AT SIX MILE LAKE,BC,49.25278091430664,-116.67806243896484,,,0
08NH061,CROASDAILE CREEK NEAR GRAY CREEK,BC,49.63222122192383,-116.77971649169922,5.440000057220459,,0
08NH062,KOOTENAY RIVER AT KOOTENAY LANDING,BC,49.252220153808594,-116.6830596923828,,,0
08NH063,MARTELL CREEK NEAR SANCA,BC,49.39250183105469,-116.7249984741211,3.890000104904175,,0
08NH064,KOOTENAY LAKE AT QUEENS BAY,BC,49.6540412902832,-116.9303207397461,,,0
08NH065,GRAY CREEK NEAR GRAY CREEK,BC,49.623329162597656,-116.77471923828124,40.09999847412109,,0
08NH066,LARDEAU RIVER AT GERRARD,BC,50.5099983215332,-117.27471923828124,769.0,,0
08NH067,KOOTENAY LAKE AT KUSKONOOK,BC,49.29882049560547,-116.65956115722656,,,0
08NH068,CORN CREEK NEAR CRESTON,BC,49.07917022705078,-116.647216796875,133.0,,0
08NH069,CHINA CUP CREEK NEAR CRESTON,BC,49.04499816894531,-116.5124969482422,,,0
08NH070,HENDRYX CREEK NEAR RIONDEL,BC,49.766109466552734,-116.85111236572266,5.179999828338623,,0
08NH071,MCGREGOR CREEK NEAR BOSWELL,BC,49.456668853759766,-116.75193786621094,3.369999885559082,,0
08NH072,ENGLISH CREEK NEAR CRESTON,BC,49.09722137451172,-116.62249755859376,,,0
08NH073,PETERMAN CREEK NEAR CRESTON,BC,49.0766716003418,-116.602783203125,,,0
08NH074,FLOYD CREEK NEAR CANYON (UPPER STATION),BC,49.060829162597656,-116.4508285522461,12.399999618530272,,0
08NH075,FLOYD CREEK NEAR CANYON (LOWER STATION),BC,49.06222152709961,-116.45555877685548,17.399999618530273,,0
08NH076,CHARLES CREEK NEAR BOSWELL,BC,49.44443893432617,-116.7541732788086,1.4199999570846558,,0
08NH077,SIMMONDS CREEK NEAR CRESTON,BC,49.06583023071289,-116.6111068725586,0.9100000262260436,,0
08NH078,EZEKIEL CREEK NEAR CRESTON,BC,49.06583023071289,-116.60388946533205,15.300000190734863,,0
08NH079,BRIDALVEIL CREEK AT QUEENS BAY,BC,49.64971923828125,-116.9472198486328,2.5899999141693115,,0
08NH080,QUEENS CREEK AT QUEENS BAY,BC,49.64611053466797,-116.95166778564452,2.5899999141693115,,0
08NH081,ORDE CREEK NEAR CANYON,BC,49.06306076049805,-116.4244384765625,2.8499999046325684,,0
08NH082,LISTER CREEK NEAR CANYON,BC,49.05472183227539,-116.4250030517578,1.2400000095367432,,0
08NH083,DUNSFORD CREEK NEAR CANYON,BC,49.0636100769043,-116.4255599975586,7.25,,0
08NH084,ARROW CREEK NEAR ERICKSON,BC,49.15911865234375,-116.4524917602539,78.30000305175781,,1
08NH085,THOMPSON CREEK NEAR KITCHENER,BC,49.13861083984375,-116.3927764892578,8.289999961853027,,0
08NH086,ZIMMER CREEK NEAR CRAWFORD BAY,BC,49.70750045776367,-116.7972183227539,0.4099999964237213,,0
08NH087,PREACHER CREEK NEAR CRAWFORD BAY,BC,49.711669921875,-116.78639221191406,11.100000381469728,,0
08NH089,TROUT LAKE AT TROUT LAKE,BC,50.64527893066406,-117.53500366210938,,,0
08NH090,TROUT LAKE AT GERRARD,BC,50.50944137573242,-117.2786102294922,,,0
08NH091,TROUT LAKE NEAR GERRARD,BC,50.54389190673828,-117.36666870117188,,,0
08NH092,KOOTENAY RIVER AT DUCK SLOUGH (INSIDE DYKE),BC,49.17250061035156,-116.55917358398438,,,0
08NH093,KOOTENAY RIVER AT DUCK SLOUGH (OUTSIDE DYKE),BC,49.17250061035156,-116.55917358398438,,,0
08NH094,KOOTENAY RIVER NEAR CRESTON (WELL NO. 436),BC,49.1502799987793,-116.5986099243164,,,0
08NH095,KOOTENAY RIVER AT GOAT SLOUGH (INSIDE DYKE),BC,49.15610885620117,-116.58805847167967,,,0
08NH096,KOOTENAY RIVER AT GOAT SLOUGH (OUTSIDE DYKE),BC,49.15610885620117,-116.58805847167967,,,0
08NH098,KOOTENAY RIVER (EAST BRANCH) NEAR SIRDAR,BC,49.18693923950195,-116.6272201538086,,,0
08NH099,LA FRANCE CREEK NEAR BOSWELL,BC,49.52917098999024,-116.78166961669922,55.900001525878906,,0
08NH100,SUMMIT CREEK NEAR CRESTON,BC,49.14305877685547,-116.65416717529295,293.0,,0
08NH101,COFFEE CREEK NEAR AINSWORTH,BC,49.69694137573242,-116.91777801513672,87.30000305175781,,0
08NH102,AKOKLI CREEK NEAR BOSWELL,BC,49.42832946777344,-116.74417114257812,50.5,,0
08NH103,MACK CREEK NEAR BOSWELL,BC,49.48611068725586,-116.76917266845705,4.659999847412109,,0
08NH104,CRAWFORD CREEK NEAR CRAWFORD BAY,BC,49.69778060913086,-116.8022232055664,171.0,,0
08NH105,OKELL CREEK NEAR ERICKSON,BC,49.15472030639648,-116.46888732910156,12.699999809265137,,0
08NH106,KITCHENER CREEK NEAR KITCHENER,BC,49.158329010009766,-116.31944274902344,256.0,,0
08NH107,DUCK LAKE NEAR SIRDAR,BC,49.25860977172852,-116.64611053466795,,,0
08NH108,DUNCAN RIVER NEAR ARGENTA,BC,50.25278091430664,-116.94027709960938,2160.0,,0
08NH109,INDIAN CREEK NEAR RIONDEL,BC,49.769718170166016,-116.83139038085938,3.890000104904175,,0
08NH110,DUNCAN LAKE AT HOWSER,BC,50.30416870117188,-116.93888854980467,,,0
08NH111,MOYIE LAKE AT MOYIE,BC,49.29027938842773,-115.83332824707033,,,0
08NH112,CAMP RUN CREEK DIVERSION NEAR CANYON,BC,49.07944107055664,-116.41667175292967,,,0
08NH113,DISTRICT BROOK NEAR CANYON,BC,49.082218170166016,-116.42888641357422,,,0
08NH114,FLOYD CREEK ABOVE ORDE CREEK,BC,49.07527923583984,-116.42888641357422,0.6000000238418579,,0
08NH115,SULLIVAN CREEK NEAR CANYON,BC,49.104270935058594,-116.43675231933594,6.21999979019165,,0
08NH116,GLASER CREEK NEAR CRESTON,BC,49.10667037963867,-116.5152816772461,,,0
08NH117,TWIN BAYS CREEK NEAR KUSKONOOK,BC,49.33694076538086,-116.71111297607422,12.699999809265137,,0
08NH118,DUNCAN RIVER BELOW LARDEAU RIVER,BC,50.23286056518555,-116.95519256591795,4080.0,,0
08NH119,DUNCAN RIVER BELOW B.B. CREEK,BC,50.63750076293945,-117.04802703857422,1310.0,,0
08NH120,MOYIE RIVER ABOVE NEGRO CREEK,BC,49.422149658203125,-115.94129180908205,239.0,,0
08NH121,MCDONALD CREEK NEAR KASLO,BC,49.918060302734375,-116.91999816894533,2.380000114440918,,0
08NH122,PEAVINE CREEK NEAR CRANBROOK,BC,49.45111083984375,-115.73860931396484,13.5,,0
08NH124,MEADOW CREEK ABOVE JOHN CREEK,BC,50.26721954345703,-116.99749755859376,62.70000076293945,,0
08NH125,JOHN CREEK NEAR MEADOW CREEK,BC,50.258888244628906,-116.9991683959961,34.70000076293945,,0
08NH126,DUNCAN RIVER BELOW DUNCAN DAM,BC,50.25138854980469,-116.94750213623048,,,0
08NH127,DUNCAN RESERVOIR AT DUNCAN DAM,BC,50.255409240722656,-116.94856262207033,,,0
08NH128,MEADOW CREEK DIVERSION BELOW JOHN CREEK,BC,50.25416946411133,-116.99749755859376,,,0
08NH129,KOOTENAY RIVER AT NICKS ISLAND,BC,49.11722183227539,-116.57749938964844,,,0
08NH130,FRY CREEK BELOW CARNEY CREEK,BC,50.08200073242188,-116.78485870361328,585.0,,1
08NH131,CARNEY CREEK BELOW PAMBRUN CREEK,BC,50.158329010009766,-116.57527923583984,119.0,,0
08NH132,KEEN CREEK BELOW KYAWATS CREEK,BC,49.87255096435547,-117.12197875976562,92.3000030517578,,0
08NH133,RUSSEL CREEK NEAR THE MOUTH,BC,49.14167022705078,-116.33611297607422,,,0
08NH137,TEETZEL CREEK ABOVE DIVERSIONS,BC,49.0997200012207,-116.64083099365234,6.940000057220459,,0
08NH138,HUMPHRIES CREEK NEAR TROUT LAKE,BC,50.63360977172852,-117.5447235107422,8.84000015258789,,0
08NH139,MOYIE RIVER ABOVE NOKE CREEK,BC,49.39950180053711,-115.9977798461914,192.0,,0
08NJ001,KOOTENAY RIVER AT GLADE,BC,49.40555953979492,-117.5374984741211,49200.0,,0
08NJ002,KOOTENAY RIVER NEAR TAGHUM,BC,49.49332809448242,-117.3847198486328,,,0
08NJ003,CARPENTER CREEK NEAR NEW DENVER,BC,49.99166870117188,-117.35138702392578,168.0,,0
08NJ004,CARPENTER CREEK (SOUTH FORK) AT SANDON,BC,49.97777938842773,-117.23194122314452,50.0,,0
08NJ005,SILVERTON CREEK NEAR SILVERTON (LOWER STATION),BC,49.939720153808594,-117.29222106933594,99.6999969482422,,0
08NJ006,SILVERTON CREEK NEAR SILVERTON (UPPER STATION),BC,49.93333053588867,-117.28028106689452,97.5999984741211,,0
08NJ007,KOOTENAY RIVER NEAR BONNINGTON FALLS,BC,49.46110916137695,-117.4888916015625,45800.0,,0
08NJ008,KOOTENAY RIVER NEAR BONNINGTON POOL,BC,49.45111083984375,-117.5199966430664,,,0
08NJ009,KOOTENAY RIVER AT NELSON,BC,49.50917053222656,-117.2794418334961,45300.0,,0
08NJ010,SAWMILL CREEK NEAR NEW DENVER,BC,50.005279541015625,-117.41722106933594,55.20000076293945,,0
08NJ011,WILSON CREEK NEAR ROSEBERY,BC,50.043060302734375,-117.3861083984375,562.0,,0
08NJ012,VEVEY CREEK NEAR SILVERTON,BC,49.91167068481445,-117.35694122314452,6.21999979019165,,0
08NJ013,SLOCAN RIVER NEAR CRESCENT VALLEY,BC,49.460079193115234,-117.5647964477539,3330.0,,1
08NJ014,SLOCAN RIVER AT SLOCAN CITY,BC,49.768890380859375,-117.47306060791016,1660.0,,0
08NJ015,RICHARDS CREEK NEAR APPLEDALE,BC,49.64860916137695,-117.5472183227539,1.8899999856948853,,0
08NJ016,JEROME CREEK NEAR APPLEDALE,BC,49.65972137451172,-117.5361099243164,2.8499999046325684,,0
08NJ017,PERCY CREEK NEAR APPLEDALE,BC,49.638328552246094,-117.55693817138672,0.699999988079071,,0
08NJ018,FALLS CREEK NEAR SOUTH SLOCAN,BC,49.48527908325195,-117.49333190917967,30.600000381469727,,0
08NJ019,LAIRD CREEK NEAR BALFOUR,BC,49.63639068603516,-117.0041732788086,15.0,,0
08NJ020,NARROWS CREEK NEAR PROCTER,BC,49.605560302734375,-116.98555755615234,22.299999237060547,,0
08NJ021,PROCTER CREEK AT PROCTER,BC,49.61417007446289,-116.95639038085938,7.769999980926514,,0
08NJ022,GREENWOOD CREEK NEAR PROCTER,BC,49.59999847412109,-117.0199966430664,1.8899999856948853,,0
08NJ023,SANDY CREEK NEAR NELSON,BC,49.47888946533203,-117.35694122314452,11.699999809265137,,0
08NJ024,SLATER CREEK NEAR HARROP,BC,49.59999847412109,-117.02916717529295,7.510000228881836,,0
08NJ026,DUHAMEL CREEK ABOVE DIVERSIONS,BC,49.590309143066406,-117.24234771728516,52.900001525878906,,0
08NJ027,HARROP CREEK NEAR HARROP,BC,49.59471893310547,-117.05889129638672,42.20000076293945,,0
08NJ028,FLORENCE CREEK NEAR NEW DENVER,BC,50.008331298828125,-117.31111145019533,1.7400000095367432,,0
08NJ029,SIMPSON CREEK NEAR NEW DENVER,BC,50.00611114501953,-117.31527709960938,1.2200000286102295,,0
08NJ030,EZRA CREEK NEAR THRUMS,BC,49.3497200012207,-117.58917236328124,4.400000095367432,,0
08NJ031,MAIN CREEK NEAR THRUMS,BC,49.348609924316406,-117.5888900756836,,,0
08NJ032,BIRD CREEK NEAR BLEWETT,BC,49.44306182861328,-117.4438934326172,4.139999866485596,,0
08NJ033,CRYSTAL CREEK NEAR NELSON,BC,49.56610870361328,-117.2611083984375,2.2300000190734863,,0
08NJ034,SHANNON CREEK NEAR NELSON,BC,49.55805969238281,-117.2597198486328,4.400000095367432,,0
08NJ035,WATERWHEEL CREEK NEAR NELSON,BC,49.56610870361328,-117.2522201538086,,,0
08NJ036,ISAAC CREEK NEAR NELSON,BC,49.51750183105469,-117.28582763671876,,,0
08NJ037,VAN WAGNER CREEK NEAR NELSON,BC,49.51721954345703,-117.2852783203125,,,0
08NJ038,VAN WAGNER CREEK NORTH FORK,BC,49.5341682434082,-117.28417205810548,,,0
08NJ039,TARRYS CREEK NEAR TARRYS,BC,49.38277816772461,-117.56832885742188,1.3700000047683716,,0
08NJ040,TARRYS CREEK NEAR TARRYS (LOWER STATION),BC,49.38277816772461,-117.5583267211914,1.6100000143051147,,0
08NJ041,COUTTS CREEK AT THRUMS,BC,49.36111068725586,-117.5763931274414,,,0
08NJ042,AIRY CREEK NEAR PASSMORE,BC,49.55527877807617,-117.72028350830078,58.0,,0
08NJ044,CARSON CREEK NEAR PROCTER,BC,49.62083053588867,-116.9472198486328,2.049999952316284,,0
08NJ046,JARVIS CREEK NEAR NELSON,BC,49.519439697265625,-117.28333282470705,,,0
08NJ047,VAN WAGNER CREEK ABOVE EAST FORK,BC,49.51721954345703,-117.2852783203125,,,0
08NJ048,VAN WAGNER CREEK BELOW EAST FORK,BC,49.51667022705078,-117.28333282470705,,,0
08NJ049,MORLEY CREEK NEAR NELSON,BC,49.60694122314453,-117.1630630493164,1.190000057220459,,0
08NJ050,RINGROSE CREEK ABOVE DIVERSIONS,BC,49.72528076171875,-117.46083068847656,0.959999978542328,,0
08NJ051,ANGUS CREEK NEAR WINLAW,BC,49.62221908569336,-117.56111145019533,,,0
08NJ053,BROGAN CREEK NEAR PERRY SIDING,BC,49.67028045654297,-117.49082946777344,1.5499999523162842,,0
08NJ054,GRANT CREEK NEAR SLOCAN,BC,49.758331298828125,-117.45832824707033,,,0
08NJ055,HIRD CREEK NEAR WINLAW,BC,49.60805892944336,-117.57111358642578,13.0,,0
08NJ056,PEDRO CREEK NEAR WINLAW,BC,49.58943939208984,-117.58000183105467,17.100000381469727,,0
08NJ057,PERRY CREEK NEAR PERRY SIDING,BC,49.66860961914063,-117.49861145019533,,,0
08NJ058,VINCENT CREEK NEAR SLOCAN,BC,49.758331298828125,-117.45832824707033,,,0
08NJ059,STAR CREEK NEAR TAGHUM,BC,49.47444152832031,-117.41221618652344,,,0
08NJ060,FOSTER CREEK NEAR NELSON,BC,49.52000045776367,-117.28028106689452,1.0399999618530271,,0
08NJ061,REDFISH CREEK NEAR HARROP,BC,49.6225700378418,-117.05574035644533,27.200000762939453,,0
08NJ062,HUME CREEK NEAR NELSON,BC,49.49082946777344,-117.27056121826172,,,0
08NJ064,RINGROSE CREEK BELOW CLAY'S DIVERSION,BC,49.72555923461914,-117.46221923828124,0.9800000190734864,,0
08NJ065,EAGLE CREEK (SOUTH FORK) NEAR BLEWETT,BC,49.470829010009766,-117.3861083984375,5.440000057220459,,0
08NJ066,SMOKY CREEK NEAR SOUTH SLOCAN,BC,49.459999084472656,-117.51222229003906,4.400000095367432,,0
08NJ067,PEARSON CREEK NEAR PROCTER,BC,49.605560302734375,-116.98332977294922,,,0
08NJ068,FORTY-NINE CREEK NEAR BLEWETT,BC,49.4605598449707,-117.4250030517578,25.600000381469727,,0
08NJ069,CHRISTIAN CREEK NEAR PERRY SIDING,BC,49.661109924316406,-117.49722290039062,2.5899999141693115,,0
08NJ070,WARD CREEK NEAR NELSON,BC,49.48305892944336,-117.27971649169922,1.2699999809265137,,0
08NJ071,TANK CREEK NEAR NELSON,BC,49.48944091796875,-117.27361297607422,,,0
08NJ072,ELLIOTT CREEK NEAR APPLEDALE,BC,49.67916870117188,-117.49166870117188,2.8499999046325684,,0
08NJ073,KOOTENAY RIVER NEAR NELSON (GAUGE NO. 7),BC,49.49639129638672,-117.34416961669922,,,0
08NJ074,KOOTENAY RIVER NEAR NELSON (GAUGE NO. 8),BC,49.499168395996094,-117.36083221435548,,,0
08NJ075,KOOTENAY RIVER NEAR TAGHUM (GAUGE NO. 9),BC,49.4980583190918,-117.36943817138672,,,0
08NJ076,KOOTENAY LAKE NEAR NELSON (GAUGE NO. 11),BC,49.54972076416016,-117.25582885742188,,,0
08NJ077,KOOTENAY LAKE NEAR NELSON (GAUGE NO. 12),BC,49.56499862670898,-117.23860931396484,,,0
08NJ078,KOOTENAY LAKE NEAR NELSON (GAUGE NO. 13),BC,49.57944107055664,-117.2161102294922,,,0
08NJ079,KOOTENAY LAKE NEAR NELSON (GAUGE NO. 14),BC,49.5966682434082,-117.17832946777344,,,0
08NJ080,KOOTENAY LAKE NEAR BALFOUR (GAUGE NO. 20),BC,49.61666870117188,-117.00389099121094,,,0
08NJ081,KOOTENAY LAKE NEAR BALFOUR (GAUGE NO. 21),BC,49.619171142578125,-116.98999786376952,,,0
08NJ082,KOOTENAY LAKE NEAR BALFOUR (GAUGE NO. 22),BC,49.62166976928711,-116.97917175292967,,,0
08NJ084,KOOTENAY LAKE NEAR NELSON (GAUGE NO. 15),BC,49.603328704833984,-117.1611099243164,,,0
08NJ085,KOOTENAY LAKE NEAR NELSON (GAUGE NO. 16),BC,49.60778045654297,-117.14111328125,,,0
08NJ086,KOOTENAY LAKE NEAR NELSON (GAUGE NO. 17),BC,49.61027908325195,-117.11222076416016,,,0
08NJ087,KOOTENAY LAKE NEAR HARROP (GAUGE NO. 18),BC,49.61249923706055,-117.05750274658205,,,0
08NJ088,KOOTENAY LAKE NEAR HARROP (GAUGE NO. 19),BC,49.60306167602539,-117.02610778808594,,,0
08NJ089,KOOTENAY RIVER NEAR NELSON (GAUGE NO. 1),BC,49.49361038208008,-117.33416748046876,,,0
08NJ090,KOOTENAY RIVER NEAR NELSON (GAUGE NO. 2),BC,49.49388885498047,-117.3375015258789,,,0
08NJ091,KOOTENAY RIVER NEAR NELSON (GAUGE NO. 3),BC,49.49694061279297,-117.34832763671876,,,0
08NJ092,KOOTENAY RIVER NEAR TAGHUM (GAUGE NO. 4),BC,49.49639129638672,-117.37471771240234,,,0
08NJ095,SCHIAVON CREEK NEAR THRUMS,BC,49.407501220703125,-117.5500030517578,,,0
08NJ096,KOOTENAY LAKE NEAR BALFOUR (GAUGE NO. 26),BC,49.62166976928711,-116.97471618652344,,,0
08NJ097,LIMEKILN CREEK NEAR SLOCAN,BC,49.73860931396485,-117.45610809326172,1.3700000047683716,,0
08NJ098,SELOUS CREEK NEAR NELSON,BC,49.45222091674805,-117.2638931274414,14.5,,0
08NJ099,GROHMAN CREEK NEAR NELSON,BC,49.49861145019531,-117.33306121826172,88.80000305175781,,0
08NJ101,NELLY CREEK NEAR PERRY SIDING,BC,49.67778015136719,-117.52555847167967,0.800000011920929,,0
08NJ102,THRUMS CREEK NEAR THRUMS,BC,49.34722137451172,-117.59583282470705,0.8799999952316284,,0
08NJ103,DEMSAL CREEK NEAR THRUMS,BC,49.34722137451172,-117.59583282470705,0.18000000715255737,,0
08NJ104,SMALLWOOD CREEK NEAR TAGHUM,BC,49.494720458984375,-117.42305755615234,16.600000381469727,,0
08NJ106,AIREY CREEK NEAR NELSON,BC,49.59249877929688,-117.20806121826172,2.7799999713897705,,0
08NJ107,SUTHERLAND CREEK NEAR NELSON,BC,49.51443862915039,-117.28694152832033,1.919999957084656,,0
08NJ108,TROZZO CREEK NEAR APPLEDALE,BC,49.63888931274414,-117.52916717529295,27.200000762939453,,0
08NJ109,SPROULE CREEK AT TAGHUM,BC,49.49332809448242,-117.3883285522461,52.79999923706055,,0
08NJ110,GARRITY CREEK NEAR TAGHUM,BC,49.48360824584961,-117.45555877685548,4.920000076293945,,0
08NJ111,ROVER CREEK NEAR SOUTH SLOCAN,BC,49.45610809326172,-117.5116729736328,44.29999923706055,,0
08NJ112,GOOSE CREEK NEAR CRESCENT VALLEY,BC,49.43888854980469,-117.56111145019533,83.69999694824219,,0
08NJ113,KOOTENAY RIVER ABOVE CORRA LINN,BC,49.46944046020508,-117.46721649169922,,,0
08NJ114,KOOTENAY RIVER BELOW CORRA LINN,BC,49.46889114379883,-117.4680633544922,,,0
08NJ115,SITKUM CREEK NEAR NELSON,BC,49.60499954223633,-117.1875,24.299999237060547,,0
08NJ116,CADDEN CREEK NEAR ROSEBERY,BC,50.1127815246582,-117.48139190673828,6.480000019073486,,0
08NJ117,ARTHUR CREEK NEAR ROSEBERY,BC,50.10583114624024,-117.4633331298828,2.8499999046325684,,0
08NJ118,AHRENS BROOK NEAR NELSON,BC,49.48167037963867,-117.30972290039062,,,0
08NJ119,BOURKE CREEK NEAR NELSON,BC,49.603328704833984,-117.17166900634766,1.5800000429153442,,0
08NJ120,WINLAW CREEK NEAR WINLAW,BC,49.60417175292969,-117.54499816894533,40.70000076293945,,0
08NJ121,O'SHEA CREEK NEAR SLOCAN CITY,BC,49.7388916015625,-117.45610809326172,,,0
08NJ122,DIETRICH CREEK AT NELSON,BC,49.48471832275391,-117.2972183227539,,,0
08NJ123,GIVEOUT CREEK NEAR NELSON,BC,49.462501525878906,-117.29444122314452,14.800000190734863,,0
08NJ124,ROSLING SPRING NEAR NELSON,BC,49.52389144897461,-117.2750015258789,,,0
08NJ125,RUCKS CREEK AT SUNSHINE BAY,BC,49.60943984985352,-116.99832916259766,,,0
08NJ126,MCFAYDEN CREEK NEAR VALLICAN,BC,49.570560455322266,-117.65389251708984,5.699999809265137,,0
08NJ128,KOOTENAY RIVER AT BRILLIANT (FOREBAY),BC,49.3255615234375,-117.61943817138672,,,0
08NJ129,FELL CREEK NEAR NELSON,BC,49.50333023071289,-117.2602767944336,4.400000095367432,,0
08NJ130,ANDERSON CREEK NEAR NELSON,BC,49.501949310302734,-117.2612762451172,9.06999969482422,,1
08NJ131,SANDY CREEK NEAR BLEWETT,BC,49.47417068481445,-117.35305786132812,10.899999618530272,,0
08NJ132,GWILLIM CREEK NEAR SLOCAN CITY,BC,49.75416946411133,-117.48332977294922,79.30000305175781,,0
08NJ133,CARPENTER CREEK NEAR SANDON,BC,49.973609924316406,-117.18472290039062,17.600000381469727,,0
08NJ134,CODY CREEK NEAR SANDON,BC,49.96944046020508,-117.19444274902344,15.300000190734863,,0
08NJ135,GOOSE CREEK ABOVE GANDER CREEK,BC,49.42361068725586,-117.6138916015625,52.09999847412109,,0
08NJ137,SLOCAN LAKE AT SLOCAN CITY,BC,49.77027893066406,-117.47083282470705,,,0
08NJ138,FOUR MILE CREEK NEAR WILLOW POINT,BC,49.54999923706055,-117.2750015258789,2.8499999046325684,,0
08NJ139,FLYNN CREEK NEAR WINLAW,BC,49.61943817138672,-117.5666732788086,,,0
08NJ140,SCHIAVON CREEK BELOW HIGHEST DIVERSION NEAR THRUMS,BC,49.40555953979492,-117.5472183227539,,,0
08NJ141,KITTO CREEK NEAR BALFOUR,BC,49.6127815246582,-117.10221862792967,1.350000023841858,,0
08NJ143,EAGLE CREEK (WEST FORK) NEAR BLEWETT,BC,49.46028137207031,-117.37889099121094,2.069999933242798,,0
08NJ145,RICE CREEK NEAR APPLEDALE,BC,49.64305877685547,-117.55693817138672,2.2799999713897705,,0
08NJ146,AIRPORT CREEK NEAR BRILLIANT,BC,49.31111145019531,-117.5986099243164,0.3400000035762787,,0
08NJ147,THOMPSON CREEK NEAR WILLOW POINT,BC,49.570560455322266,-117.24806213378906,0.5400000214576721,,0
08NJ149,GLADE CREEK NEAR SHOREACRES,BC,49.37638854980469,-117.5366668701172,29.299999237060547,,0
08NJ150,LITTLE MCPHEE CREEK NEAR BRILLIANT,BC,49.327781677246094,-117.59388732910156,8.289999961853027,,0
08NJ151,MCPHEE CREEK NEAR BRILLIANT,BC,49.33361053466797,-117.5744400024414,35.5,,0
08NJ152,WOLVERTON CREEK NEAR SLOCAN PARK,BC,49.52000045776367,-117.6380615234375,14.5,,0
08NJ153,SUTHERLAND CREEK ABOVE POWER LINE,BC,49.51443862915039,-117.28971862792967,1.8600000143051147,,0
08NJ154,SHER CREEK NEAR CRESCENT VALLEY,BC,49.45471954345703,-117.5986099243164,1.2999999523162842,,0
08NJ155,VAN WAGNER CREEK (EAST FORK) NEAR NELSON,BC,49.51750183105469,-117.28443908691406,,,0
08NJ156,VAN WAGNER CREEK (WEST FORK) NEAR NELSON,BC,49.51694107055664,-117.28417205810548,,,0
08NJ157,MCDERMID CREEK NEAR KRESTOVA,BC,49.45389175415039,-117.60221862792967,3.369999885559082,,0
08NJ158,KOOTENAY LAKE OUTFLOW NEAR CORRA LINN,BC,49.466941833496094,-117.46499633789062,46400.0,,0
08NJ159,GOOSE CREEK AT PROVINCIAL FOREST ROAD,BC,49.418060302734375,-117.65277862548828,26.700000762939453,,0
08NJ160,LEMON CREEK ABOVE SOUTH LEMON CREEK,BC,49.69712066650391,-117.44596862792967,181.0,,0
08NJ161,BAGLEY CREEK NEAR BALFOUR,BC,49.61806106567383,-117.084716796875,2.5899999141693115,,0
08NJ162,SMOKY CREEK ABOVE DIVERSIONS,BC,49.4658317565918,-117.5177764892578,5.590000152587891,,0
08NJ163,FALLS CREEK ABOVE B.I.D. DIVERSION,BC,49.48722076416016,-117.4977798461914,29.399999618530277,,0
08NJ164,CADDEN CREEK ABOVE DIVERSIONS,BC,50.11167144775391,-117.48555755615234,6.699999809265137,,0
08NJ165,ELLIOTT CREEK ABOVE DIVERSIONS,BC,49.67721939086914,-117.48500061035156,,,0
08NJ166,DUMONT CREEK NEAR WINLAW,BC,49.61249923706055,-117.53500366210938,,,0
08NJ167,SANDY CREEK ABOVE RELKOFF DIVERSION,BC,49.48083114624024,-117.35832977294922,11.100000381469728,,0
08NJ168,FIVE MILE CREEK ABOVE CITY INTAKE,BC,49.51853942871094,-117.21163940429688,47.70000076293945,,0
08NJ169,AIRY CREEK ABOVE DIVERSIONS,BC,49.5897216796875,-117.20693969726562,,,0
08NJ170,BIRD CREEK ABOVE DIVERSION,BC,49.45306015014648,-117.45667266845705,6.610000133514404,,0
08NJ171,KITTO CREEK ABOVE DIVERSIONS,BC,49.61471939086914,-117.10472106933594,,,0
08NJ172,CONNOR CREEK NEAR THE MOUTH,BC,49.43722152709961,-117.49056243896484,,,0
08NK001,ELK RIVER AT ELKO,BC,49.28055953979492,-115.0986099243164,3550.0,,0
08NK002,ELK RIVER AT FERNIE,BC,49.50347137451172,-115.07012939453124,3090.0,,0
08NK004,LIZARD CREEK NEAR FERNIE,BC,49.48917007446289,-115.10417175292967,36.79999923706055,,0
08NK005,ELK RIVER AT PHILLIPS BRIDGE,BC,49.21500015258789,-115.11055755615234,4450.0,,0
08NK006,RAYMOND CREEK NEAR ELKO,BC,49.20444107055664,-115.08332824707033,,,0
08NK007,QUAIL CREEK NEAR HOSMER,BC,49.570560455322266,-114.98999786376952,,,0
08NK008,MAGUIRE CREEK NEAR GRASMERE,BC,49.1763916015625,-115.09583282470705,,,0
08NK011,HARTLEY CREEK NEAR FERNIE,BC,49.56694030761719,-115.01667022705078,,,0
08NK012,ELK RIVER AT STANLEY PARK,BC,49.311668395996094,-115.05110931396484,3520.0,,0
08NK013,AQUEDUCT CREEK NEAR NATAL,BC,49.73667144775391,-114.84583282470705,1.190000057220459,,0
08NK014,QUALTIERI CREEK NEAR NATAL,BC,49.74166870117188,-114.85138702392578,0.6200000047683716,,0
08NK016,ELK RIVER NEAR NATAL,BC,49.86561965942383,-114.86868286132812,1840.0,,0
08NK017,WHITING CREEK NEAR NATAL,BC,49.77193832397461,-114.90055847167967,,,0
08NK018,FORDING RIVER AT THE MOUTH,BC,49.89395904541016,-114.86666107177734,621.0,,0
08NK019,GRAVE CREEK AT THE MOUTH,BC,49.84333038330078,-114.86000061035156,83.9000015258789,,0
08NK020,MICHEL CREEK BELOW NATAL,BC,49.730281829833984,-114.8566665649414,637.0,,0
08NK021,FORDING RIVER BELOW CLODE CREEK,BC,50.20138931274414,-114.88249969482422,104.0,,0
08NK022,LINE CREEK AT THE MOUTH,BC,49.8914909362793,-114.83335876464844,138.0,,0
08NK023,MICHEL CREEK AT MICHEL,BC,49.6986083984375,-114.82333374023438,,,0
08NK025,FORDING RIVER ABOVE CLODE CREEK,BC,50.20111083984375,-114.88249969482422,96.3000030517578,,0
08NK026,HOSMER CREEK ABOVE DIVERSIONS,BC,49.58525085449219,-114.9568862915039,6.400000095367432,,0
08NK027,ELK RIVER BELOW WEARY CREEK,BC,50.38249969482422,-114.92194366455078,334.0,,0
08NK028,MICHEL CREEK ABOVE CORBIN CREEK,BC,49.5122184753418,-114.6758270263672,35.900001525878906,,0
08NK029,KILMARNOCK CREEK NEAR THE MOUTH,BC,50.16889190673828,-114.86083221435548,43.0,,0
08NK030,ELK RIVER BELOW ELKO DAM DIVERSION,BC,49.28805923461914,-115.10360717773438,,,0
08NK031,ELK RIVER AT ELKO DAM FOREBAY,BC,49.29042053222656,-115.10521697998048,,,0
08NL004,ASHNOLA RIVER NEAR KEREMEOS,BC,49.2076301574707,-119.99352264404295,1050.0,,1
08NL005,TULAMEEN RIVER NEAR PRINCETON,BC,49.44832992553711,-120.53166961669922,,,0
08NL006,SIMILKAMEEN RIVER NEAR KEREMEOS,BC,49.22111129760742,-119.95777893066406,5960.0,,0
08NL007,SIMILKAMEEN RIVER AT PRINCETON,BC,49.45970153808594,-120.50353240966795,1810.0,,1
08NL008,TULAMEEN RIVER AT COALMONT,BC,49.508331298828125,-120.6916732788086,1370.0,,0
08NL009,HEDLEY CREEK NEAR HEDLEY,BC,49.38888931274414,-120.08055877685548,,,0
08NL010,KEREMEOS CREEK NEAR OLALLA,BC,49.26443862915039,-119.8244400024414,183.0,,0
08NL011,OLALLA CREEK AT OLALLA,BC,49.26388931274414,-119.83332824707033,,,0
08NL012,ALLISON CREEK NEAR PRINCETON,BC,49.4636116027832,-120.46888732910156,593.0,,0
08NL013,SUMMERS CREEK AT THE MOUTH,BC,49.53556060791016,-120.5152816772461,,,0
08NL014,KEREMEOS CREEK ABOVE MARSEL CREEK,BC,49.33332824707031,-119.8166732788086,68.5999984741211,,0
08NL015,ASP CREEK NEAR PRINCETON,BC,49.48722076416016,-120.56278228759766,51.79999923706055,,0
08NL018,HAYES CREEK NEAR JURA,BC,49.52444076538086,-120.4111099243164,,,0
08NL019,SUMMERS CREEK NEAR PRINCETON,BC,49.638328552246094,-120.50833129882812,,,0
08NL020,HAYES CREEK NEAR PRINCETON,BC,49.470001220703125,-120.37777709960938,751.0,,0
08NL021,GRANITE CREEK AT THE MOUTH,BC,49.50416946411133,-120.6772232055664,264.0,,0
08NL022,SIMILKAMEEN RIVER NEAR NIGHTHAWK,WA,48.98471832275391,-119.61721801757812,9190.0,,0
08NL023,OTTER CREEK AT TULAMEEN,BC,49.54555892944336,-120.75332641601562,673.0,,0
08NL024,TULAMEEN RIVER AT PRINCETON,BC,49.45766830444336,-120.51880645751952,1780.0,,0
08NL025,WOLFE CREEK NEAR PRINCETON,BC,49.43611145019531,-120.30693817138672,227.0,,0
08NL033,LITTLE MUDDY CREEK NEAR MANNING PARK,BC,49.06111145019531,-120.8013916015625,25.899999618530277,,0
08NL034,SMITH CREEK NEAR HEDLEY,BC,49.37971878051758,-120.19055938720705,127.0,,0
08NL035,SOUKUP CREEK NEAR HEDLEY,BC,49.40499877929688,-120.26277923583984,22.299999237060547,,0
08NL036,WHIPSAW CREEK BELOW LAMONT CREEK,BC,49.369171142578125,-120.56971740722656,185.0,,0
08NL037,TREHEARNE CREEK NEAR PRINCETON,BC,49.5897216796875,-120.39250183105467,16.100000381469727,,0
08NL038,SIMILKAMEEN RIVER NEAR HEDLEY,BC,49.377079010009766,-120.15216827392578,5580.0,,1
08NL039,SIWASH CREEK NEAR PRINCETON,BC,49.66281127929688,-120.33553314208984,263.0,,0
08NL040,RICHTER CREEK NEAR OSOYOOS,BC,49.05443954467773,-119.63278198242188,15.300000190734863,,0
08NL041,WOLFE CREEK AT OUTLET OF ISSITZ LAKE,BC,49.42778015136719,-120.34667205810548,215.0,,0
08NL042,ISSITZ LAKE NEAR PRINCETON,BC,49.42832946777344,-120.34667205810548,,,0
08NL043,SUMMERS CREEK AT OUTLET OF MISSEZULA LAKE,BC,49.76667022705078,-120.4958267211914,123.0,,0
08NL044,KEREMEOS CREEK AT MIDDLE BENCH ROAD,BC,49.21028137207031,-119.79833221435548,221.0,,0
08NL045,KEREMEOS CREEK BELOW WILLIS INTAKE,BC,49.2588996887207,-119.82579040527344,181.0,,0
08NL046,MISSEZULA LAKE NEAR PRINCETON,BC,49.76667022705078,-120.5,,,0
08NL047,YELLOW LAKE NEAR KEREMEOS,BC,49.33610916137695,-119.75556182861328,,,0
08NL049,ASHNOLA RIVER BELOW YOUNG CREEK,BC,49.14889144897461,-120.2611083984375,469.0,,0
08NL050,HEDLEY CREEK NEAR THE MOUTH,BC,49.35894012451172,-120.0725326538086,388.0,,0
08NL051,HAYES CREEK BELOW SHINISH CREEK,BC,49.66749954223633,-120.3027801513672,112.0,,0
08NL052,CHAIN LAKE AT THE OUTLET,BC,49.69110870361328,-120.28028106689452,,,0
08NL053,SUMMERS CREEK NEAR THE MOUTH,BC,49.5352783203125,-120.5152816772461,,,0
08NL054,SUMMERS CREEK BELOW DILLARD CREEK,BC,49.76472091674805,-120.49667358398438,123.0,,0
08NL056,ALLISON CREEK ABOVE SUMMERS CREEK,BC,49.535831451416016,-120.51805877685548,207.0,,0
08NL057,ALLISON CREEK AT OUTLET OF ALLISON LAKE,BC,49.68111038208008,-120.6050033569336,76.0999984741211,,0
08NL058,ALLISON LAKE NEAR PRINCETON,BC,49.681671142578125,-120.60417175292967,,,0
08NL059,OTTER LAKE NEAR TULAMEEN,BC,49.55083084106445,-120.75556182861328,,,0
08NL060,OTTER CREEK BELOW SPEARING CREEK,BC,49.76805877685547,-120.77082824707033,409.0,,0
08NL061,DAVIS LAKE NEAR THALIA,BC,49.85778045654297,-120.72638702392578,,,0
08NL062,SIMILKAMEEN RIVER BELOW CHUWANTEN CREEK,BC,49.057498931884766,-120.72666931152344,355.0,,0
08NL064,LORNE LAKE NEAR PRINCETON,BC,49.40499877929688,-120.41471862792967,,,0
08NL065,NICKEL PLATE LAKE NEAR HEDLEY,BC,49.39527893066406,-119.9619369506836,,,0
08NL067,TULAMEEN RIVER NEAR TULAMEEN,BC,49.54056167602539,-120.8000030517578,619.0,,0
08NL068,NICKEL PLATE RESERVOIR OUTFLOW,BC,49.394168853759766,-119.96639251708984,6.730000019073486,,0
08NL069,PASAYTEN RIVER ABOVE CALCITE CREEK,BC,49.09880828857422,-120.57982635498048,566.0,,0
08NL070,SIMILKAMEEN RIVER ABOVE GOODFELLOW CREEK,BC,49.09400177001953,-120.6733627319336,408.0,,1
08NL071,TULAMEEN RIVER BELOW VUICH CREEK,BC,49.46567916870117,-120.97891235351562,253.0,,0
08NL072,ASHNOLA RIVER ABOVE YOUNG CREEK,BC,49.13417053222656,-120.290283203125,,,0
08NL074,LITTLE MUDDY CREEK BELOW LIGHTNING LAKE,BC,49.0625,-120.8166732788086,,,0
08NL075,SIMILKAMEEN RIVER ABOVE MEMALOOSE CREEK,BC,49.11611175537109,-120.83528137207033,,,0
08NL076,EWART CREEK NEAR CATHEDRAL PARK,BC,49.13253021240234,-120.0377197265625,,,0
08NM001,OKANAGAN RIVER NEAR FAIRVIEW,BC,49.1361083984375,-119.5777816772461,,,0
08NM002,OKANAGAN RIVER AT OKANAGAN FALLS,BC,49.34204864501953,-119.58040618896484,6720.0,,0
08NM003,LAMBLY CREEK NEAR THE MOUTH,BC,49.92778015136719,-119.51055908203124,272.0,,0
08NM004,KLO CREEK NEAR KELOWNA,BC,49.81666946411133,-119.3625030517578,77.69999694824219,,0
08NM005,MCLEAN CREEK NEAR OKANAGAN FALLS,BC,49.3466682434082,-119.52306365966795,20.700000762939453,,0
08NM006,SHUTTLEWORTH CREEK NEAR OKANAGAN FALLS,BC,49.33055877685547,-119.5152816772461,85.19999694824219,,0
08NM007,CHUTE CREEK NEAR NARAMATA,BC,49.67778015136719,-119.53333282470705,32.400001525878906,,0
08NM008,VERNON CREEK ABOVE DIVERSIONS,BC,50.02000045776367,-119.40110778808594,90.6999969482422,,0
08NM009,VERNON CREEK AT INLET TO WOOD LAKE,BC,50.0494384765625,-119.4055633544922,151.0,,0
08NM010,HYDRAULIC CREEK NEAR THE MOUTH,BC,49.84056091308594,-119.3324966430664,89.5999984741211,,0
08NM011,HYDRAULIC CREEK AT OUTLET OF MCCULLOCH RESERVOIR,BC,49.78361129760742,-119.18444061279295,,,0
08NM012,INKANEEP CREEK NEAR OLIVER (LOWER STATION),BC,49.11666870117188,-119.49166870117188,164.0,,0
08NM013,JACK CREEK AT THE MOUTH,BC,49.81806182861328,-119.74861145019533,40.400001525878906,,0
08NM014,MCDOUGALL CREEK NEAR WESTBANK,BC,49.87916946411133,-119.5888900756836,38.900001525878906,,0
08NM015,VASEUX CREEK ABOVE DUTTON CREEK,BC,49.2622184753418,-119.4741668701172,255.0,,0
08NM016,MISSION CREEK NEAR RUTLAND,BC,49.85221862792969,-119.33721923828124,622.0,,0
08NM017,BELGO CREEK NEAR RUTLAND,BC,50.00278091430664,-119.07833099365234,38.900001525878906,,0
08NM018,HILDA CREEK NEAR RUTLAND,BC,50.00333023071289,-119.0749969482422,18.100000381469727,,0
08NM020,B.X. CREEK ABOVE VERNON INTAKE,BC,50.30083084106445,-119.20832824707033,55.70000076293945,,0
08NM021,VERNON CREEK AT VERNON,BC,50.2611083984375,-119.27027893066406,593.0,,0
08NM022,VERNON CREEK AT OUTLET OF SWALWELL LAKE,BC,50.043060302734375,-119.24305725097656,62.400001525878906,,0
08NM023,DARKE CREEK NORTHWEST FORK,BC,49.71110916137695,-119.86666870117188,13.199999809265137,,0
08NM024,EQUESIS CREEK NEAR VERNON,BC,50.30944061279297,-119.43778228759766,179.0,,0
08NM025,DARKE CREEK AT MEADOW VALLEY,BC,49.66556167602539,-119.8083267211914,54.900001525878906,,0
08NM026,KELOWNA CREEK NEAR RUTLAND (UPPER STATION),BC,49.98611068725586,-119.35333251953124,67.30000305175781,,0
08NM028,OYAMA CREEK OYAMA DIVERSION,BC,50.11528015136719,-119.33055877685548,,,0
08NM029,PEACHLAND CREEK NEAR PEACHLAND,BC,49.755001068115234,-119.8133316040039,122.0,,0
08NM030,PEACHLAND CREEK MUNICIPAL IRRIGATION DIVERSION,BC,49.75777816772461,-119.81610870361328,,,0
08NM031,PENTICTON CREEK BELOW DIVERSION,BC,49.4900016784668,-119.55999755859376,,,0
08NM032,PENTICTON CREEK MAIN DIVERSION,BC,49.49166870117188,-119.55972290039062,,,0
08NM033,POWERS CREEK ABOVE WESTBANK DIVERSION,BC,49.85860824584961,-119.67028045654295,128.0,,0
08NM034,POWERS CREEK WESTBANK DIVERSION,BC,49.85417175292969,-119.66722106933594,,,0
08NM035,BELLEVUE CREEK NEAR OKANAGAN MISSION,BC,49.79389190673828,-119.46083068847656,73.30000305175781,,0
08NM036,SCOTTY CREEK NEAR RUTLAND,BC,49.93138885498047,-119.33332824707033,35.0,,0
08NM037,SHATFORD CREEK NEAR PENTICTON,BC,49.42745971679688,-119.75154876708984,101.0,,0
08NM038,SHINGLE CREEK ABOVE KALEDEN DIVERSION,BC,49.51028060913086,-119.79499816894533,44.79999923706055,,0
08NM039,HYDRAULIC CREEK DIVERSION NEAR KELOWNA,BC,49.83332824707031,-119.3499984741211,,,0
08NM040,HYDRAULIC CREEK SOUTHEAST KELOWNA DIVERSION,BC,49.82638931274414,-119.37110900878906,,,0
08NM041,TREPANIER CREEK NEAR PEACHLAND,BC,49.82582092285156,-119.78701782226562,182.0,,0
08NM042,TROUT CREEK NEAR SUMMERLAND,BC,49.570831298828125,-119.6500015258789,756.0,,0
08NM043,VERNON CREEK NEAR OKANAGAN CENTRE,BC,50.01388931274414,-119.34361267089844,90.0999984741211,,0
08NM044,VERNON CREEK OKANAGAN CENTRE DIVERSION,BC,50.01388931274414,-119.3430633544922,,,0
08NM046,WHITEMAN CREEK NEAR VERNON,BC,50.23083114624024,-119.45249938964844,197.0,,0
08NM047,NASWHITO CREEK NEAR EWING'S LANDING,BC,50.293060302734375,-119.46111297607422,81.80000305175781,,0
08NM048,OYAMA CREEK ABOVE WOOD LAKE IRRIGATION INTAKE,BC,50.11582946777344,-119.334716796875,44.0,,0
08NM049,HORN CREEK NEAR KALEDEN,BC,49.400001525878906,-119.6500015258789,,,0
08NM050,OKANAGAN RIVER AT PENTICTON,BC,49.49851989746094,-119.6153564453125,5980.0,,0
08NM052,IRISH CREEK NEAR VERNON,BC,50.363059997558594,-119.33860778808594,,,0
08NM053,KELOWNA CREEK NEAR KELOWNA (LOWER STATION),BC,49.894718170166016,-119.41832733154295,221.0,,0
08NM054,TROUT CREEK NEAR FAULDER,BC,49.587501525878906,-119.7541732788086,704.0,,0
08NM055,TROUT CREEK SUMMERLAND DIVERSION,BC,49.59917068481445,-119.76444244384766,,,0
08NM056,ELLIS CREEK SOUTH MAIN DIVERSION,BC,49.47861099243164,-119.55777740478516,,,0
08NM057,MISSION CREEK RUTLAND DIVERSION,BC,49.875,-119.39111328125,,,0
08NM058,LAMBLY CREEK NEAR KELOWNA,BC,49.959999084472656,-119.55416870117188,246.0,,0
08NM059,POWERS CREEK BELOW WESTBANK DIVERSION,BC,49.8408317565918,-119.6513900756836,139.0,,0
08NM060,KLO CREEK DIVERSION NEAR KELOWNA,BC,49.839168548583984,-119.37000274658205,,,0
08NM061,KELOWNA CREEK NEAR RUTLAND,BC,49.97888946533203,-119.35305786132812,77.69999694824219,,0
08NM062,SWALWELL LAKE NEAR OKANAGAN CENTRE,BC,50.043060302734375,-119.24305725097656,,,0
08NM063,PENTICTON CREEK LOT 19 DIVERSION,BC,49.50693893432617,-119.56111145019533,,,0
08NM065,VERNON CREEK AT OUTLET OF KALAMALKA LAKE,BC,50.238468170166016,-119.2668914794922,569.0,,0
08NM066,WOOD LAKE AT INLET TO OYAMA CANAL,BC,50.10971832275391,-119.38249969482422,,,0
08NM067,ELLISON LAKE NEAR WINFIELD,BC,49.98471832275391,-119.39639282226562,,,0
08NM068,HOWARD CREEK NEAR PENTICTON,BC,49.605560302734375,-119.34667205810548,,,0
08NM069,REED CREEK NEAR PENTICTON,BC,49.586669921875,-119.37667083740234,,,0
08NM070,RIDDLE CREEK NEAR WEST SUMMERLAND,BC,49.508331298828125,-119.79167175292967,33.400001525878906,,0
08NM071,OKANAGAN LAKE AT PENTICTON,BC,49.50167083740234,-119.61083221435548,,,0
08NM072,OKANOGAN RIVER NEAR TONASKET,WA,48.633331298828125,-119.4638900756836,18900.0,,0
08NM073,OSOYOOS LAKE NEAR OROVILLE,WA,48.956668853759766,-119.4383316040039,,,0
08NM074,ELLIS CREEK NEAR PENTICTON,BC,49.470829010009766,-119.3866729736328,51.900001525878906,,0
08NM075,DEEP CREEK NEAR VERNON (STATION NO. 3),BC,50.3638916015625,-119.2819366455078,207.0,,0
08NM076,PENTICTON CREEK ABOVE DIVERSION,BC,49.49166870117188,-119.5527801513672,,,0
08NM082,INKANEEP CREEK NEAR OLIVER (UPPER STATION),BC,49.11943817138672,-119.3611068725586,70.4000015258789,,0
08NM083,OKANAGAN LAKE AT KELOWNA,BC,49.88613128662109,-119.4996566772461,,,0
08NM084,SKAHA LAKE AT OKANAGAN FALLS,BC,49.42641830444336,-119.57508087158205,,,0
08NM085,OKANAGAN RIVER NEAR OLIVER,BC,49.11462020874024,-119.566650390625,7540.0,,0
08NM113,OSOYOOS LAKE NEAR OSOYOOS,BC,49.02861022949219,-119.46028137207033,,,0
08NM114,OLIVER CANAL NEAR OLIVER,BC,49.25416946411133,-119.5250015258789,,,0
08NM116,MISSION CREEK NEAR EAST KELOWNA,BC,49.8779296875,-119.41346740722656,795.0,,0
08NM117,KELOWNA CREEK AT RUTLAND STATION,BC,49.918060302734375,-119.39193725585938,162.0,,0
08NM118,PENTICTON CREEK AT THE MOUTH,BC,49.49639129638672,-119.58389282226562,177.0,,0
08NM119,DEEP CREEK AT ARMSTRONG,BC,50.44610977172852,-119.20443725585938,135.0,,0
08NM120,PARK RILL NEAR OLIVER,BC,49.23611068725586,-119.5722198486328,160.0,,0
08NM121,WOLFCUB CREEK NEAR OLIVER,BC,49.18111038208008,-119.52916717529295,68.5999984741211,,0
08NM122,ELLIS CREEK NORTH MAIN DIVERSION,BC,49.480560302734375,-119.5625,,,0
08NM123,B.X. CREEK BELOW SWAN LAKE CONTROL DAM,BC,50.26974868774414,-119.277099609375,120.0,,0
08NM124,COLDSTREAM CREEK NEAR LAVINGTON,BC,50.24861145019531,-119.0749969482422,61.900001525878906,,0
08NM125,B.X. CREEK ABOVE SWAN LAKE CONTROL DAM,BC,50.293060302734375,-119.2624969482422,,,0
08NM126,HAYNES CREEK NEAR OSOYOOS,BC,49.024169921875,-119.38583374023438,17.600000381469727,,0
08NM127,OKANOGAN RIVER AT OROVILLE,WA,48.93082809448242,-119.4191665649414,8210.0,,0
08NM129,JOE RICH CREEK NEAR RUTLAND,BC,49.86000061035156,-119.13082885742188,44.79999923706055,,0
08NM130,TESTALINDEN CREEK NEAR OLIVER,BC,49.12028121948242,-119.59027862548828,13.0,,0
08NM131,OKANOGAN RIVER AT BRIDGE STREET AT OROVILLE,WA,48.93888854980469,-119.42666625976562,8110.0,,0
08NM132,OKANOGAN RIVER AT ZOSEL MILLPOND AT OROVILLE,WA,48.93193817138672,-119.41806030273438,8280.0,,0
08NM133,BULL CREEK NEAR CRUMP,BC,49.62083053588867,-119.90277862548828,46.900001525878906,,0
08NM134,CAMP CREEK AT MOUTH NEAR THIRSK,BC,49.71234130859375,-120.01116943359376,34.599998474121094,,0
08NM135,ELLIS CREEK AT PENTICTON,BC,49.47888946533203,-119.5944366455078,158.0,,0
08NM136,LAMBLY LAKE DIVERSION TO POWERS CREEK,BC,49.952781677246094,-119.70667266845705,,,0
08NM137,DAVES CREEK NEAR RUTLAND,BC,49.86806106567383,-119.274169921875,31.100000381469727,,0
08NM138,TERRACE CREEK NEAR KELOWNA,BC,50.070831298828125,-119.66667175292967,31.299999237060547,,0
08NM139,ESPERON CREEK NEAR KELOWNA,BC,50.07292175292969,-119.68624877929688,13.0,,0
08NM140,PEACHLAND CREEK ABOVE DIVERSIONS,BC,49.75360870361328,-119.7994384765625,122.0,,0
08NM141,LAMBLY CREEK BELOW TERRACE CREEK,BC,49.97943878173828,-119.5666732788086,235.0,,0
08NM142,COLDSTREAM CREEK ABOVE MUNICIPAL INTAKE,BC,50.25642013549805,-119.0801010131836,60.59999847412109,,0
08NM143,KALAMALKA LAKE AT VERNON PUMPHOUSE,BC,50.22991943359375,-119.27442169189452,,,0
08NM145,BULMAN CREEK AT THE MOUTH,BC,50.005001068115234,-119.25167083740234,12.699999809265137,,0
08NM146,CLARK CREEK NEAR WINFIELD,BC,50.04875183105469,-119.33596801757812,15.300000190734863,,0
08NM147,HORN CREEK NEAR OLALLA,BC,49.30305862426758,-119.75360870361328,15.0,,0
08NM148,TWIN LAKES NEAR OLALLA,BC,49.317501068115234,-119.72638702392578,,,0
08NM149,SHUTTLEWORTH CREEK AT THE MOUTH,BC,49.337501525878906,-119.58332824707033,89.9000015258789,,0
08NM150,SHINGLE CREEK AT THE MOUTH,BC,49.480281829833984,-119.5999984741211,308.0,,0
08NM151,SHORTS CREEK AT THE MOUTH,BC,50.13193893432617,-119.5133285522461,185.0,,0
08NM152,BRANDTS CREEK NEAR THE MOUTH,BC,49.88888931274414,-119.49166870117188,,,0
08NM153,DEEP CREEK AT THE MOUTH,BC,50.34722137451172,-119.29332733154295,306.0,,0
08NM154,COLDSTREAM CREEK AT THE MOUTH,BC,50.22639083862305,-119.25,205.0,,0
08NM155,TREPANIER CREEK AT THE MOUTH,BC,49.785831451416016,-119.71417236328124,254.0,,0
08NM156,BELLEVUE CREEK AT THE MOUTH,BC,49.81972122192383,-119.49221801757812,79.80000305175781,,0
08NM157,POWERS CREEK AT THE MOUTH,BC,49.81499862670898,-119.62777709960938,144.0,,0
08NM158,TROUT CREEK AT THE MOUTH,BC,49.567970275878906,-119.63172149658205,764.0,,0
08NM159,PEACHLAND CREEK AT THE MOUTH,BC,49.74250030517578,-119.76444244384766,150.0,,0
08NM160,VERNON CREEK NEAR THE MOUTH,BC,50.25791931152344,-119.30113983154295,751.0,,0
08NM161,EQUESIS CREEK NEAR THE MOUTH,BC,50.288330078125,-119.41194152832033,199.0,,0
08NM162,VERNON CREEK AT INLET TO ELLISON LAKE,BC,50.005001068115234,-119.38583374023438,127.0,,0
08NM163,CROOKED LAKE AT THE OUTLET,BC,50.0625,-119.20194244384766,,,0
08NM164,TESTALINDEN CREEK IN CANYON,BC,49.12139129638672,-119.59806060791016,13.0,,0
08NM165,LAMBLY CREEK ABOVE TERRACE CREEK,BC,49.99692153930664,-119.61572265625,76.0999984741211,,0
08NM166,LAMBLY CREEK BELOW BALD RANGE CREEK,BC,49.95832824707031,-119.55667114257812,229.0,,0
08NM167,LAMBLY CREEK DIVERSION TO ROSE VALLEY LAKE,BC,49.91056060791016,-119.55500030517578,,,0
08NM168,PENTICTON CREEK ABOVE DENNIS CREEK,BC,49.61528015136719,-119.42305755615234,35.5,,0
08NM169,GREYBACK LAKE AT THE OUTLET,BC,49.625,-119.42333221435548,,,0
08NM170,PENTICTON CREEK BELOW HARRIS CREEK,BC,49.51832962036133,-119.52166748046876,153.0,,0
08NM171,VASEUX CREEK ABOVE SOLCO CREEK,BC,49.2492790222168,-119.3213882446289,117.0,,0
08NM172,PEARSON CREEK NEAR THE MOUTH,BC,49.886940002441406,-119.0616683959961,73.5999984741211,,0
08NM173,GREATA CREEK NEAR THE MOUTH,BC,49.794578552246094,-119.8520278930664,40.70000076293945,,0
08NM174,WHITEMAN CREEK ABOVE BOULEAU CREEK,BC,50.21200180053711,-119.5437469482422,114.0,,1
08NM175,VERNON CREEK BELOW ARDA DAM,BC,50.015281677246094,-119.3244400024414,102.0,,0
08NM176,EWER CREEK NEAR THE MOUTH,BC,50.36611175537109,-119.50360870361328,52.79999923706055,,0
08NM177,DEEP CREEK AT YOUNG ROAD,BC,50.46221923828125,-119.17749786376952,115.0,,0
08NM178,UNNAMED DITCH AT OLIVER,BC,49.18111038208008,-119.54750061035156,,,0
08NM179,COLDSTREAM CREEK ABOVE KALAVISTA DIVERSION,BC,50.22639083862305,-119.25556182861328,207.0,,0
08NM180,WHITEMAN CREEK AT THE MOUTH,BC,50.23110961914063,-119.45194244384766,197.0,,0
08NM181,WINFIELD CREEK AT INLET TO WOOD LAKE,BC,50.04999923706055,-119.40833282470705,,,0
08NM182,VERNON CREEK AT OUTLET OF ELLISON LAKE,BC,50.01583099365234,-119.40167236328124,138.0,,0
08NM183,KALAMALKA LAKE AT OUTLET OF OYAMA CANAL,BC,50.1119384765625,-119.37972259521484,,,0
08NM197,OKANAGAN RIVER BELOW THE S.O.L.I.D. CANAL,BC,49.255279541015625,-119.52693939208984,,,0
08NM198,WESTBANK CREEK AT THE MOUTH,BC,49.82416915893555,-119.61666870117188,14.0,,0
08NM199,UNNAMED DITCH ABOVE PACKING HOUSE OUTFALLS IN OLIVER,BC,49.17972183227539,-119.54833221435548,,,0
08NM200,INKANEEP CREEK NEAR THE MOUTH,BC,49.07783889770508,-119.50205993652344,227.0,,0
08NM201,PEACHLAND CREEK BELOW DIVERSION TO PEACHLAND LAKE RESERVOIR,BC,49.84222030639648,-119.9705581665039,74.5999984741211,,0
08NM202,PEACHLAND LAKE RESERVOIR OUTFLOW,BC,49.831939697265625,-119.9647216796875,80.30000305175781,,0
08NM207,MYRA DITCH BELOW KLO CREEK,BC,49.75278091430664,-119.27306365966795,,,0
08NM210,POOLEY CREEK ABOVE POOLEY DITCH,BC,49.747501373291016,-119.33721923828124,18.100000381469727,,0
08NM212,STIRLING CREEK DIVERSION TO MCCULLOCH RESERVOIR,BC,49.730560302734375,-119.21639251708984,,,0
08NM213,MCCULLOCH RESERVOIR AT MCCULLOCH DAM,BC,49.783329010009766,-119.18417358398438,,,0
08NM215,FISH LAKE AT THE OUTLET,BC,49.80500030517578,-119.19277954101562,,,0
08NM216,BROWNE LAKE RESERVOIR ABOVE THE DAM,BC,49.81972122192383,-119.18721771240234,,,0
08NM217,LONG MEADOW LAKE RESERVOIR ABOVE THE DAM,BC,49.80638885498047,-119.17333221435548,,,0
08NM218,MCDONALD CREEK DIVERSION TO PEACHLAND CREEK,BC,49.869720458984375,-119.99166870117188,,,0
08NM219,PEACHLAND CREEK DIVERSION TO PEACHLAND LAKE,BC,49.8355598449707,-119.9705581665039,,,0
08NM220,PEACHLAND LAKE NEAR PEACHLAND,BC,49.83361053466797,-119.96556091308594,,,0
08NM224,OYAMA LAKE AT THE OUTLET,BC,50.11555862426758,-119.2786102294922,,,0
08NM225,BELGO CREEK NEAR THE MOUTH,BC,49.87028121948242,-119.149169921875,190.0,,0
08NM226,KLO CREEK AT MCCULLOCH ROAD,BC,49.81832885742188,-119.36360931396484,,,0
08NM227,GARNET LAKE NEAR SUMMERLAND,BC,49.6863899230957,-119.77471923828124,,,0
08NM228,ENEAS CREEK NEAR SUMMERLAND,BC,49.67721939086914,-119.7677764892578,57.79999923706055,,0
08NM229,LOCH KATRINE CREEK AT OUTLET OF GRAYSTOKE LAKE,BC,49.9858283996582,-118.8708267211914,16.100000381469727,,0
08NM230,GRAYSTOKE LAKE AT THE OUTLET,BC,49.98556137084961,-118.8708267211914,,,0
08NM231,IDEAL LAKE NEAR THE OUTLET,BC,50.01082992553711,-119.09610748291016,,,0
08NM232,BELGO CREEK BELOW HILDA CREEK,BC,50.00040817260742,-119.07283020019533,70.69999694824219,,0
08NM233,MISSION CREEK ABOVE PEARSON CREEK,BC,49.88777923583984,-119.0625,233.0,,0
08NM234,MOORE LAKE RESERVOIR AT THE DAM,BC,50.025001525878906,-119.21666717529295,,,0
08NM235,RIBBLEWORTH CREEK NEAR OYAMA,BC,50.07500076293945,-119.3794403076172,,,0
08NM237,TROUT CREEK BELOW THIRSK LAKE,BC,49.71332931518555,-120.05332946777344,,,0
08NM238,THIRSK LAKE NEAR THE OUTLET,BC,49.73332977294922,-120.09166717529295,,,0
08NM239,MISSION CREEK BELOW B.M.I.D. INTAKE,BC,49.84999847412109,-119.28333282470705,,,0
08NM240,TWO FORTY CREEK NEAR PENTICTON,BC,49.6508903503418,-119.40003204345705,4.940000057220459,,1
08NM241,TWO FORTY-ONE CREEK NEAR PENTICTON,BC,49.65003967285156,-119.39385223388672,4.5,,0
08NM242,DENNIS CREEK NEAR 1780 METRE CONTOUR,BC,49.624168395996094,-119.38143157958984,3.7300000190734863,,1
08NM243,VASEUX LAKE NEAR THE OUTLET,BC,49.27318954467773,-119.5255126953125,,,0
08NM246,VASEUX CREEK NEAR THE MOUTH,BC,49.24533081054688,-119.52481079101562,296.0,,0
08NM247,OKANAGAN RIVER BELOW MCINTYRE DAM,BC,49.25683975219727,-119.5280303955078,7150.0,,0
08NM248,COLDSTREAM CREEK AT COLDSTREAM CREEK ROAD,BC,50.21670913696289,-119.22454833984376,180.0,,0
08NM249,BX CREEK AT BX RANCH PARK,BC,50.28121948242188,-119.23377990722656,,,0
08NM250,VERNON CREEK AT SWALWELL PARK,BC,50.02880859375,-119.40158081054688,146.0,,0
08NN001,BOUNDARY CREEK AT GREENWOOD,BC,49.078609466552734,-118.6866683959961,479.0,,0
08NN002,GRANBY RIVER AT GRAND FORKS,BC,49.043270111083984,-118.4404296875,2060.0,,0
08NN003,WEST KETTLE RIVER AT WESTBRIDGE,BC,49.1698112487793,-118.97505950927734,1890.0,,0
08NN004,KETTLE RIVER AT KETTLE VALLEY,BC,49.05693817138672,-118.9416732788086,4560.0,,0
08NN005,KETTLE RIVER AT CARSON,BC,49.0,-118.4958267211914,6730.0,,0
08NN006,KETTLE RIVER AT CASCADE,BC,49.02360916137695,-118.20832824707033,8960.0,,0
08NN007,ROCK CREEK NEAR ROCK CREEK,BC,49.05556106567383,-118.99944305419922,280.0,,0
08NN008,PASS CREEK NEAR GRAND FORKS,BC,49.19028091430664,-118.4661102294922,,,0
08NN009,DAN O'REA CREEK NEAR GRAND FORKS,BC,49.02999877929688,-118.37139129638672,7.769999980926514,,0
08NN010,MYERS CREEK AT INTERNATIONAL BOUNDARY,BC,49.00027847290039,-119.01721954345705,207.0,,0
08NN011,BOUNDARY CREEK NEAR MIDWAY,BC,49.002220153808594,-118.7616729736328,593.0,,0
08NN012,KETTLE RIVER NEAR LAURIER,WA,48.98443984985352,-118.21527862548828,9930.0,,0
08NN013,KETTLE RIVER NEAR FERRY,WA,48.98139190673828,-118.7652816772461,5700.0,,0
08NN014,CHRISTINA CREEK AT OUTLET OF CHRISTINA LAKE,BC,49.04193878173828,-118.20693969726562,492.0,,0
08NN015,WEST KETTLE RIVER NEAR MCCULLOCH,BC,49.702919006347656,-119.09246826171876,233.0,,1
08NN016,SUTHERLAND CREEK NEAR FIFE,BC,49.06555938720703,-118.18888854980467,88.0999984741211,,0
08NN017,CHRISTINA LAKE NEAR GRAND FORKS,BC,49.04444122314453,-118.20832824707033,,,0
08NN018,JULY CREEK NEAR GRAND FORKS,BC,49.01443862915039,-118.54110717773438,45.59999847412109,,0
08NN019,TRAPPING CREEK NEAR THE MOUTH,BC,49.56536865234375,-119.05196380615234,145.0,,0
08NN020,TRAPPING CREEK AT 1220 M CONTOUR,BC,49.66667175292969,-118.90972137451172,22.799999237060547,,0
08NN021,MOODY CREEK NEAR CHRISTINA,BC,49.05110931396485,-118.27333068847656,13.5,,0
08NN022,WEST KETTLE RIVER BELOW CARMI CREEK,BC,49.484169006347656,-119.10832977294922,1170.0,,0
08NN023,BURRELL CREEK ABOVE GLOUCESTER CREEK,BC,49.589141845703125,-118.31175231933594,221.0,,0
08NN024,KETTLE RIVER NEAR GRAND FORKS,BC,49.021671295166016,-118.41082763671876,8830.0,,0
08NN025,WEST KETTLE RIVER AT BEAVERDELL,BC,49.43111038208008,-119.0911102294922,1190.0,,0
08NN026,KETTLE RIVER NEAR WESTBRIDGE,BC,49.23004913330078,-118.9281234741211,2140.0,,0
08NN027,BEAVERDELL CREEK NEAR BEAVERDELL,BC,49.48556137084961,-119.02806091308594,,,0
08NN028,LOST HORSE CREEK NEAR CHRISTIAN VALLEY,BC,49.365821838378906,-118.84931182861328,28.5,,0
08NP001,FLATHEAD RIVER AT FLATHEAD,MT,49.001220703125,-114.47563934326172,1110.0,,0
08NP002,COULDREY CREEK IN LOT 9380,BC,49.032501220703125,-114.58332824707033,118.0,,0
08NP003,HOWELL CREEK ABOVE CABIN CREEK,BC,49.09471893310547,-114.53582763671876,145.0,,0
08NP004,CABIN CREEK NEAR THE MOUTH,BC,49.09439849853516,-114.55387115478516,92.8000030517578,,0
08NP005,COULDREY CREEK NEAR THE MOUTH,BC,49.04027938842773,-114.53472137451172,,,0
08OA001,AIN RIVER NEAR PORT CLEMENTS,BC,53.74443817138672,-132.4250030517578,308.0,,0
08OA002,YAKOUN RIVER NEAR PORT CLEMENTS,BC,53.6138916015625,-132.209716796875,480.0,,1
08OA003,PREMIER CREEK NEAR DAAJING GIIDS,BC,53.25860977172852,-132.07504272460938,0.5600000023841858,,1
08OA004,HONNA RIVER NEAR THE MOUTH,BC,53.25268173217773,-132.13803100585938,45.29999923706055,,1
08OA005,TARUNDL CREEK NEAR DAAJING GIIDS,BC,53.24399185180664,-132.14785766601562,10.600000381469728,,1
08OB001,DEENA RIVER NEAR QUEEN CHARLOTTE,BC,53.133331298828125,-132.1527862548828,56.70000076293945,,0
08OB002,PALLANT CREEK NEAR DAAJING GIIDS,BC,53.05730056762695,-132.05136108398438,76.69999694824219,,1
08OB003,MATHERS CREEK NEAR SANDSPIT,BC,53.01667022705078,-131.7777862548828,79.30000305175781,,0
08PA001,SKAGIT RIVER NEAR HOPE,BC,49.04721832275391,-121.09583282470705,907.0,,0
08PA002,SUMALLO RIVER AT THE MOUTH,BC,49.22055816650391,-121.09249877929688,208.0,,0
08PA003,SUMALLO RIVER NEAR HOPE,BC,49.272499084472656,-121.22833251953124,111.0,,0
08PA004,SKAGIT RIVER AT INTERNATIONAL BOUNDARY,BC,49.00025939941406,-121.06661987304688,987.0,,0
08PA009,ROSS RESERVOIR NEAR NEWHALEM,WA,48.73278045654297,-121.06722259521484,,,0
08PA010,LIGHTNING LAKE NEAR MANNING PARK,BC,49.06222152709961,-120.82611083984376,,,0
08PA012,SKAGIT RIVER ABOVE KLESILKWA RIVER,BC,49.118690490722656,-121.16686248779295,572.0,,0
09AA001,ATLIN LAKE AT ATLIN,BC,59.57252883911133,-133.70547485351562,,,0
09AA003,LINDEMAN LAKE NEAR BENNETT,BC,59.83332824707031,-135.01278686523438,,,0
09AA004,BENNETT LAKE AT CARCROSS,YT,60.16389083862305,-134.70750427246094,,,0
09AA006,ATLIN RIVER NEAR ATLIN,BC,59.595359802246094,-133.81442260742188,6860.0,,0
09AA007,LUBBOCK RIVER NEAR ATLIN,YT,60.08110809326172,-133.85833740234375,1770.0,,0
09AA008,PINE CREEK NEAR ATLIN,BC,59.56111145019531,-133.66555786132812,697.0,,0
09AA009,WATSON RIVER NEAR CARCROSS,YT,60.21667098999024,-134.73056030273438,1150.0,,0
09AA010,LINDEMAN CREEK NEAR BENNETT,YT,59.8377799987793,-135.01388549804688,240.0,,0
09AA011,TAGISH CREEK NEAR CARCROSS,YT,60.29222106933594,-134.3000030517578,76.9000015258789,,0
09AA012,WHEATON RIVER NEAR CARCROSS,YT,60.12778091430664,-134.88360595703125,864.0,,1
09AA013,TUTSHI RIVER AT OUTLET OF TUTSHI LAKE,BC,59.94778060913086,-134.33250427246094,989.0,,0
09AA014,FANTAIL RIVER AT OUTLET OF FANTAIL LAKE,YT,59.59444046020508,-134.39056396484375,717.0,,0
09AA015,WANN RIVER NEAR ATLIN,YT,59.43193817138672,-134.20556640625,269.0,,0
09AA016,FANTAIL LAKE NEAR ATLIN,YT,59.59444046020508,-134.39056396484375,,,0
09AA017,TAGISH LAKE AT 10 MILE ROAD,YT,60.16183090209961,-134.37933349609375,,,0
09AA018,MOON CREEK NEAR THE OUTLET OF MOON LAKE,BC,59.83460998535156,-134.6856689453125,,,0
09AB001,YUKON RIVER AT WHITEHORSE,YT,60.74449920654297,-135.06402587890625,19600.0,,0
09AB004,MARSH LAKE NEAR WHITEHORSE,YT,60.53057861328125,-134.36781311035156,,,0
09AB008,M'CLINTOCK RIVER NEAR WHITEHORSE,YT,60.61249923706055,-134.45750427246094,1700.0,,0
09AB009,YUKON RIVER ABOVE FRANK CREEK,YT,61.43444061279297,-135.18832397460938,30800.0,,0
09AB010,LAKE LABERGE NEAR WHITEHORSE,YT,61.09017181396485,-135.20175170898438,,,0
09AC001,TAKHINI RIVER NEAR WHITEHORSE,YT,60.85110855102539,-135.74110412597656,7050.0,,1
09AC004,TAKHINI RIVER AT OUTLET OF KUSAWA LAKE,YT,60.6127815246582,-136.12388610839844,4070.0,,0
09AC005,KUSAWA LAKE NEAR WHITEHORSE,YT,60.5877799987793,-136.14389038085938,,,0
09AC007,IBEX RIVER NEAR WHITEHORSE,YT,60.72574996948242,-135.4862518310547,648.0,,0
09AD001,NISUTLIN RIVER ABOVE WOLF RIVER,YT,60.34305953979492,-132.5447235107422,8030.0,,0
09AD002,SIDNEY CREEK AT KILOMETRE 46 SOUTH CANOL ROAD,YT,60.78866958618164,-133.06553649902344,372.0,,0
09AE001,TESLIN RIVER NEAR TESLIN,YT,60.48443984985352,-133.30194091796875,30300.0,,0
09AE002,TESLIN LAKE AT TESLIN,YT,60.15803146362305,-132.70957946777344,,,0
09AE003,SWIFT RIVER NEAR SWIFT RIVER,BC,59.93082809448242,-131.76861572265625,3390.0,,1
09AE004,GLADYS RIVER AT OUTLET OF GLADYS LAKE,YT,59.90555953979492,-132.9138946533203,1910.0,,0
09AE006,MORLEY RIVER AT KM 1251 ALASKA HIGHWAY,YT,60.00693893432617,-132.14443969726562,1580.0,,0
09AF001,TESLIN RIVER NEAR WHITEHORSE,YT,61.48917007446289,-134.77638244628906,36500.0,,0
09AG001,BIG SALMON RIVER NEAR CARMACKS,YT,61.87260818481445,-134.8363037109375,6760.0,,0
09AG002,QUIET LAKE AT KILOMETRE 98 SOUTH CANOL ROAD,YT,61.14305877685547,-133.08056640625,,,0
09AG003,SOUTH BIG SALMON RIVER BELOW LIVINGSTONE CREEK,YT,61.3861083984375,-134.37083435058594,515.0,,0
09AH001,YUKON RIVER AT CARMACKS,YT,62.09444046020508,-136.272216796875,81800.0,,0
09AH003,BIG CREEK NEAR THE MOUTH,YT,62.56782913208008,-137.00967407226562,1800.0,,0
09AH004,NORDENSKIOLD RIVER BELOW ROWLINSON CREEK,YT,62.05117034912109,-136.2802734375,6410.0,,1
09AH005,DRURY CREEK AT KM 469 ROBERT CAMPBELL HIGHWAY,YT,62.20016860961914,-134.38792419433594,552.0,,0
09BA001,ROSS RIVER AT ROSS RIVER,YT,61.9887809753418,-132.40716552734375,7310.0,,0
09BA002,PELLY RIVER BELOW FORTIN CREEK,YT,62.03055953979492,-130.602783203125,5020.0,,0
09BB001,SOUTH MACMILLAN RIVER AT KILOMETRE 407 CANOL ROAD,YT,62.9256706237793,-130.5379638671875,997.0,,1
09BB002,MACMILLAN RIVER NEAR THE MOUTH,YT,62.89332962036133,-135.50999450683594,13800.0,,0
09BC001,PELLY RIVER AT PELLY CROSSING,YT,62.82917022705078,-136.58250427246094,48900.0,,1
09BC002,PELLY RIVER AT ROSS RIVER,YT,61.98664093017578,-132.4475860595703,18400.0,,0
09BC003,ROSE CREEK BELOW FARO CREEK,YT,62.34167098999024,-133.4083251953125,208.0,,0
09BC004,PELLY RIVER BELOW VANGORDA CREEK,YT,62.22074890136719,-133.3778076171875,21900.0,,0
09BC005,TAY RIVER NEAR THE MOUTH,YT,62.57806015014648,-134.2383270263672,,,0
09CA001,KLUANE LAKE NEAR BURWASH LANDING,YT,61.054500579833984,-138.505859375,,,0
09CA002,KLUANE RIVER AT OUTLET OF KLUANE LAKE,YT,61.42694091796875,-139.05169677734375,4950.0,,0
09CA003,DONJEK RIVER BELOW KLUANE RIVER,YT,62.082218170166016,-139.85972595214844,12400.0,,0
09CA004,DUKE RIVER NEAR THE MOUTH,YT,61.34600067138672,-139.1679229736328,654.0,,0
09CA006,NISLING RIVER BELOW ONION CREEK,YT,62.20497131347656,-139.0426025390625,7910.0,,0
09CB001,WHITE RIVER AT KILOMETRE 1881.6 ALASKA HIGHWAY,YT,61.9881706237793,-140.5586700439453,6230.0,,1
09CB002,SNAG CREEK AT KM 1945.6 ALASKA HIGHWAY,YT,62.47639083862305,-140.8686065673828,676.0,,0
09CD001,YUKON RIVER ABOVE WHITE RIVER,YT,63.08250045776367,-139.49693298339844,149000.0,,0
09DA001,HESS RIVER ABOVE EMERALD CREEK,YT,63.3335189819336,-131.49090576171875,4840.0,,0
09DB001,BEAVER RIVER BELOW MATSON CREEK,YT,64.01499938964844,-134.13917541503906,4770.0,,0
09DC001,MAYO RIVER NEAR MAYO,YT,63.70193862915039,-135.8619384765625,2260.0,,0
09DC002,STEWART RIVER AT MAYO,YT,63.59056091308594,-135.89666748046875,31600.0,,0
09DC003,STEWART RIVER ABOVE FRASER FALLS,YT,63.488059997558594,-135.13499450683594,30600.0,,0
09DC004,WAREHAM LAKE AT HEADGATE,YT,63.65666961669922,-135.91722106933594,,,0
09DC005,MAYO LAKE NEAR THE OUTLET,YT,63.77333068847656,-135.3880615234375,,,0
09DC006,STEWART RIVER NEAR MAYO,YT,63.59088897705078,-135.8979949951172,,,0
09DD002,STEWART RIVER AT STEWART CROSSING,YT,63.38222122192383,-136.6830596923828,35000.0,,0
09DD003,STEWART RIVER AT THE MOUTH,YT,63.28221893310547,-139.2544403076172,51000.0,,0
09DD004,MCQUESTEN RIVER NEAR THE MOUTH,YT,63.61003112792969,-137.27374267578125,4750.0,,0
09EA003,KLONDIKE RIVER ABOVE BONANZA CREEK,YT,64.04277801513672,-139.40777587890625,7810.0,,0
09EA004,NORTH KLONDIKE RIVER NEAR THE MOUTH,YT,64.00196838378906,-138.59628295898438,1090.0,,1
09EA005,LITTLE SOUTH KLONDIKE RIVER BELOW ROSS CREEK,YT,63.996578216552734,-137.57861328125,860.0,,0
09EA006,KLONDIKE RIVER AT ROCK CREEK,YT,64.06208038330078,-139.08375549316406,,,0
09EB001,YUKON RIVER AT DAWSON,YT,64.07054138183594,-139.42543029785156,264000.0,,0
09EB002,YUKON RIVER AT STEWART RIVER,YT,63.311668395996094,-139.42860412597656,251000.0,,0
09EB003,INDIAN RIVER ABOVE THE MOUTH,YT,63.77000045776367,-139.62957763671875,2210.0,,1
09EB004,SIXTY MILE RIVER NEAR THE MOUTH,YT,63.68938827514648,-140.15992736816406,3060.0,,0
09EC001,CLINTON CREEK ABOVE WOLVERINE CREEK,YT,64.44833374023438,-140.7066650390625,,,0
09EC002,FORTYMILE RIVER NEAR THE MOUTH,YT,64.397216796875,-140.61111450195312,16600.0,,0
09ED001,YUKON RIVER AT EAGLE,AK,64.78943634033203,-141.19778442382812,288000.0,,0
09FA001,WHITESTONE RIVER NEAR THE MOUTH,YT,66.43035888671875,-138.40489196777344,6730.0,,0
09FB001,PORCUPINE RIVER BELOW BELL RIVER,YT,67.44027709960938,-137.7836151123047,36000.0,,0
09FB002,EAGLE RIVER AT DEMPSTER HIGHWAY BRIDGE,YT,66.44344329833984,-136.7092742919922,1720.0,,0
09FB003,SISTER CREEK AT KM 426 DEMPSTER HIGHWAY,YT,66.74317169189453,-136.35572814941406,,,0
09FC001,OLD CROW RIVER NEAR THE MOUTH,YT,67.63983917236328,-139.70924377441406,13900.0,,1
09FD001,PORCUPINE RIVER AT OLD CROW,YT,67.56388854980469,-139.88333129882812,55400.0,,0
09FD002,PORCUPINE RIVER NEAR INTERNATIONAL BOUNDARY,YT,67.45852661132812,-140.66200256347656,58900.0,,0
09FD003,PORCUPINE RIVER BELOW OLD CROW RIVER,YT,67.56832885742188,-139.83383178710938,,,0
10AA001,LIARD RIVER AT UPPER CROSSING,YT,60.0508918762207,-128.9068603515625,32600.0,,0
10AA002,TOM CREEK AT KILOMETRE 34.9 ROBERT CAMPBELL HIGHWAY,YT,60.29056167602539,-129.0205535888672,435.0,,0
10AA004,RANCHERIA RIVER NEAR THE MOUTH,YT,60.20806121826172,-129.5494384765625,5100.0,,0
10AA005,BIG CREEK AT KM 1084.8 ALASKA HIGHWAY,YT,60.15803146362305,-129.70396423339844,1010.0,,0
10AA006,LIARD RIVER BELOW SCURVY CREEK,YT,60.8107795715332,-130.52102661132812,,,0
10AB001,FRANCES RIVER NEAR WATSON LAKE,YT,60.4738883972168,-129.118896484375,12800.0,,1
10AB002,FRANCES LAKE AT KILOMETRE 171.4 ROBERT CAMPBELL HIGHWAY,YT,61.394439697265625,-129.62777709960938,,,0
10AB003,KING CREEK AT KILOMETRE 20.9 NAHANNI RANGE ROAD,YT,60.94721984863281,-128.9277801513672,13.699999809265137,,0
10AC001,DEASE LAKE NEAR TELEGRAPH CREEK,BC,58.459720611572266,-130.0366668701172,,,0
10AC002,DEASE RIVER AT MCDAME,BC,59.18888854980469,-129.21221923828125,6940.0,,0
10AC003,DEASE RIVER AT OUTLET OF DEASE LAKE,BC,58.81388854980469,-130.0833282470703,1520.0,,0
10AC004,BLUE RIVER NEAR THE MOUTH,BC,59.758331298828125,-129.12777709960938,1700.0,,0
10AC005,COTTONWOOD RIVER ABOVE BASS CREEK,BC,59.11750030517578,-129.82554626464844,882.0,,1
10AC006,DEASE RIVER NEAR THE MOUTH,BC,59.85832977294922,-128.5972137451172,14500.0,,0
10AD001,HYLAND RIVER NEAR LOWER POST,BC,59.950828552246094,-128.1508331298828,9450.0,,0
10AD002,HYLAND RIVER AT KILOMETRE 108.5 NAHANNI RANGE ROAD,YT,61.48683166503906,-128.2421112060547,2150.0,,0
10BA001,TURNAGAIN RIVER ABOVE SANDPILE CREEK,BC,59.0644416809082,-127.84471893310548,6580.0,,0
10BB001,KECHIKA RIVER AT THE MOUTH,BC,59.61528015136719,-127.3102798461914,22700.0,,0
10BB002,KECHIKA RIVER ABOVE BOYA CREEK,BC,59.098331451416016,-127.5338897705078,11200.0,,0
10BC001,COAL RIVER AT THE MOUTH,BC,59.69139099121094,-126.9505615234375,9190.0,,0
10BD001,BEAVER RIVER BELOW WHITEFISH RIVER,YT,60.1307487487793,-124.88925170898438,7280.0,,0
10BE001,LIARD RIVER AT LOWER CROSSING,BC,59.41249847412109,-126.09722137451172,104000.0,,1
10BE002,RACING RIVER NEAR FORT NELSON,BC,58.82389068603516,-125.13555908203124,1900.0,,0
10BE004,TOAD RIVER ABOVE NONDA CREEK,BC,58.85274887084961,-125.3754425048828,2540.0,,1
10BE005,LIARD RIVER ABOVE BEAVER RIVER,BC,59.74250030517578,-124.47638702392578,119000.0,,0
10BE006,LIARD RIVER ABOVE KECHIKA RIVER,BC,59.70111083984375,-127.22750091552734,61600.0,,0
10BE007,TROUT RIVER AT KILOMETRE 783.7 ALASKA HIGHWAY,BC,59.33597183227539,-125.94024658203124,1170.0,,1
10BE008,GEDDES CREEK AT THE MOUTH,BC,59.598331451416016,-126.66667175292967,77.80000305175781,,0
10BE009,TEETER CREEK NEAR THE MOUTH,BC,59.45318984985352,-126.22918701171876,209.0,,1
10BE010,TOAD RIVER NEAR THE MOUTH,BC,59.18777847290039,-124.7013931274414,6900.0,,0
10BE011,GRAYLING RIVER NEAR THE MOUTH,BC,59.37472152709961,-125.06861114501952,1780.0,,0
10BE012,RABBIT RIVER NEAR THE MOUTH,BC,59.60943984985352,-127.09610748291016,3780.0,,0
10BE013,SMITH RIVER NEAR THE MOUTH,BC,59.55353164672852,-126.4802474975586,3740.0,,0
10CA001,FONTAS RIVER NEAR THE MOUTH,BC,58.27119064331055,-121.46392059326172,7400.0,,0
10CB001,SIKANNI CHIEF RIVER NEAR FORT NELSON,BC,57.23822021484375,-122.69146728515624,2180.0,,1
10CC001,FORT NELSON RIVER AT FORT NELSON,BC,58.82221984863281,-122.54167175292967,43500.0,,0
10CC002,FORT NELSON RIVER ABOVE MUSKWA RIVER,BC,58.67082977294922,-122.6374969482422,22600.0,,0
10CD001,MUSKWA RIVER NEAR FORT NELSON,BC,58.7881088256836,-122.66163635253906,20300.0,,1
10CD002,PARKER CREEK NEAR THE MOUTH,BC,58.24250030517578,-122.8013916015625,60.59999847412109,,0
10CD003,RASPBERRY CREEK NEAR THE MOUTH,BC,58.892391204833984,-123.3188934326172,277.0,,0
10CD004,BOUGIE CREEK AT KILOMETRE 368 ALASKA HIGHWAY,BC,58.030250549316406,-122.7201690673828,335.0,,1
10CD005,ADSETT CREEK AT KILOMETRE 386.0 ALASKA HIGHWAY,BC,58.10599899291992,-122.71558380126952,109.0,,1
10CD006,PROPHET RIVER ABOVE CHEVES CREEK,BC,58.48389053344727,-122.82971954345705,7320.0,,0
10DA001,PETITOT RIVER BELOW HIGHWAY NO. 77,BC,59.98855972290039,-122.9609375,22400.0,,0
10DB001,LABICHE RIVER AT YUKON/BC BOUNDARY,YT,60.00558090209961,-124.10939025878906,,,0
10EA002,FLAT RIVER AT CANTUNG CAMP,NT,61.97306060791016,-128.23443603515625,155.0,,0
10EA003,FLAT RIVER NEAR THE MOUTH,NT,61.52996826171875,-125.41075134277344,8560.0,,0
10EA004,FLAT RIVER AT TUNGSTEN AIRSTRIP,NT,61.95249938964844,-128.19778442382812,171.0,,0
10EB001,SOUTH NAHANNI RIVER ABOVE VIRGINIA FALLS,NT,61.6361083984375,-125.79702758789062,14500.0,,1
10EB002,MAC CREEK NEAR THE MOUTH,NT,62.21028137207031,-128.76417541503906,216.0,,0
10EB003,LENED CREEK ABOVE LITTLE NAHANNI RIVER,NT,62.36943817138672,-128.67832946777344,34.29999923706055,,0
10EC001,SOUTH NAHANNI RIVER ABOVE CLAUSEN CREEK,NT,61.263328552246094,-124.06971740722656,31100.0,,0
10EC002,PRAIRIE CREEK AT CADILLAC MINE,NT,61.55833053588867,-124.8125,495.0,,0
10EC003,PRAIRIE CREEK AT CADILLAC MINE - SITE TWO,NT,61.5561408996582,-124.8110122680664,,,0
10EC004,SOUTH NAHANNI RIVER NEAR LIARD RIVER CONFLUENCE,NT,61.04153060913086,-123.40271759033205,,,0
10ED001,LIARD RIVER AT FORT LIARD,NT,60.24156188964844,-123.47541809082033,222000.0,,0
10ED002,LIARD RIVER NEAR THE MOUTH,NT,61.74266815185547,-121.22785949707033,275000.0,,1
10ED003,BIRCH RIVER AT HIGHWAY NO. 7,NT,61.33358001708984,-122.09425354003906,542.0,,1
10ED004,RABBIT CREEK BELOW HIGHWAY NO. 7,NT,60.46139144897461,-123.41278076171876,105.0,,0
10ED005,MILE 14 CREEK AT HIGHWAY NO. 7,NT,61.42499923706055,-121.625,,,0
10ED006,RABBIT CREEK AT HIGHWAY NO. 7,NT,60.4638900756836,-123.36499786376952,92.6999969482422,,0
10ED007,BLACKSTONE RIVER AT HIGHWAY NO. 7,NT,61.06031036376953,-122.89543914794922,,,1
10ED008,LIARD RIVER AT LINDBERG LANDING,NT,61.11806106567383,-122.8597183227539,,,0
10ED009,SCOTTY CREEK AT HIGHWAY NO. 7,NT,61.41630935668945,-121.45628356933594,202.0,,0
10ED010,GRAINGER RIVER AT CANADIAN ZINC ROAD,NT,61.32458114624024,-123.40599822998048,,,0
10FA001,TROUT RIVER NEAR OUTLET OF TROUT LAKE,NT,60.76667022705078,-121.10832977294922,,,0
10FA002,TROUT RIVER AT HIGHWAY NO. 1,NT,61.13980865478516,-119.8430633544922,9270.0,,1
10FB001,MACKENZIE RIVER NEAR FORT PROVIDENCE,NT,61.26082992553711,-117.5447235107422,980000.0,,0
10FB002,MACKENZIE RIVER AT RABBITSKIN RIVER,NT,61.77777862548828,-120.69306182861328,,,0
10FB003,MACKENZIE RIVER AT HEAD-OF-THE-LINE,NT,61.35055923461914,-120.01667022705078,,,0
10FB004,MACKENZIE RIVER AT MILLS LAKE,NT,61.47249984741211,-118.0500030517578,,,0
10FB005,JEAN-MARIE RIVER AT HIGHWAY NO. 1,NT,61.44552993774414,-121.23818969726562,1310.0,,1
10FB006,MACKENZIE RIVER AT STRONG POINT,NT,61.81650161743164,-120.79192352294922,,,0
10FC001,PLATEAU CREEK NEAR WILLOW LAKE,NT,62.30416870117188,-118.23306274414062,69.9000015258789,,0
10GA001,ROOT RIVER NEAR THE MOUTH,NT,62.47972106933594,-123.4330596923828,9820.0,,1
10GB001,WILLOWLAKE RIVER BELOW METAHDALI CREEK,NT,62.65277862548828,-122.90583038330078,20500.0,,0
10GB002,MACKENZIE RIVER AT CAMSELL BEND,NT,62.26721954345703,-123.35221862792967,,,0
10GB003,MACKENZIE RIVER AT MCGERN ISLAND,NT,62.65694046020508,-123.2249984741211,,,0
10GB004,MACKENZIE RIVER AT KILOMETRE 518,NT,62.77917098999024,-123.20832824707033,,,0
10GB005,METAHDALI CREEK ABOVE WILLOWLAKE RIVER,NT,62.64971923828125,-122.90638732910156,344.0,,0
10GB006,WILLOWLAKE RIVER ABOVE METAHDALI CREEK,NT,62.65005874633789,-122.89924621582033,20200.0,,1
10GC001,MACKENZIE RIVER AT FORT SIMPSON,NT,61.868438720703125,-121.35888671875,1301435.0,,0
10GC002,HARRIS RIVER NEAR THE MOUTH,NT,61.87667083740234,-121.29582977294922,701.0,,0
10GC003,MARTIN RIVER AT HIGHWAY NO. 1,NT,61.89393997192383,-121.61183166503906,2050.0,,0
10GC004,MACKENZIE RIVER ABOVE LIARD RIVER,NT,61.86666870117188,-121.33332824707033,,,0
10GC005,SAHNDAA CREEK AT HIGHWAY NO. 1,NT,62.06193923950195,-122.20999908447266,251.0,,0
10GC006,MACKENZIE RIVER AT NDULEE CROSSING,NT,62.13777923583984,-122.5366668701172,,,0
10GD001,SUNDOG CR NR KM 30 CANADIAN ZINC ROAD,NT,61.56106948852539,-124.47782135009766,,,0
10GD002,TETCELA RIVER AT CANADIAN ZINC ROAD,NT,61.47253036499024,-123.72428131103516,,,0
10HA001,MACKENZIE RIVER AT OLD FORT POINT,NT,64.68556213378906,-125.00138854980467,,,0
10HA002,TSICHU RIVER AT CANOL ROAD,NT,63.30389022827149,-129.7899932861328,219.0,,0
10HA003,TWITYA RIVER NEAR THE MOUTH,NT,64.16056060791016,-128.29916381835938,5590.0,,0
10HA004,KEELE RIVER ABOVE TWITYA RIVER,NT,64.13382720947266,-128.2115936279297,11200.0,,0
10HB001,REDSTONE RIVER NEAR THE MOUTH,NT,64.1833267211914,-124.66667175292967,16400.0,,0
10HB002,MACKENZIE RIVER AT KILOMETRE 681,NT,64.01805877685547,-124.4236068725586,,,0
10HB003,WRIGLEY RIVER NEAR THE MOUTH,NT,63.17610931396485,-123.69027709960938,1230.0,,0
10HB004,SILVERBERRY RIVER NEAR LITTLE DAL LAKE,NT,62.76556015014648,-126.69222259521484,1420.0,,0
10HB005,REDSTONE RIVER 63 KM ABOVE THE MOUTH,NT,63.92350006103516,-125.29656219482422,15400.0,,0
10HC001,MACKENZIE RIVER NEAR WRIGLEY,NT,63.266109466552734,-123.59722137451172,,,0
10HC002,MACKENZIE RIVER NEAR BLACKWATER RIVER,NT,63.973609924316406,-124.26667022705078,,,0
10HC003,BIG SMITH CREEK NEAR HIGHWAY NO. 1,NT,64.59249877929688,-124.81278228759766,980.0,,0
10HC004,MACKENZIE RIVER AT KILOMETRE 710,NT,64.2652816772461,-124.4749984741211,,,0
10HC005,BLACKWATER RIVER NEAR THE MOUTH,NT,63.92805862426758,-124.06555938720705,10400.0,,0
10HC006,BLACKWATER RIVER AT OUTLET OF BLACKWATER LAKE,NT,63.9002799987793,-123.3227767944336,7850.0,,0
10HC007,HODGSON CREEK NEAR THE MOUTH,NT,63.24419021606445,-123.48114013671876,,,0
10HC008,OCHRE RIVER NEAR THE MOUTH,NT,63.48966979980469,-123.6126708984375,,,0
10JA001,GREAT BEAR LAKE AT PORT RADIUM,NT,66.08332824707031,-118.03333282470705,,,0
10JA002,CAMSELL RIVER AT OUTLET OF CLUT LAKE,NT,65.59832763671875,-117.758056640625,32100.0,,0
10JA003,CAMSELL RIVER ABOVE LAC STE. CROIX,NT,64.27333068847656,-117.25231170654295,,,0
10JA004,ACASTA RIVER ABOVE LITTLE CRAPEAU LAKE,NT,64.87555694580078,-116.14167022705078,2280.0,,0
10JB001,JOHNNY HOE RIVER ABOVE LAC STE. THERESE,NT,64.56314086914062,-121.74311065673828,17300.0,,0
10JC001,MACKENZIE RIVER AT NORMAN,NT,64.90833282470703,-125.59166717529295,,,0
10JC002,GREAT BEAR LAKE AT FORT FRANKLIN,NT,65.1916732788086,-123.41667175292967,,,0
10JC003,GREAT BEAR RIVER AT OUTLET OF GREAT BEAR LAKE,NT,65.12841796875,-123.55091857910156,146400.0,,1
10JD001,HALDANE RIVER NEAR THE MOUTH,NT,66.85832977294922,-121.2652816772461,3940.0,,0
10JD002,WHITEFISH RIVER NEAR THE MOUTH,NT,65.73222351074219,-124.61000061035156,4740.0,,0
10JE001,SLOAN RIVER NEAR THE MOUTH,NT,66.52194213867188,-117.27388763427734,2040.0,,0
10JE002,GREAT BEAR LAKE AT HORNBY BAY,NT,66.6121597290039,-117.6060562133789,341.260009765625,,0
10KA001,MACKENZIE RIVER AT NORMAN WELLS,NT,65.27197265625,-126.8499984741211,1594500.0,,0
10KA002,MACKENZIE RIVER NEAR FORT NORMAN,NT,64.9000015258789,-125.6500015258789,,,0
10KA003,BOSWORTH CREEK AT NORMAN WELLS,NT,65.29055786132812,-126.87444305419922,122.0,,0
10KA004,MACKENZIE RIVER AT KILOMETRE 853,NT,64.98555755615234,-126.179443359375,,,0
10KA005,SEEPAGE CREEK AT NORMAN WELLS,NT,65.2638931274414,-126.72222137451172,30.799999237060547,,0
10KA006,JUNGLE RIDGE CREEK NEAR THE MOUTH,NT,65.05756378173828,-126.12158203125,60.0,,0
10KA007,BOSWORTH CREEK NEAR NORMAN WELLS,NT,65.32380676269531,-126.8774185180664,125.0,,0
10KA008,OSCAR CREEK NEAR NORMAN WELLS,NT,65.44551849365234,-127.3694305419922,638.0,,0
10KA009,CANYON CREEK AT PIPELINE CROSSING,NT,65.23191833496094,-126.51817321777344,,,0
10KB001,CARCAJOU RIVER BELOW IMPERIAL RIVER,NT,65.29532623291016,-127.68335723876952,7400.0,,0
10KB901,CARCAJOU RIVER NEAR THE MOUTH,NT,65.63333129882812,-128.8000030517578,,,0
10KC001,MOUNTAIN RIVER BELOW CAMBRIAN CREEK,NT,65.22943878173828,-128.56332397460938,11060.0,,0
10KC901,MOUNTAIN RIVER NEAR THE MOUTH,NT,65.6833267211914,-128.9166717529297,,,0
10KD001,MACKENZIE RIVER AT SANS SAULT RAPIDS,NT,65.7642593383789,-128.74978637695312,1622000.0,,0
10KD002,MACKENZIE RIVER AT THE RAMPARTS,NT,66.1833267211914,-129.0416717529297,,,0
10KD003,MACKENZIE RIVER AT KILOMETRE 1070,NT,66.08332824707031,-129.07472229003906,,,0
10KD004,RAMPARTS RIVER NEAR FORT GOOD HOPE,NT,66.11222076416016,-129.27528381347656,7300.0,,0
10KD005,MACKENZIE RIVER ABOVE THE RAMPARTS,NT,66.14971923828125,-128.71861267089844,,,0
10KD006,MACKENZIE RIVER IN THE RAMPARTS,NT,66.19306182861328,-128.90110778808594,,,0
10KD007,MACKENZIE RIVER ABOVE SANS SAULT RAPIDS,NT,65.67278289794922,-128.7705535888672,,,0
10KD008,MACKENZIE RIVER AT DUMIT ISLAND,NT,65.72110748291016,-128.78277587890625,,,0
10KD009,CHICK CREEK ABOVE CHICK LAKE,NT,65.8548583984375,-128.13414001464844,,,0
10LA001,MACKENZIE RIVER NEAR ARCTIC RED RIVER,NT,67.44999694824219,-133.75,,,0
10LA002,ARCTIC RED RIVER NEAR THE MOUTH,NT,66.78743743896484,-133.0896453857422,18750.0,,1
10LA004,WELDON CREEK NEAR THE MOUTH,NT,66.41194152832031,-132.6941680908203,852.0,,0
10LB001,MACKENZIE RIVER NEAR LITTLE CHICAGO,NT,67.23332977294922,-130.26666259765625,,,0
10LB002,MACKENZIE RIVER AT KILOMETRE 1361,NT,67.30000305175781,-132.36666870117188,,,0
10LB003,MACKENZIE RIVER AT KILOMETRE 1291,NT,67.44999694824219,-130.89999389648438,,,0
10LB004,LOON RIVER NEAR THE ARCTIC CIRCLE,NT,66.51419067382812,-128.80174255371094,2745.0,,0
10LB005,TRAVAILLANT RIVER ABOVE TRAVAILLANT LAKE,NT,67.78357696533203,-131.93069458007812,,,0
10LB006,THUNDER RIVER NEAR THE MOUTH,NT,67.49852752685547,-130.9024658203125,,,0
10LB007,TIEDA RIVER NEAR THE MOUTH,NT,66.69322204589844,-129.28587341308594,,,0
10LC001,MACKENZIE RIVER (EAST CHANNEL) NEAR REINDEER DEPOT,NT,68.6500015258789,-134.10000610351562,,,0
10LC002,MACKENZIE RIVER (EAST CHANNEL) AT INUVIK,NT,68.37419128417969,-133.76483154296875,,,0
10LC003,RENGLENG RIVER BELOW HIGHWAY NO. 8 (DEMPSTER HIGHWAY),NT,67.7535629272461,-133.86264038085938,1300.0,,0
10LC004,CAMPBELL CREEK NEAR INUVIK,NT,68.26777648925781,-133.2630615234375,,,0
10LC005,MACKENZIE RIVER AT KILOMETRE 1503,NT,67.88333129882812,-134.3333282470703,,,0
10LC006,MACKENZIE RIVER (KALINEK CHANNEL) ABOVE ONIAK CHANNEL,NT,68.397216796875,-133.98333740234375,,,0
10LC007,CARIBOU CREEK ABOVE HIGHWAY NO. 8 (DEMPSTER HIGHWAY),NT,68.0872802734375,-133.49232482910156,590.0,,1
10LC008,MACKENZIE RIVER (MIDDLE CHANNEL) ABOVE NAPOIAK CHANNEL,NT,68.4333267211914,-134.1138916015625,,,0
10LC009,CABIN CREEK ABOVE HIGHWAY NO. 8 (DEMPSTER HIGHWAY),NT,68.26139068603516,-133.26138305664062,150.0,,0
10LC010,BOOT CREEK NEAR INUVIK,NT,68.3611068725586,-133.64389038085938,28.200000762939453,,0
10LC011,MACKENZIE RIVER BELOW POINT SEPARATION,NT,67.6611099243164,-134.1361083984375,1701100.0,,0
10LC012,MACKENZIE RIVER (MIDDLE CHANNEL) AT TUNUNUK POINT,NT,69.00961303710938,-134.68983459472656,,,0
10LC013,MACKENZIE RIVER (EAST CHANNEL) ABOVE KITTIGAZUIT BAY,NT,69.28785705566406,-133.90289306640625,,,0
10LC014,MACKENZIE RIVER AT ARCTIC RED RIVER,NT,67.45600128173828,-133.75328063964844,1679100.0,,0
10LC015,MACKENZIE RIVER AT CONFLUENCE EAST CHANNEL,NT,67.79393768310547,-134.1325225830078,,,0
10LC016,MACKENZIE RIVER (EAST CHANNEL) AT TUNUNUK POINT,NT,69.16667175292969,-134.63333129882812,,,0
10LC017,HAVIKPAK CREEK NEAR INUVIK,NT,68.31278228759766,-133.52621459960938,15.210000038146973,,0
10LC018,MACKENZIE RIVER (MIDDLE CHANNEL) ABOVE KUMAK CHANNEL,NT,69.23306274414062,-135.19082641601562,,,0
10LC019,MACKENZIE RIVER (KUMAK CHANNEL) BELOW MIDDLE CHANNEL,NT,68.31925201416016,-135.2432861328125,,,0
10LC020,BIG LAKE AT TAGLU ISLAND,NT,69.3893814086914,-134.96902465820312,,,0
10LC021,MACKENZIE RIVER AT KULUARPAK CHANNEL,NT,69.42312622070312,-135.01553344726562,,,0
10LD001,MACKENZIE RIVER AT FORT GOOD HOPE,NT,66.25147247314453,-128.645751953125,1636000.0,,0
10LD002,JACKFISH CREEK NEAR FORT GOOD HOPE,NT,66.25639343261719,-128.6397247314453,62.900001525878906,,0
10LD004,HARE INDIAN RIVER NEAR FORT GOOD HOPE,NT,66.40083312988281,-128.2597198486328,15937.0,,0
10MA001,PEEL RIVER ABOVE CANYON CREEK,YT,65.89260864257812,-136.0378875732422,25500.0,,0
10MA002,OGILVIE RIVER AT KILOMETRE 197.9 DEMPSTER HIGHWAY,YT,65.36219787597656,-138.3021240234375,5410.0,,0
10MA003,BLACKSTONE RIVER NEAR CHAPMAN LAKE AIRSTRIP,YT,64.90142059326172,-138.27603149414062,1180.0,,1
10MA004,HART RIVER NEAR HUNGRY LAKE,YT,65.63877868652344,-136.65313720703125,,,0
10MA005,WIND RIVER ABOVE LITTLE WIND RIVER,YT,65.3211898803711,-135.40272521972656,,,0
10MB001,SNAKE RIVER ABOVE IRON CREEK,YT,65.2458267211914,-133.4027862548828,2770.0,,0
10MB003,SNAKE RIVER NEAR THE MOUTH,YT,65.97028350830078,-134.0382537841797,8910.0,,0
10MB004,BONNET PLUME RIVER ABOVE GILLESPIE CREEK,YT,64.74846649169922,-133.67999267578125,3760.0,,0
10MC001,MACKENZIE RIVER (PEEL CHANNEL) AT AKLAVIK.,NT,68.21943664550781,-135.0,,,0
10MC002,PEEL RIVER ABOVE FORT MCPHERSON,NT,67.2588882446289,-134.88880920410156,70600.0,,1
10MC003,MACKENZIE RIVER (PEEL CHANNEL) ABOVE AKLAVIK,NT,68.20366668701172,-135.11480712890625,,,0
10MC004,MACKENZIE RIVER (WEST CHANNEL) BELOW AKLAVIK CHANNEL,NT,68.25833129882812,-135.0500030517578,,,0
10MC005,MACKENZIE RIVER (AKLAVIK CHANNEL) ABOVE SCHOONER CHANNEL,NT,68.25277709960938,-134.8000030517578,,,0
10MC007,RAT RIVER NEAR FORT MCPHERSON,NT,67.67694091796875,-135.7180633544922,1260.0,,0
10MC008,MACKENZIE RIVER (MIDDLE CHANNEL) BELOW RAYMOND CHANNEL,NT,68.29241943359375,-134.42974853515625,,,0
10MC009,MACKENZIE RIVER (MARCUS CHANNEL) BELOW MIDDLE CHANNEL,NT,68.7986068725586,-134.69583129882812,,,0
10MC010,MACKENZIE RIVER (OUTFLOW MIDDLE CHANNEL) BELOW LANGLEY ISLAND,NT,69.083251953125,-135.1362762451172,,,0
10MC011,MACKENZIE RIVER (REINDEER CHANNEL) AT ELLICE ISLAND,NT,69.0181884765625,-135.5123291015625,,,0
10MC012,MACKENZIE RIVER (REINDEER CHANNEL) BELOW LOUIE CHANNEL,NT,68.87471771240234,-134.98333740234375,,,0
10MC013,MACKENZIE RIVER (MIDDLE CHANNEL) NEAR LANGLEY ISLAND,NT,69.05000305175781,-135.0333251953125,,,0
10MC014,MACKENZIE RIVER (RAYMOND CHANNEL)BELOW MIDDLE CHANNEL,NT,68.29833221435547,-134.42916870117188,,,0
10MC015,MACKENZIE RIVER (REINDEER CHANNEL) BELOW LOUIS CHANNEL,NT,68.88333129882812,-135.01666259765625,,,0
10MC016,MACKENZIE RIVER (JAMISON CHANNEL) BELOW AKLAVIK CHANNEL,NT,68.25305938720703,-135.02389526367188,,,0
10MC017,MACKENZIE RIVER (TAYLOR CHANNEL) BELOW AKLAVIK CHANNEL,NT,68.2763900756836,-134.8330535888672,,,0
10MC018,MACKENZIE RIVER (NAPOIAK CHANNEL) ABOVE SCHOONER CHANNEL,NT,68.44139099121094,-134.44667053222656,,,0
10MC019,MACKENZIE RIVER (PEDERSON CHANNEL) BELOW THRASHER CHANNEL,NT,68.86528015136719,-134.5305633544922,,,0
10MC020,MACKENZIE RIVER (CROOKED CHANNEL) BELOW TUMMA CHANNEL,NT,68.55610656738281,-134.41250610351562,,,0
10MC021,MACKENZIE RIVER (AMAGOKVIK CHANNEL) BELOW TUMMA CHANNEL,NT,68.60111236572266,-134.38943481445312,,,0
10MC022,PEEL RIVER AT FROG CREEK,NT,67.63542175292969,-134.65225219726562,70700.0,,0
10MC023,MACKENZIE RIVER (NAPOIAK CHANNEL) ABOVE SHALLOW BAY,NT,68.6357192993164,-134.98443603515625,,,0
10MD001,FIRTH RIVER NEAR THE MOUTH,YT,69.32660675048828,-139.56744384765625,5700.0,,0
10MD002,BABBAGE RIVER BELOW CARIBOU CREEK,YT,68.83917236328125,-138.6683349609375,1500.0,,0
10NA001,CARNWATH RIVER BELOW ANDREW RIVER,NT,68.39360809326172,-128.94972229003906,21600.0,,0
10NB001,ANDERSON RIVER NEAR LAC MAUNOIR,NT,67.6449966430664,-124.2229995727539,,,0
10NC001,ANDERSON RIVER BELOW CARNWATH RIVER,NT,68.63066864013672,-128.4214324951172,57800.0,,1
10ND001,HANS CREEK NEAR INUVIK,NT,68.87055969238281,-133.5783233642578,337.0,,0
10ND002,TRAIL VALLEY CREEK NEAR INUVIK,NT,68.73619079589844,-133.49310302734375,68.30000305175781,,1
10ND003,ZED CREEK NEAR INUVIK,NT,68.9527816772461,-133.38333129882812,401.0,,0
10ND004,HANS CREEK ABOVE HUSKY LAKES,NT,68.86743927001953,-133.5919952392578,329.0,,0
10ND005,FRESHWATER CREEK NEAR TUKTOYAKTUK,NT,69.43556213378906,-132.90194702148438,,,0
10ND006,HUSKY LAKES (ESKIMO LAKES) AT ZED BAY,NT,68.99066925048828,-133.2464141845703,,,0
10OB001,HORNADAY RIVER NEAR THE PARK BOUNDARY,NT,69.17603302001953,-123.25244140625,,,0
10OC001,INMAN RIVER NEAR THE MOUTH,NU,69.1119384765625,-118.47860717773438,3050.0,,0
10PA001,COPPERMINE RIVER BELOW DESTEFFANY LAKE,NT,64.61575317382812,-111.95464324951172,6116.0,,0
10PA002,YAMBA RIVER BELOW DARING LAKE,NT,64.80667114257812,-111.67806243896484,2012.0,,0
10PB001,COPPERMINE RIVER AT OUTLET OF POINT LAKE,NT,65.41583251953125,-114.00778198242188,19200.0,,1
10PB002,IZOK LAKE INFLOW,NU,65.63971710205078,-112.8625030517578,338.0,,0
10PB003,POINT LAKE NEAR THE OUTLET,NT,65.4044418334961,-113.9949188232422,19300.0,,0
10PC001,KENDALL RIVER NEAR OUTLET OF DISMAL LAKES,NU,67.21333312988281,-116.5758285522461,2790.0,,0
10PC002,ATITOK CREEK NEAR DISMAL LAKES,NU,67.21443939208984,-116.60888671875,217.0,,0
10PC003,COPPERMINE RIVER ABOVE BLOODY FALLS,NU,67.74028015136719,-115.37860870361328,50700.0,,0
10PC004,COPPERMINE RIVER ABOVE COPPER CREEK,NU,67.22833251953125,-115.8888931274414,46200.0,,0
10PC005,FAIRY LAKE RIVER NEAR OUTLET OF NAPAKTULIK LAKE,NU,66.25360870361328,-113.99138641357422,6442.0,,1
10QA001,TREE RIVER NEAR THE MOUTH,NU,67.63500213623047,-111.9022216796875,5810.0,,1
10QB001,HOOD RIVER NEAR THE MOUTH,NU,67.3499984741211,-108.93499755859376,,,0
10QC001,BURNSIDE RIVER NEAR THE MOUTH,NU,66.72624969482422,-108.81317138671876,16800.0,,0
10QC002,GORDON RIVER NEAR THE MOUTH,NU,66.80999755859375,-107.10111236572266,1530.0,,0
10QC003,CONTWOYTO LAKE AT LUPIN MINE,NU,65.77877044677734,-111.21797943115234,,,0
10QC004,BURNSIDE RIVER AT OUTLET OF CONTWOYTO LAKE,NU,66.01249694824219,-111.29277801513672,6056.0,,0
10QD001,KUUNAJUK RIVER NEAR THE MOUTH,NU,67.70832824707031,-104.13916778564452,16900.0,,1
10RA001,BACK RIVER BELOW BEECHY LAKE,NU,65.18721771240234,-106.08583068847656,19600.0,,0
10RA002,BAILLIE RIVER NEAR THE MOUTH,NU,65.01055908203125,-104.49056243896484,14500.0,,0
10RC001,BACK RIVER ABOVE HERMANN RIVER,NU,66.08614349365234,-96.51081085205078,93900.0,,1
10RC002,MEADOWBANK RIVER ABOVE NANAU LAKE,NU,65.46582794189453,-95.88127899169922,,,0
10SA001,UNNAMED RIVER AT OUTLET OF LAKE JEKYL,NU,69.78333282470703,-93.5,502.0,,0
10SA002,LORD LINDSAY RIVER ABOVE SANAGAK LAKE,NU,70.21666717529297,-93.9499969482422,1440.0,,0
10SA003,LORD LINDSAY RIVER ABOVE WESTERN TRIBUTARY,NU,70.48332977294922,-94.46666717529295,717.0,,0
10SA004,UNNAMED EASTERN TRIBUTARY OF WROTTESLEY RIVER,NU,70.94999694824219,-94.78333282470705,603.0,,0
10SB001,HAYES RIVER ABOVE CHANTREY INLET,NU,67.5250015258789,-94.0583267211914,18100.0,,0
10TA001,BIG RIVER ABOVE EGG RIVER,NT,72.49281311035156,-123.47532653808594,3640.0,,0
10TF001,FRESHWATER CREEK NEAR CAMBRIDGE BAY,NU,69.13111114501953,-104.99056243896484,1490.0,,1
10TM001,ASTON RIVER ABOVE ASTON BAY,NU,73.5,-94.13333129882812,961.0,,0
10TM002,CUNNINGHAM RIVER ABOVE CUNNINGHAM INLET,NU,73.8499984741211,-93.46666717529295,1810.0,,0
10TN001,LANG RIVER ABOVE PRINCE REGENT INLET,NU,72.28333282470703,-94.1999969482422,134.0,,0
10TN002,UNION RIVER AT OUTLET OF STANWELL-FLETCHER LAKE,NU,72.73332977294922,-94.4333267211914,1970.0,,0
10TN003,WEST CRESWELL RIVER ABOVE CRESWELL BAY,NU,73.03333282470703,-94.21666717529295,505.0,,0
10UB001,MARCIL CREEK NEAR ARCTIC BAY,NU,72.99360656738281,-84.98777770996094,139.0,,0
10UE001,TULUGAK RIVER ON BROUGHTON ISLAND,NU,67.56111145019531,-63.98167037963867,27.399999618530277,,0
10UF001,DUVAL RIVER NEAR PANGNIRTUNG,NU,66.06749725341797,-65.68611145019531,95.5,,0
10UG001,MCKEAND RIVER NEAR THE NORTH CONFLUENCE,NU,64.91239166259766,-68.31378173828125,,,0
10UG002,MCKEAND RIVER NEAR THE SOUTH CONFLUENCE,NU,64.25897216796875,-68.18177795410156,,,0
10UH001,SYLVIA GRINNELL RIVER NEAR IQALUIT,NU,63.76641845703125,-68.58061218261719,2980.0,,1
10UH002,APEX RIVER AT APEX,NU,63.73603057861328,-68.4515609741211,58.5,,0
10UH003,ANNA MARIE RIVER NEAR THE MOUTH,NU,63.79627990722656,-67.91535949707031,,,0
10UH004,ARMSHOW RIVER NEAR THE MOUTH,NU,63.5990104675293,-68.89456176757812,,,0
10UH005,ARMSHOW SOUTH RIVER AT OUTLET ARMSHOW SOUTH LAKE,NU,63.54056167602539,-68.9020767211914,,,0
10UH006,ARMSHOW NORTH RIVER AT OUTLET ARMSHOW NORTH LAKE,NU,63.630859375,-69.03861999511719,,,0
10UH007,BURTON RIVER AT BURTON LAKE,NU,63.78916931152344,-68.321533203125,,,0
10UH008,CANTLEY RIVER NEAR THE MOUTH,NU,63.69599914550781,-67.54486846923828,,,0
10UH009,CORNELIA RIVER NEAR THE MOUTH,NU,63.72853088378906,-67.70252990722656,,,0
10UH010,JAYNES RIVER AT THE OUTLET OF JAYNES LAKE,NU,63.21136093139648,-68.4111099243164,,,0
10UH011,JORDAN RIVER NEAR THE MOUTH,NU,63.7747802734375,-68.98039245605469,,,0
10UH012,INFLOW TO LAKE GERALDINE NEAR IQALUIT,NU,63.764251708984375,-68.51177978515625,,,0
10UH013,LAKE GERALDINE NEAR IQALUIT,NU,63.7564697265625,-68.50431060791016,,,0
10UH014,JAYNES RIVER 10KM BELOW OUTLET OF JAYNES LAKE,NU,63.261940002441406,-68.27689361572266,,,0
10UJ001,SOPER RIVER NEAR KIMMIRUT (LAKE HARBOUR),NU,62.96749877929688,-69.74388885498047,,,0
10VB001,UNNAMED RIVER ABOVE KING POINT,NU,75.48332977294922,-105.8000030517578,1120.0,,0
10VB002,UNNAMED RIVER ABOVE WEST ARM OF WEATHERALL BAY,NU,75.71666717529297,-107.61666870117188,298.0,,0
10VB003,UNNAMED RIVER ABOVE SABINE BAY,NU,75.48332977294922,-108.6500015258789,1340.0,,0
10VB004,UNNAMED RIVER ABOVE WARREN POINT,NU,76.19999694824219,-108.4499969482422,193.0,,0
10VC001,ALLEN RIVER NEAR THE MOUTH,NU,74.84667205810547,-95.05860900878906,448.0,,0
10VC002,MECHAM RIVER NEAR RESOLUTE,NU,74.69122314453125,-94.80364227294922,86.80000305175781,,0
10VC003,CALEDONIAN RIVER ABOVE BRACEBRIDGE INLET,NU,75.61666870117188,-98.58332824707033,246.0,,0
10VC004,UNNAMED RIVER ABOVE GOODSIR INLET,NU,75.73332977294922,-98.11666870117188,580.0,,0
10VC005,UNNAMED RIVER ABOVE ALLISON INLET,NU,75.16667175292969,-99.3000030517578,293.0,,0
10VC006,UNNAMED RIVER ABOVE BRACEBRIDGE INLET,NU,75.69999694824219,-100.5500030517578,510.0,,0
10VC007,UNNAMED RIVER NEAR SCHOMBERG POINT,NU,75.5666732788086,-102.48332977294922,97.9000015258789,,0
10VC008,MARSHALL RIVER ABOVE ASSISTANCE BAY,NU,74.6833267211914,-94.1999969482422,109.0,,0
10VC009,SNOWBLIND CREEK ABOVE LAURA LAKES,NU,75.1833267211914,-93.9000015258789,347.0,,0
10VC010,ELEANOR RIVER ABOVE ELEANOR LAKE,NU,75.33332824707031,-94.21666717529295,666.0,,0
10VC011,ABBOTT RIVER ABOVE MIDSHIPMAN BAY,NU,75.23332977294922,-95.6833267211914,191.0,,0
10VC012,UNNAMED RIVER NEAR CAPE GELL,NU,75.58332824707031,-94.83332824707033,94.3000030517578,,0
10VC013,SNOWBIRD CREEK NEAR BRADFORD ISLAND,NU,75.63111114501953,-101.31722259521484,87.0,,0
10VC014,WHITE BEAR CREEK NEAR BRADFORD ISLAND,NU,75.65055847167969,-101.31722259521484,14.199999809265137,,0
10VH001,FALLS RIVER NEAR D'IBERVILLE FIORD,NU,80.60221862792969,-79.4111099243164,32.599998474121094,,0
10VK001,RUGGLES RIVER AT OUTLET LAKE HAZEN,NU,81.7941665649414,-70.44027709960938,,,0
11AA001,NORTH MILK RIVER NEAR INTERNATIONAL BOUNDARY,AB,49.0219612121582,-112.97293090820312,239.0,233.0,0
11AA002,NORTH MILK RIVER AT KNIGHT'S RANCH,AB,49.133331298828125,-112.66667175292967,622.0,588.0,0
11AA003,NORTH BRANCH OF MILK RIVER NEAR MACKIE'S RANCH,AB,49.133331298828125,-112.4000015258789,1110.0,1000.0,0
11AA004,MILK RIVER AT MACKIE'S RANCH,AB,49.08332824707031,-112.4000015258789,1190.0,1050.0,0
11AA005,MILK RIVER AT MILK RIVER,AB,49.14360046386719,-112.08170318603516,2720.0,2460.0,0
11AA006,MILK RIVER AT WRITING-ON-STONE POLICE DETACHMENT,AB,49.08332824707031,-111.6500015258789,4260.0,3290.0,0
11AA007,MILK RIVER AT PENDANT D'OREILLE POLICE DETACHMENT,AB,49.133331298828125,-111.03333282470705,5730.0,4560.0,0
11AA009,SAGE CREEK AT BJORDALS NEAR WILD HORSE,AB,49.0141716003418,-110.1999969482422,568.0,549.0,0
11AA010,DEER CREEK AT DICKINSON'S RANCH,AB,49.033329010009766,-111.54167175292967,18.899999618530277,18.899999618530277,0
11AA011,DEER CREEK AT DEER CREEK CATTLE CO.'S RANCH,AB,49.08332824707031,-111.5,29.5,29.5,0
11AA012,DEER CREEK CATTLE CO. WEST DITCH,AB,49.08332824707031,-111.5,32.900001525878906,,0
11AA013,DEER CREEK CATTLE CO. EAST DITCH,AB,49.08332824707031,-111.5,,,0
11AA022,DEER CREEK CATTLE CO. DITCH,AB,49.08332824707031,-111.5,,,0
11AA023,LINDSAY COULEE NEAR ONEFOUR POST OFFICE,AB,49.06388854980469,-110.4222183227539,26.899999618530277,26.899999618530277,0
11AA024,MAYNARD COULEE NEAR ONEFOUR POST OFFICE,AB,49.06943893432617,-110.4416732788086,20.5,20.5,0
11AA025,MILK RIVER AT WESTERN CROSSING OF INTERNATIONAL BOUNDARY,AB,49.00753021240234,-112.54589080810548,1050.0,942.0,0
11AA026,SAGE CREEK AT Q RANCH NEAR WILDHORSE,AB,49.10771942138672,-110.22367095947266,569.0,504.0,1
11AA027,SAGE CREEK NEAR INTERNATIONAL BOUNDARY,AB,49.00278091430664,-110.1916732788086,591.0,570.0,0
11AA028,BEAR CREEK NEAR INTERNATIONAL BOUNDARY,AB,49.025169372558594,-111.21581268310548,87.5999984741211,77.5,0
11AA029,MINERS COULEE NEAR INTERNATIONAL BOUNDARY,AB,49.0176887512207,-111.40355682373048,109.0,109.0,0
11AA030,MILK RIVER NEAR INTERNATIONAL BOUNDARY,MT,48.93333053588867,-112.8166732788086,747.0,739.0,0
11AA031,MILK RIVER AT EASTERN CROSSING OF INTERNATIONAL BOUNDARY,MT,48.97518157958984,-110.42294311523438,11700.0,5180.0,0
11AA032,NORTH FORK MILK RIVER ABOVE ST. MARY CANAL,MT,48.96350860595703,-113.0624008178711,158.0,151.0,0
11AA033,SOUTH FORK MILK RIVER NEAR BABB,MT,48.75389099121094,-113.16667175292967,181.0,174.0,0
11AA034,MILK RIVER NEAR WRITING-ON-STONE PARK,AB,49.08832931518555,-111.53472137451172,4390.0,3420.0,0
11AA035,MILK RIVER NEAR PENDANT D'OREILLE,AB,49.12361145019531,-110.8708267211914,6040.0,4860.0,0
11AA036,MILK RIVER AT HIGHWAY NO. 880,AB,49.14556121826172,-111.30528259277344,4990.0,4010.0,0
11AA037,RED CREEK AT HIGHWAY NO. 4,AB,49.04417037963867,-111.99527740478516,590.0,320.0,0
11AA038,VERDIGRIS COULEE NEAR THE MOUTH,AB,49.11103820800781,-111.75814056396484,356.0,16.100000381469727,0
11AA039,VERDIGRIS LAKE TRIBUTARY NEAR MILK RIVER,AB,49.22558975219727,-112.09149932861328,73.0,73.0,0
11AA040,BREED CREEK NEAR INTERNATIONAL BOUNDARY,AB,49.02917098999024,-111.28888702392578,,,0
11AB001,MIDDLE CREEK BELOW MIDDLE CREEK RESERVOIR,SK,49.41450119018555,-109.92147064208984,385.0,354.0,0
11AB003,BATTLE CREEK ABOVE GAFF DITCH,SK,49.43138885498047,-109.8455581665039,520.0,510.0,0
11AB004,TENMILE CREEK NEAR TENMILE POLICE DETACHMENT,SK,49.43333053588867,-109.8499984741211,79.80000305175781,79.30000305175781,0
11AB005,ADAMS CREEK AT SODERSTROM'S RANCH,SK,49.58332824707031,-109.76667022705078,62.900001525878906,54.59999847412109,0
11AB006,LODGE CREEK AT INTERNATIONAL BOUNDARY,SK,49.01667022705078,-109.75,1970.0,1720.0,0
11AB007,LODGE CREEK AT HARTT'S RANCH,AB,49.45832824707031,-110.33332824707033,183.0,183.0,0
11AB008,MIDDLE CREEK ABOVE LODGE CREEK,SK,49.10036087036133,-109.81761169433594,716.0,579.0,0
11AB009,MIDDLE CREEK NEAR THE SASKATCHEWAN BOUNDARY,AB,49.42536163330078,-110.05330657958984,305.0,297.0,0
11AB010,BATTLE CREEK AT NASH'S RANCH,SK,49.1875,-109.55555725097656,2120.0,1180.0,0
11AB011,BATTLE CREEK AT WILSON'S RANCH,SK,49.44166946411133,-109.66667175292967,663.0,649.0,0
11AB012,LINDNER BROS. DITCH NEAR BATTLE CREEK,SK,49.456668853759766,-109.83999633789062,,,0
11AB014,ADAMS CREEK AT SPANGLER'S RANCH,SK,49.5272216796875,-109.7861099243164,80.80000305175781,72.30000305175781,0
11AB015,BATTLE CREEK BELOW DIVERSION CANAL,SK,49.4363899230957,-109.58611297607422,764.0,750.0,0
11AB016,SPANGLER DITCH NEAR ADAMS CREEK,SK,49.533329010009766,-109.78333282470705,,,0
11AB018,NASHLYN CANAL NEAR CONSUL,SK,49.23249816894531,-109.55750274658205,,,0
11AB019,GAFF DITCH FROM BATTLE CREEK,SK,49.411109924316406,-109.79306030273438,,,0
11AB020,SHEPHERD DITCH NEAR CONSUL,SK,49.41378021240234,-109.74588775634766,,,0
11AB021,ENGLISH DITCH NEAR THELMA,AB,49.54167175292969,-110.29167175292967,,,0
11AB022,SHEPHERD BROS. EAST DITCH NEAR BATTLE CREEK,SK,49.43056106567383,-109.6972198486328,,,0
11AB023,LODGE CREEK AT HESTER'S RANCH,AB,49.24166870117188,-110.01667022705078,586.0,523.0,0
11AB024,WOOD AND ANDERSON WEST DITCH NEAR COULEE,SK,49.57917022705078,-109.8741683959961,,,0
11AB025,GILCHRIST BROS. DITCH NEAR CONSUL,SK,49.3638916015625,-109.54306030273438,,,0
11AB026,BADGER DITCH NEAR CONSUL,SK,49.12221908569336,-109.4222183227539,,,0
11AB027,BATTLE CREEK AT INTERNATIONAL BOUNDARY,SK,49.002418518066406,-109.4229736328125,2580.0,1610.0,0
11AB034,HAMMOND DITCH NEAR GOVENLOCK,SK,49.098609924316406,-109.8388900756836,,,0
11AB037,LESLIE EAST DITCH NEAR COULEE,SK,49.63056182861328,-109.81388854980467,,,0
11AB038,LESLIE WEST DITCH NEAR COULEE,SK,49.62916946411133,-109.81388854980467,,,0
11AB042,LYNCH DITCH NEAR GOVENLOCK,SK,49.13750076293945,-109.86666870117188,,,0
11AB043,MARSHALL AND GAFF DITCH AT BATTLE CREEK,SK,49.42193984985352,-109.82333374023438,,,0
11AB044,MCKINNON DITCH NEAR CONSUL,SK,49.33388900756836,-109.49421691894533,,,0
11AB051,MULL EAST DITCH,SK,49.57500076293945,-109.8083267211914,,,0
11AB052,MULL WEST DITCH,SK,49.57500076293945,-109.8166732788086,,,0
11AB053,PARSONAGE DITCH NEAR BATTLE CREEK,SK,49.525001525878906,-109.8499984741211,,,0
11AB054,PATTERSON DITCH NEAR BATTLE CREEK,SK,49.43333053588867,-109.84166717529295,,,0
11AB058,RICHARDSON DITCH NEAR CONSUL,SK,49.35943984985352,-109.53639221191406,,,0
11AB060,SPANGLER DITCH NEAR GOVENLOCK,SK,49.1539192199707,-109.91725158691406,,,0
11AB063,THELMA CREEK AT ENGLISH'S RANCH,AB,49.533329010009766,-110.28333282470705,33.20000076293945,33.20000076293945,0
11AB064,WILKES BROS. DITCH NEAR OXARAT,SK,49.44166946411133,-109.58332824707033,,,0
11AB065,WILSON DITCH NEAR BATTLE CREEK,SK,49.43027877807617,-109.6919403076172,,,0
11AB066,WOOD AND ANDERSON SOUTH DITCH NEAR COULEE,SK,49.57332992553711,-109.8491668701172,,,0
11AB067,WOOD AND ANDERSON NORTH DITCH NEAR COULEE,SK,49.57722091674805,-109.84500122070312,,,0
11AB070,MCRAE COULEE AT INTERNATIONAL BOUNDARY,SK,49.01667022705078,-109.7194366455078,157.0,154.0,0
11AB071,BUSHY COULEE NEAR CONSUL,SK,49.30443954467773,-109.45639038085938,339.0,124.0,0
11AB073,BATTLE CREEK BELOW WILKES' RANCH,SK,49.43333053588867,-109.58332824707033,787.0,772.0,0
11AB075,LYONS CREEK AT INTERNATIONAL BOUNDARY,SK,49.00531005859375,-109.23185729980467,174.0,136.0,1
11AB076,BATTLE CREEK ABOVE CYPRESS LAKE WEST INFLOW CANAL,SK,49.42889022827149,-109.68389129638672,658.0,643.0,0
11AB077,CYPRESS LAKE WEST OUTFLOW CANAL,SK,49.47066879272461,-109.5893096923828,,,0
11AB078,CYPRESS LAKE WEST INFLOW CANAL,SK,49.47172164916992,-109.61942291259766,,,0
11AB080,MIDDLE CREEK RESERVOIR,SK,49.40610885620117,-109.98388671875,370.0,340.0,0
11AB081,BATTLE CREEK AT RANGER STATION,SK,49.60110855102539,-109.92250061035156,205.0,205.0,0
11AB082,LODGE CREEK NEAR ALBERTA BOUNDARY,SK,49.20264053344727,-109.98489379882812,905.0,794.0,0
11AB083,LODGE CREEK BELOW MCRAE CREEK AT INTERNATIONAL BOUNDARY,SK,49.005638122558594,-109.7185287475586,2140.0,1880.0,0
11AB084,VIDORA DITCH NEAR CONSUL,SK,49.45750045776367,-109.59166717529295,,,0
11AB085,CYPRESS LAKE WEST INFLOW CANAL DRAIN,SK,49.47425079345703,-109.61225128173828,,,0
11AB086,WALBURGER COULEE BELOW DIVERSIONS,AB,49.29167175292969,-110.022216796875,84.4000015258789,25.399999618530277,0
11AB087,MIDDLE CREEK NEAR BATTLE CREEK,SK,49.40555953979492,-109.8727798461914,414.0,382.0,0
11AB088,LODGE CREEK BELOW SPANGLER PROJECT,SK,49.09722137451172,-109.83332824707033,1080.0,994.0,0
11AB089,ALTAWAN RESERVOIR NEAR GOVENLOCK,SK,49.16699981689453,-109.91768646240234,966.0,892.0,0
11AB090,REESOR RESERVOIR NEAR ELKWATER,AB,49.66114044189453,-110.0941925048828,3.549999952316284,3.549999952316284,0
11AB091,MICHEL RESERVOIR NEAR ELKWATER,AB,49.52714157104492,-110.36961364746094,21.799999237060547,21.799999237060547,0
11AB092,GREASEWOOD RESERVOIR NEAR ELKWATER,AB,49.48152923583984,-110.400390625,9.600000381469728,9.600000381469728,0
11AB093,YEAST RESERVOIR NEAR ELKWATER,AB,49.432498931884766,-110.2986068725586,2.539999961853028,2.539999961853028,0
11AB094,BARE CREEK RESERVOIR NEAR ELKWATER,AB,49.43478012084961,-110.39761352539062,24.100000381469727,24.100000381469727,0
11AB095,ADAMS LAKE,SK,49.64255905151367,-109.83718872070312,27.5,18.100000381469727,0
11AB096,BATTLE CREEK NEAR CONSUL,SK,49.28667068481445,-109.524169921875,1850.0,992.0,0
11AB097,CRESSDAY RESERVOIR NEAR CRESSDAY,AB,49.23397064208984,-110.26181030273438,54.59999847412109,50.0,0
11AB098,JAYDOT RESERVOIR NEAR JAYDOT,AB,49.175559997558594,-110.01444244384766,19.700000762939453,19.700000762939453,0
11AB099,MITCHELL RESERVOIR NEAR ELKWATER,AB,49.47452926635742,-110.08999633789062,60.29999923706055,60.29999923706055,0
11AB100,BATTLE CREEK ABOVE CYPRESS LAKE WEST OUTFLOW CANAL,SK,49.4647216796875,-109.60111236572266,756.0,743.0,0
11AB101,BATTLE CREEK BELOW NASHLYN PROJECT,SK,49.16366958618164,-109.4649429321289,2210.0,1260.0,0
11AB102,GAFF DITCH NEAR MERRYFLAT,SK,49.43283081054688,-109.83583068847656,,,0
11AB103,BUTALA COULEE NEAR WILLOW CREEK,SK,49.03614044189453,-109.8066864013672,102.0,86.5,0
11AB104,MASSY RESERVOIR NEAR ELKWATER,AB,49.46767044067383,-110.37085723876952,22.700000762939453,22.700000762939453,0
11AB105,WOODPILE COULEE NEAR INTERNATIONAL BOUNDARY,MT,48.98332977294922,-109.5305633544922,172.0,166.0,0
11AB107,EAST FORK BATTLE CREEK NEAR INTERNATIONAL BOUNDARY,MT,48.96667098999024,-109.13333129882812,182.0,175.0,0
11AB108,MIDDLE CREEK NEAR GOVENLOCK,SK,49.22808074951172,-109.81681060791016,655.0,519.0,0
11AB109,BUCHANAN DITCH NEAR GOVENLOCK,SK,49.17916870117188,-109.84583282470705,,,0
11AB110,STOKKE DITCH NEAR GOVENLOCK,SK,49.146671295166016,-109.8477783203125,,,0
11AB111,GRABURN CREEK NEAR THE MOUTH,AB,49.644439697265625,-110.02777862548828,42.0,42.0,0
11AB112,BATTLE CREEK BELOW GAFF DITCH,SK,49.41194152832031,-109.74305725097656,603.0,589.0,0
11AB113,MIDDLE CREEK RESERVOIR MAIN OUTLET,SK,49.40417098999024,-109.98332977294922,,340.0,0
11AB114,MIDDLE CREEK RESERVOIR BEDFORD OUTLET,SK,49.38444137573242,-109.9911117553711,370.0,,0
11AB115,MIDDLE CREEK RESERVOIR FLOOD SPILLWAY,SK,49.383888244628906,-109.99861145019533,370.0,,0
11AB116,VIDORA DITCH NEAR CONSUL (LOWER STATION),SK,49.37778091430664,-109.49832916259766,,,0
11AB117,BATTLE CREEK AT ALBERTA BOUNDARY,AB,49.64886093139648,-110.0050277709961,111.0,111.0,1
11AB118,BATTLE CREEK BELOW WILSON'S WEIR,SK,49.45014190673828,-109.6447525024414,681.0,666.0,0
11AB119,LODGE CREEK BELOW ALTAWAN RESERVOIR,SK,49.165828704833984,-109.915283203125,,,0
11AB902,LODGE CREEK AT HIGHWAY NO. 41,AB,49.41944122314453,-110.25556182861328,289.0,,0
11AC001,FRENCHMAN RIVER BELOW EASTEND RESERVOIR,SK,49.51499938964844,-108.83167266845705,1600.0,1540.0,0
11AC002,CONGLOMERATE CREEK AT CROSS RANCH,SK,49.56111145019531,-108.9250030517578,133.0,133.0,0
11AC003,FAIRWELL CREEK AT DRURY'S RANCH,SK,49.50693893432617,-109.22528076171876,342.0,342.0,0
11AC004,DAVIS CREEK AT DRURY'S RANCH,SK,49.50693893432617,-109.33332824707033,117.0,117.0,0
11AC005,ENRIGHT AND STRONG DITCH NEAR EASTEND,SK,49.508331298828125,-108.83999633789062,,,0
11AC006,BELANGER CREEK AT GARRISON'S RANCH,SK,49.54999923706055,-109.38333129882812,121.0,121.0,0
11AC007,LONEPINE CREEK AT HEWITT'S RANCH,SK,49.58832931518555,-109.46056365966795,9.579999923706056,9.25,0
11AC008,SUCKER CREEK AT GILCHRIST'S RANCH NEAR VIDORA,SK,49.48332977294922,-109.38333129882812,88.0999984741211,88.0999984741211,0
11AC009,OXARAT CREEK AT WYLIE'S RANCH,SK,49.49666976928711,-109.5963897705078,140.0,106.0,0
11AC010,FRENCHMAN RIVER AT HUFF'S RANCH,SK,49.363059997558594,-107.85832977294922,,2830.0,0
11AC011,BLACKTAIL CREEK AT GARISSERE'S RANCH,SK,49.5,-109.08332824707033,31.299999237060547,31.299999237060547,0
11AC014,MULE CREEK AT GUNN'S RANCH NEAR NUMMOLA,SK,49.42943954467773,-108.23332977294922,205.0,139.0,0
11AC015,ROSE CREEK AT DORRELL,SK,49.58610916137695,-108.88056182861328,26.899999618530277,26.899999618530277,0
11AC016,BELANGER CREEK ABOVE CYPRESS LAKE EAST INFLOW CANAL,SK,49.5,-109.3686065673828,162.0,162.0,0
11AC017,FRENCHMAN RIVER AT RAVENSCRAG,SK,49.49177932739258,-109.08882904052734,1207.0,1169.0,0
11AC018,FRENCHMAN RIVER ABOVE EASTEND RESERVOIR,SK,49.49028015136719,-109.0,1500.0,1470.0,0
11AC019,WYLIE DITCH NEAR OXARAT,SK,49.48611068725586,-109.5944366455078,,,0
11AC020,KOKOTT DITCH NEAR EASTEND,SK,49.6138916015625,-108.94444274902344,,,0
11AC021,BOLINGBROKE DITCH NEAR EASTEND,SK,49.54721832275391,-108.97222137451172,,,0
11AC022,FRENCHMAN RIVER NEAR BELANGER,SK,49.48332977294922,-109.3499984741211,554.0,523.0,0
11AC023,FRENCHMAN RIVER AT 50-MILE,SK,49.4102783203125,-108.0124969482422,3080.0,2670.0,0
11AC024,BATE CREEK AT BATE'S RANCH,SK,49.452781677246094,-108.147216796875,22.0,21.0,0
11AC025,DENNIEL CREEK NEAR VAL MARIE,SK,49.3072509765625,-107.70368957519533,494.0,475.0,0
11AC026,BREED CREEK NEAR BUZZARD'S RANCH,SK,49.10277938842773,-107.40666961669922,300.0,252.0,0
11AC027,FRENCHMAN RIVER AT BUZZARD'S RANCH,SK,49.09999847412109,-107.4000015258789,5180.0,4300.0,0
11AC028,LITTLE BREED CREEK NEAR BUZZARD'S RANCH,SK,49.11249923706055,-107.37667083740234,159.0,159.0,0
11AC029,FRENCHMAN RIVER AT WALKER'S,SK,49.0513916015625,-107.35388946533205,5390.0,4490.0,0
11AC030,ARMSTRONG EAST DITCH NEAR MURRAYDALE,SK,49.62778091430664,-109.20832824707033,,,0
11AC031,ARMSTRONG WEST DITCH NEAR MURRAYDALE,SK,49.61943817138672,-109.2194366455078,,,0
11AC032,BARROBY DITCH NEAR RAVENSCRAG,SK,49.5111083984375,-109.03888702392578,,,0
11AC034,BATE SOUTH DITCH,SK,49.45000076293945,-108.1500015258789,,,0
11AC035,CATON DITCH NEAR RAVENSCRAG,SK,49.50556182861328,-109.24722290039062,,,0
11AC036,CLARKE AND THOMPSON DITCH NEAR EASTEND,SK,49.536109924316406,-108.81111145019533,,,0
11AC037,CYPRESS LAKE,SK,49.47692108154297,-109.39618682861328,367.0,333.0,0
11AC038,CYPRESS LAKE NEAR CONSUL (NORTH STATION),SK,49.48332977294922,-109.46666717529295,,333.0,0
11AC040,FRENCHMAN RIVER AT DRURY'S RANCH,SK,49.497779846191406,-109.32167053222656,565.0,530.0,0
11AC041,FRENCHMAN RIVER AT INTERNATIONAL BOUNDARY,SK,49.00014114379883,-107.3022232055664,5510.0,4630.0,0
11AC042,KEARNEY BROTHERS DITCH NEAR KEALEY SPRINGS,SK,49.65555953979492,-109.102783203125,,,0
11AC043,MORRISON DITCH NEAR EASTEND,SK,49.46110916137695,-108.7027816772461,,,0
11AC044,STRONG EAST DITCH NEAR EASTEND,SK,49.4888916015625,-108.7972183227539,,,0
11AC045,STRONG WEST DITCH NEAR EASTEND,SK,49.4888916015625,-108.7972183227539,,,0
11AC046,TENAILLE DITCH NEAR KLINTONEL,SK,49.65277862548828,-108.9222183227539,,,0
11AC047,PEARSE DITCH NEAR RAVENSCRAG,SK,49.536109924316406,-109.0250015258789,,,0
11AC050,GILCHRIST BROS. DAVIS CREEK DITCH NEAR VIDORA,SK,49.50556182861328,-109.336669921875,,,0
11AC051,FRENCHMAN RIVER BELOW VAL MARIE,SK,49.19443893432617,-107.6866683959961,4470.0,3680.0,0
11AC052,EASTEND CANAL NEAR EASTEND,SK,49.50556182861328,-108.85028076171876,,,0
11AC053,EASTEND IRRIGATION DISTRICT LATERAL CANAL AT EASTEND,SK,49.51667022705078,-108.83332824707033,,,0
11AC054,NEWTON LAKE MAIN CANAL,SK,49.30500030517578,-107.8013916015625,,,0
11AC055,EASTEND RESERVOIR,SK,49.50667190551758,-108.85305786132812,1600.0,1540.0,0
11AC056,NEWTON LAKE,SK,49.30329895019531,-107.80696868896484,3490.0,2960.0,0
11AC057,FRENCHMAN RIVER BELOW EASTEND IRRIGATION PROJECT,SK,49.40943908691406,-108.60138702392578,2140.0,1960.0,0
11AC059,BELANGER CREEK BELOW CYPRESS LAKE EAST INFLOW CANAL,SK,49.49721908569336,-109.3647232055664,162.0,162.0,0
11AC060,CYPRESS LAKE EAST OUTFLOW CANAL,SK,49.48667144775391,-109.35305786132812,,,0
11AC062,FRENCHMAN RIVER BELOW NEWTON LAKE,SK,49.30194091796875,-107.80555725097656,3490.0,2960.0,0
11AC063,HUFF LAKE,SK,49.37110900878906,-107.8852767944336,3300.0,2800.0,0
11AC064,BELANGER CREEK DIVERSION TO CYPRESS LAKE,SK,49.49443817138672,-109.36499786376952,,,0
11AC065,HUFF LAKE GRAVITY CANAL,SK,49.36693954467773,-107.87650299072266,,,0
11AC066,HUFF LAKE PUMPING CANAL,SK,49.3720817565918,-107.8852767944336,,,0
11AC067,FRENCHMAN RIVER AT HIGHWAY NO. 37,SK,49.334720611572266,-108.41555786132812,2350.0,2110.0,0
11AC068,VAL MARIE PUMP NO. 1,SK,49.36238861083984,-107.84928131103516,,,0
11AC069,VAL MARIE PUMP NO. 2,SK,49.35036087036133,-107.8302230834961,,,0
11AC070,FRENCHMAN RIVER NEAR ROSEFIELD,SK,49.15277862548828,-107.5305633544922,4660.0,3870.0,0
11AC071,FRENCHMAN RIVER BELOW MULE CREEK,SK,49.41527938842773,-108.2058334350586,2870.0,2490.0,0
11AC072,CYPRESS LAKE EAST INFLOW CANAL NEAR VIDORA,SK,49.50971984863281,-109.37222290039062,,,0
11AC073,DENNIEL CREEK EAST TRIBUTARY NEAR VAL MARIE,SK,49.26166915893555,-107.68193817138672,118.0,118.0,0
11AD001,WHITEWATER CREEK NEAR INTERNATIONAL BOUNDARY,MT,48.95000076293945,-107.86666870117188,3190.0,,0
11AD002,BROWN DITCH NEAR DIVIDE,SK,49.15999984741211,-109.13722229003906,,,0
11AE001,MCEACHERN CREEK AT MCCOY'S RANCH,SK,49.00278091430664,-106.93888854980467,319.0,319.0,0
11AE002,WEST FORK POPLAR RIVER AT INTERNATIONAL BOUNDARY,SK,49.00027847290039,-106.36721801757812,319.0,319.0,0
11AE003,EAST POPLAR RIVER AT INTERNATIONAL BOUNDARY,SK,48.99956893920898,-105.40895080566406,1400.0,755.0,0
11AE004,BOWREY DITCH NEAR BARNARD,MT,48.9888916015625,-106.790283203125,,,0
11AE005,ROCK CREEK AT INTERNATIONAL BOUNDARY,MT,48.9888916015625,-106.79167175292967,606.0,603.0,0
11AE006,HORSE CREEK AT INTERNATIONAL BOUNDARY,MT,48.9888916015625,-106.83611297607422,196.0,196.0,0
11AE007,MCEACHERN CREEK AT INTERNATIONAL BOUNDARY,MT,48.99166870117188,-106.9277801513672,445.0,445.0,0
11AE008,POPLAR RIVER AT INTERNATIONAL BOUNDARY,MT,48.99028015136719,-105.69611358642578,928.0,928.0,0
11AE009,ROCK CREEK BELOW HORSE CREEK NEAR INTERNATIONAL BOUNDARY,MT,48.96944046020508,-106.8388900756836,837.0,830.0,0
11AE010,HAY MEADOW CREEK NEAR LISIEUX,SK,49.27027893066406,-105.9727783203125,187.0,187.0,0
11AE011,EAST POPLAR RIVER AT MORRISON DAM,SK,49.0283317565918,-105.43167114257812,,740.0,0
11AE012,COW CREEK NEAR INTERNATIONAL BOUNDARY,SK,49.0283317565918,-105.3188934326172,135.0,107.0,0
11AE013,COOKSON RESERVOIR NEAR CORONACH,SK,49.057498931884766,-105.47471618652344,1370.0,740.0,0
11AE014,EAST POPLAR RIVER ABOVE COOKSON RESERVOIR,SK,49.23083114624024,-105.54332733154295,143.0,132.0,0
11AE015,GIRARD CREEK NEAR CORONACH,SK,49.11249923706055,-105.56443786621094,880.0,269.0,0
11AE016,FIFE LAKE NEAR LISIEUX,SK,49.23944091796875,-105.8486099243164,604.0,548.0,0
11AE018,POPLAR RIVER ABOVE BOLSTER CREEK,SK,49.103328704833984,-106.0199966430664,308.0,,0
11AF001,WILLOW BUNCH LAKE NEAR VICEROY,SK,49.43333053588867,-105.4000015258789,,578.0,0
11AF002,BIG MUDDY CREEK AT INTERNATIONAL BOUNDARY,SK,49.008331298828125,-104.8611068725586,88.5999984741211,85.19999694824219,0
11AF004,BEAVER CREEK NEAR INTERNATIONAL BOUNDARY,MT,48.9888916015625,-105.0111083984375,458.0,448.0,0
11AF005,BEAVER CREEK AT INTERNATIONAL BOUNDARY,SK,49.0,-105.03500366210938,387.0,375.0,0
